Copyright 1986-2022 Xilinx, Inc. All Rights Reserved. Copyright 2022-2023 Advanced Micro Devices, Inc. All Rights Reserved.
--------------------------------------------------------------------------------------------------------------------------------------------------
| Tool Version      : Vivado v.2023.2 (lin64) Build 4029153 Fri Oct 13 20:13:54 MDT 2023
| Date              : Thu Oct  1 19:05:00 2026
| Host              : yijie running 64-bit Ubuntu 24.04.5 LTS
| Command           : report_timing_summary -file build/rdma_ofdm4g_m2_timing_summary.rpt
| Design            : rdma_ofdm_top
| Device            : xczu48dr-ffvg1517
| Speed File        : -2  PRODUCTION 1.32 01-31-2021
| Design State      : Physopt postRoute
| Temperature Grade : E
--------------------------------------------------------------------------------------------------------------------------------------------------

Timing Summary Report

------------------------------------------------------------------------------------------------
| Timer Settings
| --------------
------------------------------------------------------------------------------------------------

  Enable Multi Corner Analysis               :  Yes
  Enable Pessimism Removal                   :  Yes
  Pessimism Removal Resolution               :  Nearest Common Node
  Enable Input Delay Default Clock           :  No
  Enable Preset / Clear Arcs                 :  No
  Disable Flight Delays                      :  No
  Ignore I/O Paths                           :  No
  Timing Early Launch at Borrowing Latches   :  No
  Borrow Time for Max Delay Exceptions       :  Yes
  Merge Timing Exceptions                    :  Yes
  Inter-SLR Compensation                     :  Conservative

  Corner  Analyze    Analyze    
  Name    Max Paths  Min Paths  
  ------  ---------  ---------  
  Slow    Yes        Yes        
  Fast    Yes        Yes        


------------------------------------------------------------------------------------------------
| Report Methodology
| ------------------
------------------------------------------------------------------------------------------------

Rule       Severity  Description                                 Violations  
---------  --------  ------------------------------------------  ----------  
LUTAR-1    Warning   LUT drives async reset alert                50          
SYNTH-15   Warning   Byte wide write enable not inferred         512         
TIMING-9   Warning   Unknown CDC Logic                           1           
TIMING-24  Warning   Overridden Max delay datapath only          9           
XDCB-1     Warning   Runtime intensive exceptions                1           
CLKC-56    Advisory  MMCME4 with global clock driver has no LOC  1           
RTGT-1     Advisory  RAM retargeting possibility                 10          

Note: This report is based on the most recent report_methodology run and may not be up-to-date. Run report_methodology on the current design for the latest report.



check_timing report

Table of Contents
-----------------
1. checking no_clock (0)
2. checking constant_clock (0)
3. checking pulse_width_clock (0)
4. checking unconstrained_internal_endpoints (0)
5. checking no_input_delay (1)
6. checking no_output_delay (1)
7. checking multiple_clock (0)
8. checking generated_clocks (0)
9. checking loops (0)
10. checking partial_input_delay (0)
11. checking partial_output_delay (0)
12. checking latch_loops (0)

1. checking no_clock (0)
------------------------
 There are 0 register/latch pins with no clock.


2. checking constant_clock (0)
------------------------------
 There are 0 register/latch pins with constant_clock.


3. checking pulse_width_clock (0)
---------------------------------
 There are 0 register/latch pins which need pulse_width check


4. checking unconstrained_internal_endpoints (0)
------------------------------------------------
 There are 0 pins that are not constrained for maximum delay.

 There are 0 pins that are not constrained for maximum delay due to constant clock.


5. checking no_input_delay (1)
------------------------------
 There are 0 input ports with no input delay specified.

 There is 1 input port with no input delay but user has a false path constraint. (MEDIUM)


6. checking no_output_delay (1)
-------------------------------
 There is 1 port with no output delay specified. (HIGH)

 There are 0 ports with no output delay but user has a false path constraint

 There are 0 ports with no output delay but with a timing clock defined on it or propagating through it


7. checking multiple_clock (0)
------------------------------
 There are 0 register/latch pins with multiple clocks.


8. checking generated_clocks (0)
--------------------------------
 There are 0 generated clocks that are not connected to a clock source.


9. checking loops (0)
---------------------
 There are 0 combinational loops in the design.


10. checking partial_input_delay (0)
------------------------------------
 There are 0 input ports with partial input delay specified.


11. checking partial_output_delay (0)
-------------------------------------
 There are 0 ports with partial output delay specified.


12. checking latch_loops (0)
----------------------------
 There are 0 combinational latch loops in the design through latch input



------------------------------------------------------------------------------------------------
| Design Timing Summary
| ---------------------
------------------------------------------------------------------------------------------------

    WNS(ns)      TNS(ns)  TNS Failing Endpoints  TNS Total Endpoints      WHS(ns)      THS(ns)  THS Failing Endpoints  THS Total Endpoints     WPWS(ns)     TPWS(ns)  TPWS Failing Endpoints  TPWS Total Endpoints  
    -------      -------  ---------------------  -------------------      -------      -------  ---------------------  -------------------     --------     --------  ----------------------  --------------------  
      0.005        0.000                      0              1020026        0.009        0.000                      0              1018532        0.039        0.000                       0                331359  


All user specified timing constraints are met.


------------------------------------------------------------------------------------------------
| Clock Summary
| -------------
------------------------------------------------------------------------------------------------

Clock                                                                                                Waveform(ns)             Period(ns)      Frequency(MHz)
-----                                                                                                ------------             ----------      --------------
PL_CLK                                                                                               {0.000 1.000}            2.000           500.000         
  clk_out1_mts_mmcm_rf_0                                                                             {0.000 1.000}            2.000           500.000         
  clk_out2_mts_mmcm_rf_0                                                                             {0.000 2.000}            4.000           250.000         
  clkfbout_mts_mmcm_rf_0                                                                             {0.000 1.000}            2.000           500.000         
RFADC0_CLK                                                                                           {0.000 2.000}            4.000           250.000         
RFADC1_CLK                                                                                           {0.000 2.000}            4.000           250.000         
RFADC2_CLK                                                                                           {0.000 2.000}            4.000           250.000         
RFADC3_CLK                                                                                           {0.000 2.000}            4.000           250.000         
RFDAC0_CLK                                                                                           {0.000 2.000}            4.000           250.000         
RFDAC1_CLK                                                                                           {0.000 2.000}            4.000           250.000         
RFDAC2_CLK                                                                                           {0.000 2.000}            4.000           250.000         
RFDAC3_CLK                                                                                           {0.000 2.000}            4.000           250.000         
c0_sys_clk_p                                                                                         {0.000 2.499}            4.998           200.080         
  mmcm_clkout0                                                                                       {0.000 1.666}            3.332           300.120         
    pll_clk[0]                                                                                       {0.000 0.208}            0.417           2400.960        
      pll_clk[0]_DIV                                                                                 {0.000 1.666}            3.332           300.120         
    pll_clk[1]                                                                                       {0.000 0.208}            0.417           2400.960        
      pll_clk[1]_DIV                                                                                 {0.000 1.666}            3.332           300.120         
    pll_clk[2]                                                                                       {0.000 0.208}            0.417           2400.960        
      pll_clk[2]_DIV                                                                                 {0.000 1.666}            3.332           300.120         
  mmcm_clkout5                                                                                       {0.000 6.664}            13.328          75.030          
  mmcm_clkout6                                                                                       {0.000 3.332}            6.664           150.060         
clk_100                                                                                              {0.000 5.000}            10.000          100.000         
  clk_100_mmcm                                                                                       {0.000 5.000}            10.000          100.000         
  clk_125_mmcm                                                                                       {0.000 4.000}            8.000           125.000         
  clk_200_mmcm                                                                                       {0.000 2.500}            5.000           200.000         
clk_pl_0                                                                                             {0.000 5.000}            10.000          100.000         
dbg_hub/inst/BSCANID.u_xsdbm_id/SWITCH_N_EXT_BSCAN.bscan_inst/SERIES7_BSCAN.bscan_inst/INTERNAL_TCK  {0.000 25.000}           50.000          20.000          
qsfp0_mgt_refclk_0_p                                                                                 {0.000 3.200}            6.400           156.250         
  qpll0outclk_out[0]                                                                                 {0.000 0.039}            0.078           12890.630       
    GTYE4_CHANNEL_TXOUTCLKPCS[0]                                                                     {0.000 1.552}            3.103           322.266         
    GTYE4_CHANNEL_TXOUTCLKPCS[1]                                                                     {0.000 1.552}            3.103           322.266         
    GTYE4_CHANNEL_TXOUTCLKPCS[2]                                                                     {0.000 1.552}            3.103           322.266         
    GTYE4_CHANNEL_TXOUTCLKPCS[3]                                                                     {0.000 1.552}            3.103           322.266         
    rxoutclk_out[0]                                                                                  {0.000 1.552}            3.103           322.266         
    txoutclk_out[0]                                                                                  {0.000 1.552}            3.103           322.266         
  qpll0outrefclk_out[0]                                                                              {0.000 3.200}            6.400           156.250         


------------------------------------------------------------------------------------------------
| Intra Clock Table
| -----------------
------------------------------------------------------------------------------------------------

Clock                                                                                                    WNS(ns)      TNS(ns)  TNS Failing Endpoints  TNS Total Endpoints      WHS(ns)      THS(ns)  THS Failing Endpoints  THS Total Endpoints     WPWS(ns)     TPWS(ns)  TPWS Failing Endpoints  TPWS Total Endpoints  
-----                                                                                                    -------      -------  ---------------------  -------------------      -------      -------  ---------------------  -------------------     --------     --------  ----------------------  --------------------  
PL_CLK                                                                                                     0.288        0.000                      0                  163        0.049        0.000                      0                  163        0.100        0.000                       0                   133  
  clk_out1_mts_mmcm_rf_0                                                                                   0.014        0.000                      0                19466        0.016        0.000                      0                19466        0.350        0.000                       0                  7746  
  clk_out2_mts_mmcm_rf_0                                                                                   0.005        0.000                      0               540574        0.009        0.000                      0               540574        1.300        0.000                       0                162743  
  clkfbout_mts_mmcm_rf_0                                                                                                                                                                                                                               0.710        0.000                       0                     3  
c0_sys_clk_p                                                                                               3.285        0.000                      0                   23        0.050        0.000                      0                   23        0.750        0.000                       0                    19  
  mmcm_clkout0                                                                                             0.043        0.000                      0               139731        0.010        0.000                      0               139731        0.500        0.000                       0                 50921  
    pll_clk[0]                                                                                                                                                                                                                                         0.039        0.000                       0                     9  
      pll_clk[0]_DIV                                                                                                                                                                                                                                   0.466        0.000                       0                    40  
    pll_clk[1]                                                                                                                                                                                                                                         0.039        0.000                       0                     9  
      pll_clk[1]_DIV                                                                                                                                                                                                                                   0.466        0.000                       0                    25  
    pll_clk[2]                                                                                                                                                                                                                                         0.039        0.000                       0                     9  
      pll_clk[2]_DIV                                                                                                                                                                                                                                   0.466        0.000                       0                    40  
  mmcm_clkout5                                                                                             8.425        0.000                      0                 7963        0.013        0.000                      0                 7963        6.122        0.000                       0                  3640  
  mmcm_clkout6                                                                                             1.502        0.000                      0                 5713        0.018        0.000                      0                 5185        1.085        0.000                       0                  1747  
clk_100                                                                                                                                                                                                                                                2.000        0.000                       0                     1  
  clk_100_mmcm                                                                                             6.197        0.000                      0                 2498        0.020        0.000                      0                 2498        4.458        0.000                       0                  1023  
  clk_125_mmcm                                                                                             6.476        0.000                      0                  395        0.042        0.000                      0                  395        3.725        0.000                       0                   261  
  clk_200_mmcm                                                                                             0.062        0.000                      0               184921        0.010        0.000                      0               184921        1.800        0.000                       0                 58817  
clk_pl_0                                                                                                   0.820        0.000                      0                86620        0.010        0.000                      0                86620        3.400        0.000                       0                 32907  
dbg_hub/inst/BSCANID.u_xsdbm_id/SWITCH_N_EXT_BSCAN.bscan_inst/SERIES7_BSCAN.bscan_inst/INTERNAL_TCK       14.587        0.000                      0                 1007        0.013        0.000                      0                 1007       24.468        0.000                       0                   491  
    GTYE4_CHANNEL_TXOUTCLKPCS[0]                                                                           1.774        0.000                      0                   34        0.150        0.000                      0                   34        1.277        0.000                       0                    15  
    GTYE4_CHANNEL_TXOUTCLKPCS[1]                                                                           1.892        0.000                      0                   34        0.116        0.000                      0                   34        1.277        0.000                       0                    15  
    GTYE4_CHANNEL_TXOUTCLKPCS[2]                                                                           1.887        0.000                      0                   34        0.116        0.000                      0                   34        1.277        0.000                       0                    15  
    GTYE4_CHANNEL_TXOUTCLKPCS[3]                                                                           1.995        0.000                      0                   34        0.098        0.000                      0                   34        1.277        0.000                       0                    15  
    rxoutclk_out[0]                                                                                        1.165        0.000                      0                  969        0.027        0.000                      0                  969        0.454        0.000                       0                   666  
    txoutclk_out[0]                                                                                        0.017        0.000                      0                22738        0.012        0.000                      0                22738        0.543        0.000                       0                 10049  


------------------------------------------------------------------------------------------------
| Inter Clock Table
| -----------------
------------------------------------------------------------------------------------------------

From Clock                                                                                           To Clock                                                                                                 WNS(ns)      TNS(ns)  TNS Failing Endpoints  TNS Total Endpoints      WHS(ns)      THS(ns)  THS Failing Endpoints  THS Total Endpoints  
----------                                                                                           --------                                                                                                 -------      -------  ---------------------  -------------------      -------      -------  ---------------------  -------------------  
PL_CLK                                                                                               clk_out1_mts_mmcm_rf_0                                                                                     0.726        0.000                      0                    1        0.453        0.000                      0                    1  
clk_out2_mts_mmcm_rf_0                                                                               clk_out1_mts_mmcm_rf_0                                                                                     0.230        0.000                      0                 1051        0.019        0.000                      0                  514  
clk_out1_mts_mmcm_rf_0                                                                               clk_out2_mts_mmcm_rf_0                                                                                     0.009        0.000                      0                 1562        0.033        0.000                      0                  513  
clk_pl_0                                                                                             clk_out2_mts_mmcm_rf_0                                                                                     8.853        0.000                      0                  100                                                                        
mmcm_clkout5                                                                                         mmcm_clkout0                                                                                               2.231        0.000                      0                   28                                                                        
mmcm_clkout6                                                                                         mmcm_clkout0                                                                                               1.092        0.000                      0                  133                                                                        
clk_200_mmcm                                                                                         mmcm_clkout0                                                                                               3.889        0.000                      0                  150                                                                        
mmcm_clkout0                                                                                         pll_clk[0]_DIV                                                                                             0.620        0.000                      0                  352        0.532        0.000                      0                  352  
mmcm_clkout0                                                                                         pll_clk[1]_DIV                                                                                             0.602        0.000                      0                  224        0.707        0.000                      0                  224  
mmcm_clkout0                                                                                         pll_clk[2]_DIV                                                                                             0.545        0.000                      0                  352        0.663        0.000                      0                  352  
mmcm_clkout0                                                                                         mmcm_clkout5                                                                                              11.476        0.000                      0                   10                                                                        
clk_100_mmcm                                                                                         mmcm_clkout5                                                                                               9.436        0.000                      0                   24                                                                        
clk_200_mmcm                                                                                         mmcm_clkout5                                                                                               4.319        0.000                      0                   24                                                                        
dbg_hub/inst/BSCANID.u_xsdbm_id/SWITCH_N_EXT_BSCAN.bscan_inst/SERIES7_BSCAN.bscan_inst/INTERNAL_TCK  mmcm_clkout5                                                                                              49.531        0.000                      0                    8                                                                        
mmcm_clkout0                                                                                         mmcm_clkout6                                                                                               1.177        0.000                      0                   36        0.483        0.000                      0                    1  
mmcm_clkout5                                                                                         clk_100_mmcm                                                                                             999.517        0.000                      0                   24                                                                        
clk_200_mmcm                                                                                         clk_100_mmcm                                                                                               4.044        0.000                      0                   56                                                                        
mmcm_clkout0                                                                                         clk_200_mmcm                                                                                               2.184        0.000                      0                  150                                                                        
mmcm_clkout5                                                                                         clk_200_mmcm                                                                                             999.469        0.000                      0                   24                                                                        
clk_100_mmcm                                                                                         clk_200_mmcm                                                                                               3.358        0.000                      0                   79        0.127        0.000                      0                    1  
txoutclk_out[0]                                                                                      clk_200_mmcm                                                                                               2.022        0.000                      0                   29                                                                        
clk_out2_mts_mmcm_rf_0                                                                               clk_pl_0                                                                                                   2.713        0.000                      0                  100                                                                        
mmcm_clkout5                                                                                         dbg_hub/inst/BSCANID.u_xsdbm_id/SWITCH_N_EXT_BSCAN.bscan_inst/SERIES7_BSCAN.bscan_inst/INTERNAL_TCK       12.858        0.000                      0                    8                                                                        
clk_200_mmcm                                                                                         txoutclk_out[0]                                                                                            4.531        0.000                      0                   29                                                                        


------------------------------------------------------------------------------------------------
| Other Path Groups Table
| -----------------------
------------------------------------------------------------------------------------------------

Path Group                                                                                           From Clock                                                                                           To Clock                                                                                                 WNS(ns)      TNS(ns)  TNS Failing Endpoints  TNS Total Endpoints      WHS(ns)      THS(ns)  THS Failing Endpoints  THS Total Endpoints  
----------                                                                                           ----------                                                                                           --------                                                                                                 -------      -------  ---------------------  -------------------      -------      -------  ---------------------  -------------------  
**async_default**                                                                                    clk_200_mmcm                                                                                         clk_200_mmcm                                                                                               2.094        0.000                      0                  745        0.095        0.000                      0                  745  
**async_default**                                                                                    clk_out1_mts_mmcm_rf_0                                                                               clk_out1_mts_mmcm_rf_0                                                                                     0.073        0.000                      0                  204        0.410        0.000                      0                  204  
**async_default**                                                                                    clk_out1_mts_mmcm_rf_0                                                                               clk_out2_mts_mmcm_rf_0                                                                                     0.273        0.000                      0                    2        0.264        0.000                      0                    2  
**async_default**                                                                                    clk_out2_mts_mmcm_rf_0                                                                               clk_out2_mts_mmcm_rf_0                                                                                     1.628        0.000                      0                  929        0.074        0.000                      0                  929  
**async_default**                                                                                    clk_pl_0                                                                                             clk_pl_0                                                                                                   6.556        0.000                      0                  861        0.088        0.000                      0                  861  
**async_default**                                                                                    dbg_hub/inst/BSCANID.u_xsdbm_id/SWITCH_N_EXT_BSCAN.bscan_inst/SERIES7_BSCAN.bscan_inst/INTERNAL_TCK  dbg_hub/inst/BSCANID.u_xsdbm_id/SWITCH_N_EXT_BSCAN.bscan_inst/SERIES7_BSCAN.bscan_inst/INTERNAL_TCK       47.223        0.000                      0                  100        0.080        0.000                      0                  100  
**async_default**                                                                                    mmcm_clkout0                                                                                         mmcm_clkout0                                                                                               1.180        0.000                      0                 1221        0.033        0.000                      0                 1221  
**async_default**                                                                                    mmcm_clkout5                                                                                         mmcm_clkout5                                                                                              12.070        0.000                      0                  122        0.109        0.000                      0                  122  
**async_default**                                                                                    txoutclk_out[0]                                                                                      txoutclk_out[0]                                                                                            1.379        0.000                      0                    1        0.650        0.000                      0                    1  


------------------------------------------------------------------------------------------------
| Timing Details
| --------------
------------------------------------------------------------------------------------------------


---------------------------------------------------------------------------------------------------
From Clock:  PL_CLK
  To Clock:  PL_CLK

Setup :            0  Failing Endpoints,  Worst Slack        0.288ns,  Total Violation        0.000ns
Hold  :            0  Failing Endpoints,  Worst Slack        0.049ns,  Total Violation        0.000ns
PW    :            0  Failing Endpoints,  Worst Slack        0.100ns,  Total Violation        0.000ns
---------------------------------------------------------------------------------------------------


Max Delay Paths
--------------------------------------------------------------------------------------
Slack (MET) :             0.288ns  (required time - arrival time)
  Source:                 rf_bd/mts_i/mts_sync_0/inst/sysref_pl_reg/C
                            (rising edge-triggered cell FDRE clocked by PL_CLK  {rise@0.000ns fall@1.000ns period=2.000ns})
  Destination:            rf_bd/mts_i/clk_meter_0/inst/sysref_count_reg[24]/CE
                            (rising edge-triggered cell FDRE clocked by PL_CLK  {rise@0.000ns fall@1.000ns period=2.000ns})
  Path Group:             PL_CLK
  Path Type:              Setup (Max at Slow Process Corner)
  Requirement:            2.000ns  (PL_CLK rise@2.000ns - PL_CLK rise@0.000ns)
  Data Path Delay:        1.673ns  (logic 0.169ns (10.100%)  route 1.504ns (89.900%))
  Logic Levels:           1  (LUT2=1)
  Clock Path Skew:        0.057ns (DCD - SCD + CPR)
    Destination Clock Delay (DCD):    2.650ns = ( 4.650 - 2.000 ) 
    Source Clock Delay      (SCD):    2.835ns
    Clock Pessimism Removal (CPR):    0.241ns
  Clock Uncertainty:      0.035ns  ((TSJ^2 + TIJ^2)^1/2 + DJ) / 2 + PE
    Total System Jitter     (TSJ):    0.071ns
    Total Input Jitter      (TIJ):    0.000ns
    Discrete Jitter          (DJ):    0.000ns
    Phase Error              (PE):    0.000ns
  Clock Net Delay (Source):      1.655ns (routing 0.671ns, distribution 0.984ns)
  Clock Net Delay (Destination): 1.652ns (routing 0.611ns, distribution 1.041ns)

    Location             Delay type                Incr(ns)  Path(ns)    Netlist Resource(s)
  -------------------------------------------------------------------    -------------------
                         (clock PL_CLK rise edge)     0.000     0.000 r  
    AN11                                              0.000     0.000 r  PL_CLK_clk_p[0] (IN)
                         net (fo=0)                   0.100     0.100    rf_bd/mts_i/ibufds_pl_clk/U0/USE_IBUFDS.GEN_IBUFDS[0].IBUFDS_I/I
    HPIOBDIFFINBUF_X0Y34 DIFFINBUF (Prop_DIFFINBUF_HPIOBDIFFINBUF_DIFF_IN_P_O)
                                                      0.666     0.766 r  rf_bd/mts_i/ibufds_pl_clk/U0/USE_IBUFDS.GEN_IBUFDS[0].IBUFDS_I/DIFFINBUF_INST/O
                         net (fo=1, routed)           0.050     0.816    rf_bd/mts_i/ibufds_pl_clk/U0/USE_IBUFDS.GEN_IBUFDS[0].IBUFDS_I/OUT
    AN11                 IBUFCTRL (Prop_IBUFCTRL_HPIOB_M_I_O)
                                                      0.000     0.816 r  rf_bd/mts_i/ibufds_pl_clk/U0/USE_IBUFDS.GEN_IBUFDS[0].IBUFDS_I/IBUFCTRL_INST/O
                         net (fo=1, routed)           0.336     1.152    rf_bd/mts_i/bufg_pl_clk/U0/BUFG_I[0]
    BUFGCE_X0Y36         BUFGCE (Prop_BUFCE_BUFGCE_I_O)
                                                      0.028     1.180 r  rf_bd/mts_i/bufg_pl_clk/U0/USE_BUFG.GEN_BUFG[0].BUFG_U/O
    X3Y2 (CLOCK_ROOT)    net (fo=132, routed)         1.655     2.835    rf_bd/mts_i/mts_sync_0/inst/pl_clk
    SLICE_X68Y172        FDRE                                         r  rf_bd/mts_i/mts_sync_0/inst/sysref_pl_reg/C
  -------------------------------------------------------------------    -------------------
    SLICE_X68Y172        FDRE (Prop_EFF_SLICEL_C_Q)
                                                      0.079     2.914 r  rf_bd/mts_i/mts_sync_0/inst/sysref_pl_reg/Q
                         net (fo=3, routed)           0.995     3.909    rf_bd/mts_i/clk_meter_0/inst/sysref_pl
    SLICE_X49Y248        LUT2 (Prop_E6LUT_SLICEL_I0_O)
                                                      0.090     3.999 r  rf_bd/mts_i/clk_meter_0/inst/sysref_count[0]_i_1/O
                         net (fo=32, routed)          0.509     4.508    rf_bd/mts_i/clk_meter_0/inst/sysref_count[0]_i_1_n_0
    SLICE_X43Y254        FDRE                                         r  rf_bd/mts_i/clk_meter_0/inst/sysref_count_reg[24]/CE
  -------------------------------------------------------------------    -------------------

                         (clock PL_CLK rise edge)     2.000     2.000 r  
    AN11                                              0.000     2.000 r  PL_CLK_clk_p[0] (IN)
                         net (fo=0)                   0.079     2.079    rf_bd/mts_i/ibufds_pl_clk/U0/USE_IBUFDS.GEN_IBUFDS[0].IBUFDS_I/I
    HPIOBDIFFINBUF_X0Y34 DIFFINBUF (Prop_DIFFINBUF_HPIOBDIFFINBUF_DIFF_IN_P_O)
                                                      0.556     2.635 r  rf_bd/mts_i/ibufds_pl_clk/U0/USE_IBUFDS.GEN_IBUFDS[0].IBUFDS_I/DIFFINBUF_INST/O
                         net (fo=1, routed)           0.040     2.675    rf_bd/mts_i/ibufds_pl_clk/U0/USE_IBUFDS.GEN_IBUFDS[0].IBUFDS_I/OUT
    AN11                 IBUFCTRL (Prop_IBUFCTRL_HPIOB_M_I_O)
                                                      0.000     2.675 r  rf_bd/mts_i/ibufds_pl_clk/U0/USE_IBUFDS.GEN_IBUFDS[0].IBUFDS_I/IBUFCTRL_INST/O
                         net (fo=1, routed)           0.300     2.975    rf_bd/mts_i/bufg_pl_clk/U0/BUFG_I[0]
    BUFGCE_X0Y36         BUFGCE (Prop_BUFCE_BUFGCE_I_O)
                                                      0.024     2.999 r  rf_bd/mts_i/bufg_pl_clk/U0/USE_BUFG.GEN_BUFG[0].BUFG_U/O
    X3Y2 (CLOCK_ROOT)    net (fo=132, routed)         1.652     4.650    rf_bd/mts_i/clk_meter_0/inst/pl_clk
    SLICE_X43Y254        FDRE                                         r  rf_bd/mts_i/clk_meter_0/inst/sysref_count_reg[24]/C
                         clock pessimism              0.241     4.892    
                         clock uncertainty           -0.035     4.856    
    SLICE_X43Y254        FDRE (Setup_AFF_SLICEL_C_CE)
                                                     -0.060     4.796    rf_bd/mts_i/clk_meter_0/inst/sysref_count_reg[24]
  -------------------------------------------------------------------
                         required time                          4.796    
                         arrival time                          -4.508    
  -------------------------------------------------------------------
                         slack                                  0.288    





Min Delay Paths
--------------------------------------------------------------------------------------
Slack (MET) :             0.049ns  (arrival time - required time)
  Source:                 rf_bd/mts_i/clk_meter_0/inst/clk_count_reg[7]/C
                            (rising edge-triggered cell FDRE clocked by PL_CLK  {rise@0.000ns fall@1.000ns period=2.000ns})
  Destination:            rf_bd/mts_i/clk_meter_0/inst/clk_count_gray_reg[7]/D
                            (rising edge-triggered cell FDRE clocked by PL_CLK  {rise@0.000ns fall@1.000ns period=2.000ns})
  Path Group:             PL_CLK
  Path Type:              Hold (Min at Fast Process Corner)
  Requirement:            0.000ns  (PL_CLK rise@0.000ns - PL_CLK rise@0.000ns)
  Data Path Delay:        0.145ns  (logic 0.059ns (40.664%)  route 0.086ns (59.336%))
  Logic Levels:           1  (LUT2=1)
  Clock Path Skew:        0.049ns (DCD - SCD - CPR)
    Destination Clock Delay (DCD):    2.009ns
    Source Clock Delay      (SCD):    1.698ns
    Clock Pessimism Removal (CPR):    0.262ns
  Clock Net Delay (Source):      1.037ns (routing 0.370ns, distribution 0.667ns)
  Clock Net Delay (Destination): 1.168ns (routing 0.411ns, distribution 0.757ns)

    Location             Delay type                Incr(ns)  Path(ns)    Netlist Resource(s)
  -------------------------------------------------------------------    -------------------
                         (clock PL_CLK rise edge)     0.000     0.000 r  
    AN11                                              0.000     0.000 r  PL_CLK_clk_p[0] (IN)
                         net (fo=0)                   0.079     0.079    rf_bd/mts_i/ibufds_pl_clk/U0/USE_IBUFDS.GEN_IBUFDS[0].IBUFDS_I/I
    HPIOBDIFFINBUF_X0Y34 DIFFINBUF (Prop_DIFFINBUF_HPIOBDIFFINBUF_DIFF_IN_P_O)
                                                      0.332     0.411 r  rf_bd/mts_i/ibufds_pl_clk/U0/USE_IBUFDS.GEN_IBUFDS[0].IBUFDS_I/DIFFINBUF_INST/O
                         net (fo=1, routed)           0.040     0.451    rf_bd/mts_i/ibufds_pl_clk/U0/USE_IBUFDS.GEN_IBUFDS[0].IBUFDS_I/OUT
    AN11                 IBUFCTRL (Prop_IBUFCTRL_HPIOB_M_I_O)
                                                      0.000     0.451 r  rf_bd/mts_i/ibufds_pl_clk/U0/USE_IBUFDS.GEN_IBUFDS[0].IBUFDS_I/IBUFCTRL_INST/O
                         net (fo=1, routed)           0.194     0.645    rf_bd/mts_i/bufg_pl_clk/U0/BUFG_I[0]
    BUFGCE_X0Y36         BUFGCE (Prop_BUFCE_BUFGCE_I_O)
                                                      0.017     0.662 r  rf_bd/mts_i/bufg_pl_clk/U0/USE_BUFG.GEN_BUFG[0].BUFG_U/O
    X3Y2 (CLOCK_ROOT)    net (fo=132, routed)         1.037     1.698    rf_bd/mts_i/clk_meter_0/inst/pl_clk
    SLICE_X40Y250        FDRE                                         r  rf_bd/mts_i/clk_meter_0/inst/clk_count_reg[7]/C
  -------------------------------------------------------------------    -------------------
    SLICE_X40Y250        FDRE (Prop_HFF_SLICEL_C_Q)
                                                      0.039     1.737 r  rf_bd/mts_i/clk_meter_0/inst/clk_count_reg[7]/Q
                         net (fo=3, routed)           0.079     1.816    rf_bd/mts_i/clk_meter_0/inst/clk_count_reg__0[7]
    SLICE_X38Y248        LUT2 (Prop_E5LUT_SLICEL_I1_O)
                                                      0.020     1.836 r  rf_bd/mts_i/clk_meter_0/inst/clk_count_gray[7]_i_1/O
                         net (fo=1, routed)           0.007     1.843    rf_bd/mts_i/clk_meter_0/inst/clk_count_gray0[7]
    SLICE_X38Y248        FDRE                                         r  rf_bd/mts_i/clk_meter_0/inst/clk_count_gray_reg[7]/D
  -------------------------------------------------------------------    -------------------

                         (clock PL_CLK rise edge)     0.000     0.000 r  
    AN11                                              0.000     0.000 r  PL_CLK_clk_p[0] (IN)
                         net (fo=0)                   0.100     0.100    rf_bd/mts_i/ibufds_pl_clk/U0/USE_IBUFDS.GEN_IBUFDS[0].IBUFDS_I/I
    HPIOBDIFFINBUF_X0Y34 DIFFINBUF (Prop_DIFFINBUF_HPIOBDIFFINBUF_DIFF_IN_P_O)
                                                      0.437     0.537 r  rf_bd/mts_i/ibufds_pl_clk/U0/USE_IBUFDS.GEN_IBUFDS[0].IBUFDS_I/DIFFINBUF_INST/O
                         net (fo=1, routed)           0.050     0.587    rf_bd/mts_i/ibufds_pl_clk/U0/USE_IBUFDS.GEN_IBUFDS[0].IBUFDS_I/OUT
    AN11                 IBUFCTRL (Prop_IBUFCTRL_HPIOB_M_I_O)
                                                      0.000     0.587 r  rf_bd/mts_i/ibufds_pl_clk/U0/USE_IBUFDS.GEN_IBUFDS[0].IBUFDS_I/IBUFCTRL_INST/O
                         net (fo=1, routed)           0.235     0.822    rf_bd/mts_i/bufg_pl_clk/U0/BUFG_I[0]
    BUFGCE_X0Y36         BUFGCE (Prop_BUFCE_BUFGCE_I_O)
                                                      0.019     0.841 r  rf_bd/mts_i/bufg_pl_clk/U0/USE_BUFG.GEN_BUFG[0].BUFG_U/O
    X3Y2 (CLOCK_ROOT)    net (fo=132, routed)         1.168     2.009    rf_bd/mts_i/clk_meter_0/inst/pl_clk
    SLICE_X38Y248        FDRE                                         r  rf_bd/mts_i/clk_meter_0/inst/clk_count_gray_reg[7]/C
                         clock pessimism             -0.262     1.747    
    SLICE_X38Y248        FDRE (Hold_EFF2_SLICEL_C_D)
                                                      0.047     1.794    rf_bd/mts_i/clk_meter_0/inst/clk_count_gray_reg[7]
  -------------------------------------------------------------------
                         required time                         -1.794    
                         arrival time                           1.843    
  -------------------------------------------------------------------
                         slack                                  0.049    





Pulse Width Checks
--------------------------------------------------------------------------------------
Clock Name:         PL_CLK
Waveform(ns):       { 0.000 1.000 }
Period(ns):         2.000
Sources:            { PL_CLK_clk_p[0] }

Check Type        Corner  Lib Pin            Reference Pin  Required(ns)  Actual(ns)  Slack(ns)  Location      Pin
Min Period        n/a     BUFGCE/I           n/a            1.290         2.000       0.710      BUFGCE_X0Y36  rf_bd/mts_i/bufg_pl_clk/U0/USE_BUFG.GEN_BUFG[0].BUFG_U/I
Max Period        n/a     MMCME4_ADV/CLKIN1  n/a            100.000       2.000       98.000     MMCM_X0Y1     rf_bd/mts_i/mmcm_rf/inst/mmcme4_adv_inst/CLKIN1
Low Pulse Width   Slow    MMCME4_ADV/CLKIN1  n/a            0.900         1.000       0.100      MMCM_X0Y1     rf_bd/mts_i/mmcm_rf/inst/mmcme4_adv_inst/CLKIN1
High Pulse Width  Slow    MMCME4_ADV/CLKIN1  n/a            0.900         1.000       0.100      MMCM_X0Y1     rf_bd/mts_i/mmcm_rf/inst/mmcme4_adv_inst/CLKIN1



---------------------------------------------------------------------------------------------------
From Clock:  clk_out1_mts_mmcm_rf_0
  To Clock:  clk_out1_mts_mmcm_rf_0

Setup :            0  Failing Endpoints,  Worst Slack        0.014ns,  Total Violation        0.000ns
Hold  :            0  Failing Endpoints,  Worst Slack        0.016ns,  Total Violation        0.000ns
PW    :            0  Failing Endpoints,  Worst Slack        0.350ns,  Total Violation        0.000ns
---------------------------------------------------------------------------------------------------


Max Delay Paths
--------------------------------------------------------------------------------------
Slack (MET) :             0.014ns  (required time - arrival time)
  Source:                 g_gear.gear/tg_f_reg/C
                            (rising edge-triggered cell FDRE clocked by clk_out1_mts_mmcm_rf_0  {rise@0.000ns fall@1.000ns period=2.000ns})
  Destination:            g_gear.gear/dac_fast_reg[151]/D
                            (rising edge-triggered cell FDRE clocked by clk_out1_mts_mmcm_rf_0  {rise@0.000ns fall@1.000ns period=2.000ns})
  Path Group:             clk_out1_mts_mmcm_rf_0
  Path Type:              Setup (Max at Slow Process Corner)
  Requirement:            2.000ns  (clk_out1_mts_mmcm_rf_0 rise@2.000ns - clk_out1_mts_mmcm_rf_0 rise@0.000ns)
  Data Path Delay:        1.758ns  (logic 0.130ns (7.395%)  route 1.628ns (92.605%))
  Logic Levels:           1  (LUT4=1)
  Clock Path Skew:        -0.203ns (DCD - SCD + CPR)
    Destination Clock Delay (DCD):    2.563ns = ( 4.563 - 2.000 ) 
    Source Clock Delay      (SCD):    2.818ns
    Clock Pessimism Removal (CPR):    0.052ns
  Clock Uncertainty:      0.050ns  ((TSJ^2 + DJ^2)^1/2) / 2 + PE
    Total System Jitter     (TSJ):    0.071ns
    Discrete Jitter          (DJ):    0.070ns
    Phase Error              (PE):    0.000ns
  Clock Net Delay (Source):      2.491ns (routing 0.979ns, distribution 1.512ns)
  Clock Net Delay (Destination): 2.118ns (routing 0.890ns, distribution 1.228ns)

    Location             Delay type                Incr(ns)  Path(ns)    Netlist Resource(s)
  -------------------------------------------------------------------    -------------------
                         (clock clk_out1_mts_mmcm_rf_0 rise edge)
                                                      0.000     0.000 r  
    AN11                                              0.000     0.000 r  PL_CLK_clk_p[0] (IN)
                         net (fo=0)                   0.100     0.100    rf_bd/mts_i/ibufds_pl_clk/U0/USE_IBUFDS.GEN_IBUFDS[0].IBUFDS_I/I
    HPIOBDIFFINBUF_X0Y34 DIFFINBUF (Prop_DIFFINBUF_HPIOBDIFFINBUF_DIFF_IN_P_O)
                                                      0.666     0.766 r  rf_bd/mts_i/ibufds_pl_clk/U0/USE_IBUFDS.GEN_IBUFDS[0].IBUFDS_I/DIFFINBUF_INST/O
                         net (fo=1, routed)           0.050     0.816    rf_bd/mts_i/ibufds_pl_clk/U0/USE_IBUFDS.GEN_IBUFDS[0].IBUFDS_I/OUT
    AN11                 IBUFCTRL (Prop_IBUFCTRL_HPIOB_M_I_O)
                                                      0.000     0.816 r  rf_bd/mts_i/ibufds_pl_clk/U0/USE_IBUFDS.GEN_IBUFDS[0].IBUFDS_I/IBUFCTRL_INST/O
                         net (fo=1, routed)           0.336     1.152    rf_bd/mts_i/bufg_pl_clk/U0/BUFG_I[0]
    BUFGCE_X0Y36         BUFGCE (Prop_BUFCE_BUFGCE_I_O)
                                                      0.028     1.180 r  rf_bd/mts_i/bufg_pl_clk/U0/USE_BUFG.GEN_BUFG[0].BUFG_U/O
                         net (fo=132, routed)         1.596     2.776    rf_bd/mts_i/mmcm_rf/inst/clk_in1
    MMCM_X0Y1            MMCME4_ADV (Prop_MMCM_CLKIN1_CLKOUT0)
                                                     -2.721     0.055 r  rf_bd/mts_i/mmcm_rf/inst/mmcme4_adv_inst/CLKOUT0
                         net (fo=1, routed)           0.244     0.299    rf_bd/mts_i/mmcm_rf/inst/clk_out1_mts_mmcm_rf_0
    BUFGCE_X0Y26         BUFGCE (Prop_BUFCE_BUFGCE_I_O)
                                                      0.028     0.327 r  rf_bd/mts_i/mmcm_rf/inst/clkout1_buf/O
    X3Y3 (CLOCK_ROOT)    net (fo=7744, routed)        2.491     2.818    g_gear.gear/CLK
    SLICE_X90Y181        FDRE                                         r  g_gear.gear/tg_f_reg/C
  -------------------------------------------------------------------    -------------------
    SLICE_X90Y181        FDRE (Prop_EFF2_SLICEM_C_Q)
                                                      0.079     2.897 r  g_gear.gear/tg_f_reg/Q
                         net (fo=258, routed)         1.577     4.474    g_gear.gear/tg_f
    SLICE_X65Y225        LUT4 (Prop_H6LUT_SLICEL_I1_O)
                                                      0.051     4.525 r  g_gear.gear/dac_fast[151]_i_1/O
                         net (fo=1, routed)           0.051     4.576    g_gear.gear/dac_fast[151]_i_1_n_0
    SLICE_X65Y225        FDRE                                         r  g_gear.gear/dac_fast_reg[151]/D
  -------------------------------------------------------------------    -------------------

                         (clock clk_out1_mts_mmcm_rf_0 rise edge)
                                                      2.000     2.000 r  
    AN11                                              0.000     2.000 r  PL_CLK_clk_p[0] (IN)
                         net (fo=0)                   0.079     2.079    rf_bd/mts_i/ibufds_pl_clk/U0/USE_IBUFDS.GEN_IBUFDS[0].IBUFDS_I/I
    HPIOBDIFFINBUF_X0Y34 DIFFINBUF (Prop_DIFFINBUF_HPIOBDIFFINBUF_DIFF_IN_P_O)
                                                      0.556     2.635 r  rf_bd/mts_i/ibufds_pl_clk/U0/USE_IBUFDS.GEN_IBUFDS[0].IBUFDS_I/DIFFINBUF_INST/O
                         net (fo=1, routed)           0.040     2.675    rf_bd/mts_i/ibufds_pl_clk/U0/USE_IBUFDS.GEN_IBUFDS[0].IBUFDS_I/OUT
    AN11                 IBUFCTRL (Prop_IBUFCTRL_HPIOB_M_I_O)
                                                      0.000     2.675 r  rf_bd/mts_i/ibufds_pl_clk/U0/USE_IBUFDS.GEN_IBUFDS[0].IBUFDS_I/IBUFCTRL_INST/O
                         net (fo=1, routed)           0.300     2.975    rf_bd/mts_i/bufg_pl_clk/U0/BUFG_I[0]
    BUFGCE_X0Y36         BUFGCE (Prop_BUFCE_BUFGCE_I_O)
                                                      0.024     2.999 r  rf_bd/mts_i/bufg_pl_clk/U0/USE_BUFG.GEN_BUFG[0].BUFG_U/O
                         net (fo=132, routed)         1.430     4.429    rf_bd/mts_i/mmcm_rf/inst/clk_in1
    MMCM_X0Y1            MMCME4_ADV (Prop_MMCM_CLKIN1_CLKOUT0)
                                                     -2.222     2.207 r  rf_bd/mts_i/mmcm_rf/inst/mmcme4_adv_inst/CLKOUT0
                         net (fo=1, routed)           0.214     2.421    rf_bd/mts_i/mmcm_rf/inst/clk_out1_mts_mmcm_rf_0
    BUFGCE_X0Y26         BUFGCE (Prop_BUFCE_BUFGCE_I_O)
                                                      0.024     2.445 r  rf_bd/mts_i/mmcm_rf/inst/clkout1_buf/O
    X3Y3 (CLOCK_ROOT)    net (fo=7744, routed)        2.118     4.563    g_gear.gear/CLK
    SLICE_X65Y225        FDRE                                         r  g_gear.gear/dac_fast_reg[151]/C
                         clock pessimism              0.052     4.615    
                         clock uncertainty           -0.050     4.565    
    SLICE_X65Y225        FDRE (Setup_HFF_SLICEL_C_D)
                                                      0.025     4.590    g_gear.gear/dac_fast_reg[151]
  -------------------------------------------------------------------
                         required time                          4.590    
                         arrival time                          -4.576    
  -------------------------------------------------------------------
                         slack                                  0.014    





Min Delay Paths
--------------------------------------------------------------------------------------
Slack (MET) :             0.016ns  (arrival time - required time)
  Source:                 rf_bd/mts_i/cap0_dw/inst/gen_upsizer_conversion.axisc_upsizer_0/r0_data_reg[73]/C
                            (rising edge-triggered cell FDRE clocked by clk_out1_mts_mmcm_rf_0  {rise@0.000ns fall@1.000ns period=2.000ns})
  Destination:            rf_bd/mts_i/cap0_dw/inst/gen_upsizer_conversion.axisc_upsizer_0/acc_data_reg[73]/D
                            (rising edge-triggered cell FDRE clocked by clk_out1_mts_mmcm_rf_0  {rise@0.000ns fall@1.000ns period=2.000ns})
  Path Group:             clk_out1_mts_mmcm_rf_0
  Path Type:              Hold (Min at Slow Process Corner)
  Requirement:            0.000ns  (clk_out1_mts_mmcm_rf_0 rise@0.000ns - clk_out1_mts_mmcm_rf_0 rise@0.000ns)
  Data Path Delay:        0.209ns  (logic 0.059ns (28.230%)  route 0.150ns (71.770%))
  Logic Levels:           0  
  Clock Path Skew:        0.131ns (DCD - SCD - CPR)
    Destination Clock Delay (DCD):    2.851ns
    Source Clock Delay      (SCD):    2.711ns
    Clock Pessimism Removal (CPR):    0.009ns
  Clock Net Delay (Source):      2.266ns (routing 0.890ns, distribution 1.376ns)
  Clock Net Delay (Destination): 2.524ns (routing 0.979ns, distribution 1.545ns)

    Location             Delay type                Incr(ns)  Path(ns)    Netlist Resource(s)
  -------------------------------------------------------------------    -------------------
                         (clock clk_out1_mts_mmcm_rf_0 rise edge)
                                                      0.000     0.000 r  
    AN11                                              0.000     0.000 r  PL_CLK_clk_p[0] (IN)
                         net (fo=0)                   0.079     0.079    rf_bd/mts_i/ibufds_pl_clk/U0/USE_IBUFDS.GEN_IBUFDS[0].IBUFDS_I/I
    HPIOBDIFFINBUF_X0Y34 DIFFINBUF (Prop_DIFFINBUF_HPIOBDIFFINBUF_DIFF_IN_P_O)
                                                      0.556     0.635 r  rf_bd/mts_i/ibufds_pl_clk/U0/USE_IBUFDS.GEN_IBUFDS[0].IBUFDS_I/DIFFINBUF_INST/O
                         net (fo=1, routed)           0.040     0.675    rf_bd/mts_i/ibufds_pl_clk/U0/USE_IBUFDS.GEN_IBUFDS[0].IBUFDS_I/OUT
    AN11                 IBUFCTRL (Prop_IBUFCTRL_HPIOB_M_I_O)
                                                      0.000     0.675 r  rf_bd/mts_i/ibufds_pl_clk/U0/USE_IBUFDS.GEN_IBUFDS[0].IBUFDS_I/IBUFCTRL_INST/O
                         net (fo=1, routed)           0.300     0.975    rf_bd/mts_i/bufg_pl_clk/U0/BUFG_I[0]
    BUFGCE_X0Y36         BUFGCE (Prop_BUFCE_BUFGCE_I_O)
                                                      0.024     0.999 r  rf_bd/mts_i/bufg_pl_clk/U0/USE_BUFG.GEN_BUFG[0].BUFG_U/O
                         net (fo=132, routed)         1.430     2.429    rf_bd/mts_i/mmcm_rf/inst/clk_in1
    MMCM_X0Y1            MMCME4_ADV (Prop_MMCM_CLKIN1_CLKOUT0)
                                                     -2.222     0.207 r  rf_bd/mts_i/mmcm_rf/inst/mmcme4_adv_inst/CLKOUT0
                         net (fo=1, routed)           0.214     0.421    rf_bd/mts_i/mmcm_rf/inst/clk_out1_mts_mmcm_rf_0
    BUFGCE_X0Y26         BUFGCE (Prop_BUFCE_BUFGCE_I_O)
                                                      0.024     0.445 r  rf_bd/mts_i/mmcm_rf/inst/clkout1_buf/O
    X3Y3 (CLOCK_ROOT)    net (fo=7744, routed)        2.266     2.711    rf_bd/mts_i/cap0_dw/inst/gen_upsizer_conversion.axisc_upsizer_0/aclk
    SLICE_X85Y55         FDRE                                         r  rf_bd/mts_i/cap0_dw/inst/gen_upsizer_conversion.axisc_upsizer_0/r0_data_reg[73]/C
  -------------------------------------------------------------------    -------------------
    SLICE_X85Y55         FDRE (Prop_HFF2_SLICEL_C_Q)
                                                      0.059     2.770 r  rf_bd/mts_i/cap0_dw/inst/gen_upsizer_conversion.axisc_upsizer_0/r0_data_reg[73]/Q
                         net (fo=1, routed)           0.150     2.920    rf_bd/mts_i/cap0_dw/inst/gen_upsizer_conversion.axisc_upsizer_0/r0_data[73]
    SLICE_X85Y61         FDRE                                         r  rf_bd/mts_i/cap0_dw/inst/gen_upsizer_conversion.axisc_upsizer_0/acc_data_reg[73]/D
  -------------------------------------------------------------------    -------------------

                         (clock clk_out1_mts_mmcm_rf_0 rise edge)
                                                      0.000     0.000 r  
    AN11                                              0.000     0.000 r  PL_CLK_clk_p[0] (IN)
                         net (fo=0)                   0.100     0.100    rf_bd/mts_i/ibufds_pl_clk/U0/USE_IBUFDS.GEN_IBUFDS[0].IBUFDS_I/I
    HPIOBDIFFINBUF_X0Y34 DIFFINBUF (Prop_DIFFINBUF_HPIOBDIFFINBUF_DIFF_IN_P_O)
                                                      0.666     0.766 r  rf_bd/mts_i/ibufds_pl_clk/U0/USE_IBUFDS.GEN_IBUFDS[0].IBUFDS_I/DIFFINBUF_INST/O
                         net (fo=1, routed)           0.050     0.816    rf_bd/mts_i/ibufds_pl_clk/U0/USE_IBUFDS.GEN_IBUFDS[0].IBUFDS_I/OUT
    AN11                 IBUFCTRL (Prop_IBUFCTRL_HPIOB_M_I_O)
                                                      0.000     0.816 r  rf_bd/mts_i/ibufds_pl_clk/U0/USE_IBUFDS.GEN_IBUFDS[0].IBUFDS_I/IBUFCTRL_INST/O
                         net (fo=1, routed)           0.336     1.152    rf_bd/mts_i/bufg_pl_clk/U0/BUFG_I[0]
    BUFGCE_X0Y36         BUFGCE (Prop_BUFCE_BUFGCE_I_O)
                                                      0.028     1.180 r  rf_bd/mts_i/bufg_pl_clk/U0/USE_BUFG.GEN_BUFG[0].BUFG_U/O
                         net (fo=132, routed)         1.596     2.776    rf_bd/mts_i/mmcm_rf/inst/clk_in1
    MMCM_X0Y1            MMCME4_ADV (Prop_MMCM_CLKIN1_CLKOUT0)
                                                     -2.721     0.055 r  rf_bd/mts_i/mmcm_rf/inst/mmcme4_adv_inst/CLKOUT0
                         net (fo=1, routed)           0.244     0.299    rf_bd/mts_i/mmcm_rf/inst/clk_out1_mts_mmcm_rf_0
    BUFGCE_X0Y26         BUFGCE (Prop_BUFCE_BUFGCE_I_O)
                                                      0.028     0.327 r  rf_bd/mts_i/mmcm_rf/inst/clkout1_buf/O
    X3Y3 (CLOCK_ROOT)    net (fo=7744, routed)        2.524     2.851    rf_bd/mts_i/cap0_dw/inst/gen_upsizer_conversion.axisc_upsizer_0/aclk
    SLICE_X85Y61         FDRE                                         r  rf_bd/mts_i/cap0_dw/inst/gen_upsizer_conversion.axisc_upsizer_0/acc_data_reg[73]/C
                         clock pessimism             -0.009     2.842    
    SLICE_X85Y61         FDRE (Hold_AFF2_SLICEL_C_D)
                                                      0.062     2.904    rf_bd/mts_i/cap0_dw/inst/gen_upsizer_conversion.axisc_upsizer_0/acc_data_reg[73]
  -------------------------------------------------------------------
                         required time                         -2.904    
                         arrival time                           2.920    
  -------------------------------------------------------------------
                         slack                                  0.016    





Pulse Width Checks
--------------------------------------------------------------------------------------
Clock Name:         clk_out1_mts_mmcm_rf_0
Waveform(ns):       { 0.000 1.000 }
Period(ns):         2.000
Sources:            { rf_bd/mts_i/mmcm_rf/inst/mmcme4_adv_inst/CLKOUT0 }

Check Type        Corner  Lib Pin           Reference Pin  Required(ns)  Actual(ns)  Slack(ns)  Location    Pin
Min Period        n/a     RFADC/FABRIC_CLK  n/a            1.626         2.000       0.374      RFADC_X0Y0  rf_bd/mts_i/usp_rf_data_converter_0/inst/mts_usp_rf_data_converter_0_0_rf_wrapper_i/rx0_u_adc/FABRIC_CLK
Low Pulse Width   Slow    RFADC/FABRIC_CLK  n/a            0.650         1.000       0.350      RFADC_X0Y0  rf_bd/mts_i/usp_rf_data_converter_0/inst/mts_usp_rf_data_converter_0_0_rf_wrapper_i/rx0_u_adc/FABRIC_CLK
High Pulse Width  Slow    RFADC/FABRIC_CLK  n/a            0.650         1.000       0.350      RFADC_X0Y0  rf_bd/mts_i/usp_rf_data_converter_0/inst/mts_usp_rf_data_converter_0_0_rf_wrapper_i/rx0_u_adc/FABRIC_CLK



---------------------------------------------------------------------------------------------------
From Clock:  clk_out2_mts_mmcm_rf_0
  To Clock:  clk_out2_mts_mmcm_rf_0

Setup :            0  Failing Endpoints,  Worst Slack        0.005ns,  Total Violation        0.000ns
Hold  :            0  Failing Endpoints,  Worst Slack        0.009ns,  Total Violation        0.000ns
PW    :            0  Failing Endpoints,  Worst Slack        1.300ns,  Total Violation        0.000ns
---------------------------------------------------------------------------------------------------


Max Delay Paths
--------------------------------------------------------------------------------------
Slack (MET) :             0.005ns  (required time - arrival time)
  Source:                 stream_inst/tx_ra_reg[14]/C
                            (rising edge-triggered cell FDRE clocked by clk_out2_mts_mmcm_rf_0  {rise@0.000ns fall@2.000ns period=4.000ns})
  Destination:            stream_inst/tx_mem_reg_5_bram_1/ENBWREN
                            (rising edge-triggered cell RAMB36E2 clocked by clk_out2_mts_mmcm_rf_0  {rise@0.000ns fall@2.000ns period=4.000ns})
  Path Group:             clk_out2_mts_mmcm_rf_0
  Path Type:              Setup (Max at Slow Process Corner)
  Requirement:            4.000ns  (clk_out2_mts_mmcm_rf_0 rise@4.000ns - clk_out2_mts_mmcm_rf_0 rise@0.000ns)
  Data Path Delay:        3.568ns  (logic 0.230ns (6.447%)  route 3.338ns (93.553%))
  Logic Levels:           1  (LUT3=1)
  Clock Path Skew:        -0.032ns (DCD - SCD + CPR)
    Destination Clock Delay (DCD):    2.861ns = ( 6.861 - 4.000 ) 
    Source Clock Delay      (SCD):    2.872ns
    Clock Pessimism Removal (CPR):    -0.021ns
  Clock Uncertainty:      0.054ns  ((TSJ^2 + DJ^2)^1/2) / 2 + PE
    Total System Jitter     (TSJ):    0.071ns
    Discrete Jitter          (DJ):    0.081ns
    Phase Error              (PE):    0.000ns
  Clock Net Delay (Source):      2.538ns (routing 1.068ns, distribution 1.470ns)
  Clock Net Delay (Destination): 2.410ns (routing 0.972ns, distribution 1.438ns)

    Location             Delay type                Incr(ns)  Path(ns)    Netlist Resource(s)
  -------------------------------------------------------------------    -------------------
                         (clock clk_out2_mts_mmcm_rf_0 rise edge)
                                                      0.000     0.000 r  
    AN11                                              0.000     0.000 r  PL_CLK_clk_p[0] (IN)
                         net (fo=0)                   0.100     0.100    rf_bd/mts_i/ibufds_pl_clk/U0/USE_IBUFDS.GEN_IBUFDS[0].IBUFDS_I/I
    HPIOBDIFFINBUF_X0Y34 DIFFINBUF (Prop_DIFFINBUF_HPIOBDIFFINBUF_DIFF_IN_P_O)
                                                      0.666     0.766 r  rf_bd/mts_i/ibufds_pl_clk/U0/USE_IBUFDS.GEN_IBUFDS[0].IBUFDS_I/DIFFINBUF_INST/O
                         net (fo=1, routed)           0.050     0.816    rf_bd/mts_i/ibufds_pl_clk/U0/USE_IBUFDS.GEN_IBUFDS[0].IBUFDS_I/OUT
    AN11                 IBUFCTRL (Prop_IBUFCTRL_HPIOB_M_I_O)
                                                      0.000     0.816 r  rf_bd/mts_i/ibufds_pl_clk/U0/USE_IBUFDS.GEN_IBUFDS[0].IBUFDS_I/IBUFCTRL_INST/O
                         net (fo=1, routed)           0.336     1.152    rf_bd/mts_i/bufg_pl_clk/U0/BUFG_I[0]
    BUFGCE_X0Y36         BUFGCE (Prop_BUFCE_BUFGCE_I_O)
                                                      0.028     1.180 r  rf_bd/mts_i/bufg_pl_clk/U0/USE_BUFG.GEN_BUFG[0].BUFG_U/O
                         net (fo=132, routed)         1.596     2.776    rf_bd/mts_i/mmcm_rf/inst/clk_in1
    MMCM_X0Y1            MMCME4_ADV (Prop_MMCM_CLKIN1_CLKOUT1)
                                                     -2.721     0.055 r  rf_bd/mts_i/mmcm_rf/inst/mmcme4_adv_inst/CLKOUT1
                         net (fo=1, routed)           0.251     0.306    rf_bd/mts_i/mmcm_rf/inst/clk_out2_mts_mmcm_rf_0
    BUFGCE_X0Y39         BUFGCE (Prop_BUFCE_BUFGCE_I_O)
                                                      0.028     0.334 r  rf_bd/mts_i/mmcm_rf/inst/clkout2_buf/O
    X2Y3 (CLOCK_ROOT)    net (fo=165851, routed)      2.538     2.872    stream_inst/clk_half
    SLICE_X70Y224        FDRE                                         r  stream_inst/tx_ra_reg[14]/C
  -------------------------------------------------------------------    -------------------
    SLICE_X70Y224        FDRE (Prop_AFF2_SLICEM_C_Q)
                                                      0.080     2.952 f  stream_inst/tx_ra_reg[14]/Q
                         net (fo=18, routed)          0.283     3.234    stream_inst/tx_ra[14]
    SLICE_X67Y220        LUT3 (Prop_A6LUT_SLICEM_I1_O)
                                                      0.150     3.384 r  stream_inst/tx_mem_reg_0_bram_1_i_3/O
                         net (fo=64, routed)          3.055     6.439    stream_inst/tx_mem_reg_0_bram_1_i_3_n_0
    RAMB36_X2Y85         RAMB36E2                                     r  stream_inst/tx_mem_reg_5_bram_1/ENBWREN
  -------------------------------------------------------------------    -------------------

                         (clock clk_out2_mts_mmcm_rf_0 rise edge)
                                                      4.000     4.000 r  
    AN11                                              0.000     4.000 r  PL_CLK_clk_p[0] (IN)
                         net (fo=0)                   0.079     4.079    rf_bd/mts_i/ibufds_pl_clk/U0/USE_IBUFDS.GEN_IBUFDS[0].IBUFDS_I/I
    HPIOBDIFFINBUF_X0Y34 DIFFINBUF (Prop_DIFFINBUF_HPIOBDIFFINBUF_DIFF_IN_P_O)
                                                      0.556     4.635 r  rf_bd/mts_i/ibufds_pl_clk/U0/USE_IBUFDS.GEN_IBUFDS[0].IBUFDS_I/DIFFINBUF_INST/O
                         net (fo=1, routed)           0.040     4.675    rf_bd/mts_i/ibufds_pl_clk/U0/USE_IBUFDS.GEN_IBUFDS[0].IBUFDS_I/OUT
    AN11                 IBUFCTRL (Prop_IBUFCTRL_HPIOB_M_I_O)
                                                      0.000     4.675 r  rf_bd/mts_i/ibufds_pl_clk/U0/USE_IBUFDS.GEN_IBUFDS[0].IBUFDS_I/IBUFCTRL_INST/O
                         net (fo=1, routed)           0.300     4.975    rf_bd/mts_i/bufg_pl_clk/U0/BUFG_I[0]
    BUFGCE_X0Y36         BUFGCE (Prop_BUFCE_BUFGCE_I_O)
                                                      0.024     4.999 r  rf_bd/mts_i/bufg_pl_clk/U0/USE_BUFG.GEN_BUFG[0].BUFG_U/O
                         net (fo=132, routed)         1.430     6.429    rf_bd/mts_i/mmcm_rf/inst/clk_in1
    MMCM_X0Y1            MMCME4_ADV (Prop_MMCM_CLKIN1_CLKOUT1)
                                                     -2.222     4.207 r  rf_bd/mts_i/mmcm_rf/inst/mmcme4_adv_inst/CLKOUT1
                         net (fo=1, routed)           0.220     4.427    rf_bd/mts_i/mmcm_rf/inst/clk_out2_mts_mmcm_rf_0
    BUFGCE_X0Y39         BUFGCE (Prop_BUFCE_BUFGCE_I_O)
                                                      0.024     4.451 r  rf_bd/mts_i/mmcm_rf/inst/clkout2_buf/O
    X2Y3 (CLOCK_ROOT)    net (fo=165851, routed)      2.410     6.861    stream_inst/clk_half
    RAMB36_X2Y85         RAMB36E2                                     r  stream_inst/tx_mem_reg_5_bram_1/CLKBWRCLK
                         clock pessimism             -0.021     6.840    
                         clock uncertainty           -0.054     6.786    
    RAMB36_X2Y85         RAMB36E2 (Setup_RAMB36E2_RAMB36_CLKBWRCLK_ENBWREN)
                                                     -0.342     6.444    stream_inst/tx_mem_reg_5_bram_1
  -------------------------------------------------------------------
                         required time                          6.444    
                         arrival time                          -6.439    
  -------------------------------------------------------------------
                         slack                                  0.005    





Min Delay Paths
--------------------------------------------------------------------------------------
Slack (MET) :             0.009ns  (arrival time - required time)
  Source:                 stream_inst/g_m2tx.modulator/g_lane[8].u_ifft/U0/i_synth/xfft_inst/non_floating_point.arch_d.xfft_inst/pe_gen[2].natural_order_input.PE/hasbf2.FW_2.BF_2/mux_out_A/use_lut6_2.latency1.Q_reg[9]/C
                            (rising edge-triggered cell FDRE clocked by clk_out2_mts_mmcm_rf_0  {rise@0.000ns fall@2.000ns period=4.000ns})
  Destination:            stream_inst/g_m2tx.modulator/g_lane[8].u_ifft/U0/i_synth/xfft_inst/non_floating_point.arch_d.xfft_inst/pe_gen[2].natural_order_input.PE/hasbf2.FW_2.BF_2/out_commutator_B/no_sclr_lut.real_shift_ram.use_baseblock.use_hlutnm_srls.srl_loop[4].i_srl16e1/D
                            (rising edge-triggered cell SRL16E clocked by clk_out2_mts_mmcm_rf_0  {rise@0.000ns fall@2.000ns period=4.000ns})
  Path Group:             clk_out2_mts_mmcm_rf_0
  Path Type:              Hold (Min at Slow Process Corner)
  Requirement:            0.000ns  (clk_out2_mts_mmcm_rf_0 rise@0.000ns - clk_out2_mts_mmcm_rf_0 rise@0.000ns)
  Data Path Delay:        0.223ns  (logic 0.060ns (26.906%)  route 0.163ns (73.094%))
  Logic Levels:           0  
  Clock Path Skew:        0.135ns (DCD - SCD - CPR)
    Destination Clock Delay (DCD):    2.947ns
    Source Clock Delay      (SCD):    2.749ns
    Clock Pessimism Removal (CPR):    0.062ns
  Clock Net Delay (Source):      2.299ns (routing 0.972ns, distribution 1.327ns)
  Clock Net Delay (Destination): 2.613ns (routing 1.068ns, distribution 1.545ns)

    Location             Delay type                Incr(ns)  Path(ns)    Netlist Resource(s)
  -------------------------------------------------------------------    -------------------
                         (clock clk_out2_mts_mmcm_rf_0 rise edge)
                                                      0.000     0.000 r  
    AN11                                              0.000     0.000 r  PL_CLK_clk_p[0] (IN)
                         net (fo=0)                   0.079     0.079    rf_bd/mts_i/ibufds_pl_clk/U0/USE_IBUFDS.GEN_IBUFDS[0].IBUFDS_I/I
    HPIOBDIFFINBUF_X0Y34 DIFFINBUF (Prop_DIFFINBUF_HPIOBDIFFINBUF_DIFF_IN_P_O)
                                                      0.556     0.635 r  rf_bd/mts_i/ibufds_pl_clk/U0/USE_IBUFDS.GEN_IBUFDS[0].IBUFDS_I/DIFFINBUF_INST/O
                         net (fo=1, routed)           0.040     0.675    rf_bd/mts_i/ibufds_pl_clk/U0/USE_IBUFDS.GEN_IBUFDS[0].IBUFDS_I/OUT
    AN11                 IBUFCTRL (Prop_IBUFCTRL_HPIOB_M_I_O)
                                                      0.000     0.675 r  rf_bd/mts_i/ibufds_pl_clk/U0/USE_IBUFDS.GEN_IBUFDS[0].IBUFDS_I/IBUFCTRL_INST/O
                         net (fo=1, routed)           0.300     0.975    rf_bd/mts_i/bufg_pl_clk/U0/BUFG_I[0]
    BUFGCE_X0Y36         BUFGCE (Prop_BUFCE_BUFGCE_I_O)
                                                      0.024     0.999 r  rf_bd/mts_i/bufg_pl_clk/U0/USE_BUFG.GEN_BUFG[0].BUFG_U/O
                         net (fo=132, routed)         1.430     2.429    rf_bd/mts_i/mmcm_rf/inst/clk_in1
    MMCM_X0Y1            MMCME4_ADV (Prop_MMCM_CLKIN1_CLKOUT1)
                                                     -2.222     0.207 r  rf_bd/mts_i/mmcm_rf/inst/mmcme4_adv_inst/CLKOUT1
                         net (fo=1, routed)           0.220     0.427    rf_bd/mts_i/mmcm_rf/inst/clk_out2_mts_mmcm_rf_0
    BUFGCE_X0Y39         BUFGCE (Prop_BUFCE_BUFGCE_I_O)
                                                      0.024     0.451 r  rf_bd/mts_i/mmcm_rf/inst/clkout2_buf/O
    X2Y3 (CLOCK_ROOT)    net (fo=165851, routed)      2.299     2.749    stream_inst/g_m2tx.modulator/g_lane[8].u_ifft/U0/i_synth/xfft_inst/non_floating_point.arch_d.xfft_inst/pe_gen[2].natural_order_input.PE/hasbf2.FW_2.BF_2/mux_out_A/aclk
    SLICE_X79Y229        FDRE                                         r  stream_inst/g_m2tx.modulator/g_lane[8].u_ifft/U0/i_synth/xfft_inst/non_floating_point.arch_d.xfft_inst/pe_gen[2].natural_order_input.PE/hasbf2.FW_2.BF_2/mux_out_A/use_lut6_2.latency1.Q_reg[9]/C
  -------------------------------------------------------------------    -------------------
    SLICE_X79Y229        FDRE (Prop_GFF2_SLICEM_C_Q)
                                                      0.060     2.809 r  stream_inst/g_m2tx.modulator/g_lane[8].u_ifft/U0/i_synth/xfft_inst/non_floating_point.arch_d.xfft_inst/pe_gen[2].natural_order_input.PE/hasbf2.FW_2.BF_2/mux_out_A/use_lut6_2.latency1.Q_reg[9]/Q
                         net (fo=1, routed)           0.163     2.972    stream_inst/g_m2tx.modulator/g_lane[8].u_ifft/U0/i_synth/xfft_inst/non_floating_point.arch_d.xfft_inst/pe_gen[2].natural_order_input.PE/hasbf2.FW_2.BF_2/out_commutator_B/D[9]
    SLICE_X78Y228        SRL16E                                       r  stream_inst/g_m2tx.modulator/g_lane[8].u_ifft/U0/i_synth/xfft_inst/non_floating_point.arch_d.xfft_inst/pe_gen[2].natural_order_input.PE/hasbf2.FW_2.BF_2/out_commutator_B/no_sclr_lut.real_shift_ram.use_baseblock.use_hlutnm_srls.srl_loop[4].i_srl16e1/D
  -------------------------------------------------------------------    -------------------

                         (clock clk_out2_mts_mmcm_rf_0 rise edge)
                                                      0.000     0.000 r  
    AN11                                              0.000     0.000 r  PL_CLK_clk_p[0] (IN)
                         net (fo=0)                   0.100     0.100    rf_bd/mts_i/ibufds_pl_clk/U0/USE_IBUFDS.GEN_IBUFDS[0].IBUFDS_I/I
    HPIOBDIFFINBUF_X0Y34 DIFFINBUF (Prop_DIFFINBUF_HPIOBDIFFINBUF_DIFF_IN_P_O)
                                                      0.666     0.766 r  rf_bd/mts_i/ibufds_pl_clk/U0/USE_IBUFDS.GEN_IBUFDS[0].IBUFDS_I/DIFFINBUF_INST/O
                         net (fo=1, routed)           0.050     0.816    rf_bd/mts_i/ibufds_pl_clk/U0/USE_IBUFDS.GEN_IBUFDS[0].IBUFDS_I/OUT
    AN11                 IBUFCTRL (Prop_IBUFCTRL_HPIOB_M_I_O)
                                                      0.000     0.816 r  rf_bd/mts_i/ibufds_pl_clk/U0/USE_IBUFDS.GEN_IBUFDS[0].IBUFDS_I/IBUFCTRL_INST/O
                         net (fo=1, routed)           0.336     1.152    rf_bd/mts_i/bufg_pl_clk/U0/BUFG_I[0]
    BUFGCE_X0Y36         BUFGCE (Prop_BUFCE_BUFGCE_I_O)
                                                      0.028     1.180 r  rf_bd/mts_i/bufg_pl_clk/U0/USE_BUFG.GEN_BUFG[0].BUFG_U/O
                         net (fo=132, routed)         1.596     2.776    rf_bd/mts_i/mmcm_rf/inst/clk_in1
    MMCM_X0Y1            MMCME4_ADV (Prop_MMCM_CLKIN1_CLKOUT1)
                                                     -2.721     0.055 r  rf_bd/mts_i/mmcm_rf/inst/mmcme4_adv_inst/CLKOUT1
                         net (fo=1, routed)           0.251     0.306    rf_bd/mts_i/mmcm_rf/inst/clk_out2_mts_mmcm_rf_0
    BUFGCE_X0Y39         BUFGCE (Prop_BUFCE_BUFGCE_I_O)
                                                      0.028     0.334 r  rf_bd/mts_i/mmcm_rf/inst/clkout2_buf/O
    X2Y3 (CLOCK_ROOT)    net (fo=165851, routed)      2.613     2.947    stream_inst/g_m2tx.modulator/g_lane[8].u_ifft/U0/i_synth/xfft_inst/non_floating_point.arch_d.xfft_inst/pe_gen[2].natural_order_input.PE/hasbf2.FW_2.BF_2/out_commutator_B/aclk
    SLICE_X78Y228        SRL16E                                       r  stream_inst/g_m2tx.modulator/g_lane[8].u_ifft/U0/i_synth/xfft_inst/non_floating_point.arch_d.xfft_inst/pe_gen[2].natural_order_input.PE/hasbf2.FW_2.BF_2/out_commutator_B/no_sclr_lut.real_shift_ram.use_baseblock.use_hlutnm_srls.srl_loop[4].i_srl16e1/CLK
                         clock pessimism             -0.062     2.885    
    SLICE_X78Y228        SRL16E (Hold_H5LUT_SLICEM_CLK_D)
                                                      0.079     2.964    stream_inst/g_m2tx.modulator/g_lane[8].u_ifft/U0/i_synth/xfft_inst/non_floating_point.arch_d.xfft_inst/pe_gen[2].natural_order_input.PE/hasbf2.FW_2.BF_2/out_commutator_B/no_sclr_lut.real_shift_ram.use_baseblock.use_hlutnm_srls.srl_loop[4].i_srl16e1
  -------------------------------------------------------------------
                         required time                         -2.964    
                         arrival time                           2.972    
  -------------------------------------------------------------------
                         slack                                  0.009    





Pulse Width Checks
--------------------------------------------------------------------------------------
Clock Name:         clk_out2_mts_mmcm_rf_0
Waveform(ns):       { 0.000 2.000 }
Period(ns):         4.000
Sources:            { rf_bd/mts_i/mmcm_rf/inst/mmcme4_adv_inst/CLKOUT1 }

Check Type        Corner  Lib Pin      Reference Pin  Required(ns)  Actual(ns)  Slack(ns)  Location      Pin
Min Period        n/a     URAM288/CLK  n/a            1.666         4.000       2.334      URAM288_X0Y4  rf_bd/mts_i/cap0_mem/U0/inst_blk_mem_gen/gnuram_with_32bit_addr.uram_tdp.xpm_memory_tdpram_inst/xpm_memory_base_inst/gen_wr_a.gen_byte_narrow.for_mem_cols[1].mem_reg_uram_0/CLK
Low Pulse Width   Slow    URAM288/CLK  n/a            0.700         2.000       1.300      URAM288_X0Y4  rf_bd/mts_i/cap0_mem/U0/inst_blk_mem_gen/gnuram_with_32bit_addr.uram_tdp.xpm_memory_tdpram_inst/xpm_memory_base_inst/gen_wr_a.gen_byte_narrow.for_mem_cols[1].mem_reg_uram_0/CLK
High Pulse Width  Slow    URAM288/CLK  n/a            0.700         2.000       1.300      URAM288_X0Y4  rf_bd/mts_i/cap0_mem/U0/inst_blk_mem_gen/gnuram_with_32bit_addr.uram_tdp.xpm_memory_tdpram_inst/xpm_memory_base_inst/gen_wr_a.gen_byte_narrow.for_mem_cols[1].mem_reg_uram_0/CLK



---------------------------------------------------------------------------------------------------
From Clock:  clkfbout_mts_mmcm_rf_0
  To Clock:  clkfbout_mts_mmcm_rf_0

Setup :           NA  Failing Endpoints,  Worst Slack           NA  ,  Total Violation           NA
Hold  :           NA  Failing Endpoints,  Worst Slack           NA  ,  Total Violation           NA
PW    :            0  Failing Endpoints,  Worst Slack        0.710ns,  Total Violation        0.000ns
---------------------------------------------------------------------------------------------------


Pulse Width Checks
--------------------------------------------------------------------------------------
Clock Name:         clkfbout_mts_mmcm_rf_0
Waveform(ns):       { 0.000 1.000 }
Period(ns):         2.000
Sources:            { rf_bd/mts_i/mmcm_rf/inst/mmcme4_adv_inst/CLKFBOUT }

Check Type  Corner  Lib Pin             Reference Pin  Required(ns)  Actual(ns)  Slack(ns)  Location      Pin
Min Period  n/a     BUFGCE/I            n/a            1.290         2.000       0.710      BUFGCE_X0Y30  rf_bd/mts_i/mmcm_rf/inst/clkf_buf/I
Max Period  n/a     MMCME4_ADV/CLKFBIN  n/a            100.000       2.000       98.000     MMCM_X0Y1     rf_bd/mts_i/mmcm_rf/inst/mmcme4_adv_inst/CLKFBIN



---------------------------------------------------------------------------------------------------
From Clock:  c0_sys_clk_p
  To Clock:  c0_sys_clk_p

Setup :            0  Failing Endpoints,  Worst Slack        3.285ns,  Total Violation        0.000ns
Hold  :            0  Failing Endpoints,  Worst Slack        0.050ns,  Total Violation        0.000ns
PW    :            0  Failing Endpoints,  Worst Slack        0.750ns,  Total Violation        0.000ns
---------------------------------------------------------------------------------------------------


Max Delay Paths
--------------------------------------------------------------------------------------
Slack (MET) :             3.285ns  (required time - arrival time)
  Source:                 ddr_inst/inst/u_ddr4_infrastructure/counter_input_rst_reg[0]/C
                            (rising edge-triggered cell FDRE clocked by c0_sys_clk_p  {rise@0.000ns fall@2.499ns period=4.998ns})
  Destination:            ddr_inst/inst/u_ddr4_infrastructure/input_rst_design_reg/D
                            (rising edge-triggered cell FDRE clocked by c0_sys_clk_p  {rise@0.000ns fall@2.499ns period=4.998ns})
  Path Group:             c0_sys_clk_p
  Path Type:              Setup (Max at Slow Process Corner)
  Requirement:            4.998ns  (c0_sys_clk_p rise@4.998ns - c0_sys_clk_p rise@0.000ns)
  Data Path Delay:        1.625ns  (logic 0.299ns (18.397%)  route 1.326ns (81.603%))
  Logic Levels:           2  (LUT4=2)
  Clock Path Skew:        -0.078ns (DCD - SCD + CPR)
    Destination Clock Delay (DCD):    2.327ns = ( 7.325 - 4.998 ) 
    Source Clock Delay      (SCD):    2.681ns
    Clock Pessimism Removal (CPR):    0.277ns
  Clock Uncertainty:      0.035ns  ((TSJ^2 + TIJ^2)^1/2 + DJ) / 2 + PE
    Total System Jitter     (TSJ):    0.071ns
    Total Input Jitter      (TIJ):    0.000ns
    Discrete Jitter          (DJ):    0.000ns
    Phase Error              (PE):    0.000ns
  Clock Net Delay (Source):      1.631ns (routing 0.795ns, distribution 0.836ns)
  Clock Net Delay (Destination): 1.445ns (routing 0.722ns, distribution 0.723ns)

    Location             Delay type                Incr(ns)  Path(ns)    Netlist Resource(s)
  -------------------------------------------------------------------    -------------------
                         (clock c0_sys_clk_p rise edge)
                                                      0.000     0.000 r  
    G13                                               0.000     0.000 r  c0_sys_clk_p (IN)
                         net (fo=0)                   0.100     0.100    ddr_inst/inst/u_ddr4_mem_intfc/u_mig_ddr4_phy/inst/u_ddr4_phy_pll/diff_input_clk.u_ibufg_sys_clk/I
    HPIOBDIFFINBUF_X0Y108
                         DIFFINBUF (Prop_DIFFINBUF_HPIOBDIFFINBUF_DIFF_IN_P_O)
                                                      0.549     0.649 r  ddr_inst/inst/u_ddr4_mem_intfc/u_mig_ddr4_phy/inst/u_ddr4_phy_pll/diff_input_clk.u_ibufg_sys_clk/DIFFINBUF_INST/O
                         net (fo=1, routed)           0.050     0.699    ddr_inst/inst/u_ddr4_mem_intfc/u_mig_ddr4_phy/inst/u_ddr4_phy_pll/diff_input_clk.u_ibufg_sys_clk/OUT
    G13                  IBUFCTRL (Prop_IBUFCTRL_HPIOB_M_I_O)
                                                      0.000     0.699 r  ddr_inst/inst/u_ddr4_mem_intfc/u_mig_ddr4_phy/inst/u_ddr4_phy_pll/diff_input_clk.u_ibufg_sys_clk/IBUFCTRL_INST/O
                         net (fo=2, routed)           0.323     1.022    ddr_inst/inst/u_ddr4_infrastructure/sys_clk_in
    BUFGCE_X0Y117        BUFGCE (Prop_BUFCE_BUFGCE_I_O)
                                                      0.028     1.050 r  ddr_inst/inst/u_ddr4_infrastructure/u_bufg_inst/O
    X4Y3 (CLOCK_ROOT)    net (fo=17, routed)          1.631     2.681    ddr_inst/inst/u_ddr4_infrastructure/sys_clk_in_bufg
    SLICE_X81Y223        FDRE                                         r  ddr_inst/inst/u_ddr4_infrastructure/counter_input_rst_reg[0]/C
  -------------------------------------------------------------------    -------------------
    SLICE_X81Y223        FDRE (Prop_BFF2_SLICEL_C_Q)
                                                      0.080     2.761 r  ddr_inst/inst/u_ddr4_infrastructure/counter_input_rst_reg[0]/Q
                         net (fo=6, routed)           0.793     3.554    ddr_inst/inst/u_ddr4_infrastructure/counter_input_rst[0]
    SLICE_X81Y223        LUT4 (Prop_C6LUT_SLICEL_I1_O)
                                                      0.123     3.677 r  ddr_inst/inst/u_ddr4_infrastructure/counter_input_rst[6]_i_3/O
                         net (fo=6, routed)           0.518     4.195    ddr_inst/inst/u_ddr4_infrastructure/counter_input_rst[6]_i_3_n_0
    SLICE_X84Y230        LUT4 (Prop_D5LUT_SLICEL_I3_O)
                                                      0.096     4.291 r  ddr_inst/inst/u_ddr4_infrastructure/input_rst_design_i_1/O
                         net (fo=1, routed)           0.015     4.306    ddr_inst/inst/u_ddr4_infrastructure/input_rst_design_i_1_n_0
    SLICE_X84Y230        FDRE                                         r  ddr_inst/inst/u_ddr4_infrastructure/input_rst_design_reg/D
  -------------------------------------------------------------------    -------------------

                         (clock c0_sys_clk_p rise edge)
                                                      4.998     4.998 r  
    G13                                               0.000     4.998 r  c0_sys_clk_p (IN)
                         net (fo=0)                   0.079     5.077    ddr_inst/inst/u_ddr4_mem_intfc/u_mig_ddr4_phy/inst/u_ddr4_phy_pll/diff_input_clk.u_ibufg_sys_clk/I
    HPIOBDIFFINBUF_X0Y108
                         DIFFINBUF (Prop_DIFFINBUF_HPIOBDIFFINBUF_DIFF_IN_P_O)
                                                      0.453     5.530 r  ddr_inst/inst/u_ddr4_mem_intfc/u_mig_ddr4_phy/inst/u_ddr4_phy_pll/diff_input_clk.u_ibufg_sys_clk/DIFFINBUF_INST/O
                         net (fo=1, routed)           0.040     5.570    ddr_inst/inst/u_ddr4_mem_intfc/u_mig_ddr4_phy/inst/u_ddr4_phy_pll/diff_input_clk.u_ibufg_sys_clk/OUT
    G13                  IBUFCTRL (Prop_IBUFCTRL_HPIOB_M_I_O)
                                                      0.000     5.570 r  ddr_inst/inst/u_ddr4_mem_intfc/u_mig_ddr4_phy/inst/u_ddr4_phy_pll/diff_input_clk.u_ibufg_sys_clk/IBUFCTRL_INST/O
                         net (fo=2, routed)           0.286     5.856    ddr_inst/inst/u_ddr4_infrastructure/sys_clk_in
    BUFGCE_X0Y117        BUFGCE (Prop_BUFCE_BUFGCE_I_O)
                                                      0.024     5.880 r  ddr_inst/inst/u_ddr4_infrastructure/u_bufg_inst/O
    X4Y3 (CLOCK_ROOT)    net (fo=17, routed)          1.445     7.325    ddr_inst/inst/u_ddr4_infrastructure/sys_clk_in_bufg
    SLICE_X84Y230        FDRE                                         r  ddr_inst/inst/u_ddr4_infrastructure/input_rst_design_reg/C
                         clock pessimism              0.277     7.601    
                         clock uncertainty           -0.035     7.566    
    SLICE_X84Y230        FDRE (Setup_DFF2_SLICEL_C_D)
                                                      0.025     7.591    ddr_inst/inst/u_ddr4_infrastructure/input_rst_design_reg
  -------------------------------------------------------------------
                         required time                          7.591    
                         arrival time                          -4.306    
  -------------------------------------------------------------------
                         slack                                  3.285    





Min Delay Paths
--------------------------------------------------------------------------------------
Slack (MET) :             0.050ns  (arrival time - required time)
  Source:                 ddr_inst/inst/u_ddr4_infrastructure/counter_input_rst_reg[2]/C
                            (rising edge-triggered cell FDRE clocked by c0_sys_clk_p  {rise@0.000ns fall@2.499ns period=4.998ns})
  Destination:            ddr_inst/inst/u_ddr4_infrastructure/counter_input_rst_reg[3]/D
                            (rising edge-triggered cell FDRE clocked by c0_sys_clk_p  {rise@0.000ns fall@2.499ns period=4.998ns})
  Path Group:             c0_sys_clk_p
  Path Type:              Hold (Min at Fast Process Corner)
  Requirement:            0.000ns  (c0_sys_clk_p rise@0.000ns - c0_sys_clk_p rise@0.000ns)
  Data Path Delay:        0.103ns  (logic 0.072ns (70.006%)  route 0.031ns (29.994%))
  Logic Levels:           1  (LUT4=1)
  Clock Path Skew:        0.006ns (DCD - SCD - CPR)
    Destination Clock Delay (DCD):    1.780ns
    Source Clock Delay      (SCD):    1.490ns
    Clock Pessimism Removal (CPR):    0.285ns
  Clock Net Delay (Source):      0.902ns (routing 0.437ns, distribution 0.465ns)
  Clock Net Delay (Destination): 1.024ns (routing 0.489ns, distribution 0.535ns)

    Location             Delay type                Incr(ns)  Path(ns)    Netlist Resource(s)
  -------------------------------------------------------------------    -------------------
                         (clock c0_sys_clk_p rise edge)
                                                      0.000     0.000 r  
    G13                                               0.000     0.000 r  c0_sys_clk_p (IN)
                         net (fo=0)                   0.079     0.079    ddr_inst/inst/u_ddr4_mem_intfc/u_mig_ddr4_phy/inst/u_ddr4_phy_pll/diff_input_clk.u_ibufg_sys_clk/I
    HPIOBDIFFINBUF_X0Y108
                         DIFFINBUF (Prop_DIFFINBUF_HPIOBDIFFINBUF_DIFF_IN_P_O)
                                                      0.308     0.387 r  ddr_inst/inst/u_ddr4_mem_intfc/u_mig_ddr4_phy/inst/u_ddr4_phy_pll/diff_input_clk.u_ibufg_sys_clk/DIFFINBUF_INST/O
                         net (fo=1, routed)           0.040     0.427    ddr_inst/inst/u_ddr4_mem_intfc/u_mig_ddr4_phy/inst/u_ddr4_phy_pll/diff_input_clk.u_ibufg_sys_clk/OUT
    G13                  IBUFCTRL (Prop_IBUFCTRL_HPIOB_M_I_O)
                                                      0.000     0.427 r  ddr_inst/inst/u_ddr4_mem_intfc/u_mig_ddr4_phy/inst/u_ddr4_phy_pll/diff_input_clk.u_ibufg_sys_clk/IBUFCTRL_INST/O
                         net (fo=2, routed)           0.144     0.571    ddr_inst/inst/u_ddr4_infrastructure/sys_clk_in
    BUFGCE_X0Y117        BUFGCE (Prop_BUFCE_BUFGCE_I_O)
                                                      0.017     0.588 r  ddr_inst/inst/u_ddr4_infrastructure/u_bufg_inst/O
    X4Y3 (CLOCK_ROOT)    net (fo=17, routed)          0.902     1.490    ddr_inst/inst/u_ddr4_infrastructure/sys_clk_in_bufg
    SLICE_X81Y223        FDRE                                         r  ddr_inst/inst/u_ddr4_infrastructure/counter_input_rst_reg[2]/C
  -------------------------------------------------------------------    -------------------
    SLICE_X81Y223        FDRE (Prop_DFF_SLICEL_C_Q)
                                                      0.039     1.529 r  ddr_inst/inst/u_ddr4_infrastructure/counter_input_rst_reg[2]/Q
                         net (fo=4, routed)           0.025     1.553    ddr_inst/inst/u_ddr4_infrastructure/counter_input_rst[2]
    SLICE_X81Y223        LUT4 (Prop_D5LUT_SLICEL_I1_O)
                                                      0.033     1.586 r  ddr_inst/inst/u_ddr4_infrastructure/counter_input_rst[3]_i_1/O
                         net (fo=1, routed)           0.006     1.592    ddr_inst/inst/u_ddr4_infrastructure/counter_input_rst0[3]
    SLICE_X81Y223        FDRE                                         r  ddr_inst/inst/u_ddr4_infrastructure/counter_input_rst_reg[3]/D
  -------------------------------------------------------------------    -------------------

                         (clock c0_sys_clk_p rise edge)
                                                      0.000     0.000 r  
    G13                                               0.000     0.000 r  c0_sys_clk_p (IN)
                         net (fo=0)                   0.100     0.100    ddr_inst/inst/u_ddr4_mem_intfc/u_mig_ddr4_phy/inst/u_ddr4_phy_pll/diff_input_clk.u_ibufg_sys_clk/I
    HPIOBDIFFINBUF_X0Y108
                         DIFFINBUF (Prop_DIFFINBUF_HPIOBDIFFINBUF_DIFF_IN_P_O)
                                                      0.406     0.506 r  ddr_inst/inst/u_ddr4_mem_intfc/u_mig_ddr4_phy/inst/u_ddr4_phy_pll/diff_input_clk.u_ibufg_sys_clk/DIFFINBUF_INST/O
                         net (fo=1, routed)           0.050     0.556    ddr_inst/inst/u_ddr4_mem_intfc/u_mig_ddr4_phy/inst/u_ddr4_phy_pll/diff_input_clk.u_ibufg_sys_clk/OUT
    G13                  IBUFCTRL (Prop_IBUFCTRL_HPIOB_M_I_O)
                                                      0.000     0.556 r  ddr_inst/inst/u_ddr4_mem_intfc/u_mig_ddr4_phy/inst/u_ddr4_phy_pll/diff_input_clk.u_ibufg_sys_clk/IBUFCTRL_INST/O
                         net (fo=2, routed)           0.181     0.737    ddr_inst/inst/u_ddr4_infrastructure/sys_clk_in
    BUFGCE_X0Y117        BUFGCE (Prop_BUFCE_BUFGCE_I_O)
                                                      0.019     0.756 r  ddr_inst/inst/u_ddr4_infrastructure/u_bufg_inst/O
    X4Y3 (CLOCK_ROOT)    net (fo=17, routed)          1.024     1.780    ddr_inst/inst/u_ddr4_infrastructure/sys_clk_in_bufg
    SLICE_X81Y223        FDRE                                         r  ddr_inst/inst/u_ddr4_infrastructure/counter_input_rst_reg[3]/C
                         clock pessimism             -0.285     1.496    
    SLICE_X81Y223        FDRE (Hold_DFF2_SLICEL_C_D)
                                                      0.047     1.543    ddr_inst/inst/u_ddr4_infrastructure/counter_input_rst_reg[3]
  -------------------------------------------------------------------
                         required time                         -1.543    
                         arrival time                           1.592    
  -------------------------------------------------------------------
                         slack                                  0.050    





Pulse Width Checks
--------------------------------------------------------------------------------------
Clock Name:         c0_sys_clk_p
Waveform(ns):       { 0.000 2.499 }
Period(ns):         4.998
Sources:            { c0_sys_clk_p }

Check Type        Corner  Lib Pin            Reference Pin  Required(ns)  Actual(ns)  Slack(ns)  Location       Pin
Min Period        n/a     BUFGCE/I           n/a            1.290         4.998       3.708      BUFGCE_X0Y117  ddr_inst/inst/u_ddr4_infrastructure/u_bufg_inst/I
Max Period        n/a     MMCME4_ADV/CLKIN1  n/a            100.000       4.998       95.002     MMCM_X0Y4      ddr_inst/inst/u_ddr4_infrastructure/gen_mmcme4.u_mmcme_adv_inst/CLKIN1
Low Pulse Width   Slow    MMCME4_ADV/CLKIN1  n/a            1.749         2.499       0.750      MMCM_X0Y4      ddr_inst/inst/u_ddr4_infrastructure/gen_mmcme4.u_mmcme_adv_inst/CLKIN1
High Pulse Width  Slow    MMCME4_ADV/CLKIN1  n/a            1.749         2.499       0.750      MMCM_X0Y4      ddr_inst/inst/u_ddr4_infrastructure/gen_mmcme4.u_mmcme_adv_inst/CLKIN1



---------------------------------------------------------------------------------------------------
From Clock:  mmcm_clkout0
  To Clock:  mmcm_clkout0

Setup :            0  Failing Endpoints,  Worst Slack        0.043ns,  Total Violation        0.000ns
Hold  :            0  Failing Endpoints,  Worst Slack        0.010ns,  Total Violation        0.000ns
PW    :            0  Failing Endpoints,  Worst Slack        0.500ns,  Total Violation        0.000ns
---------------------------------------------------------------------------------------------------


Max Delay Paths
--------------------------------------------------------------------------------------
Slack (MET) :             0.043ns  (required time - arrival time)
  Source:                 ddr_inst/inst/u_ddr4_mem_intfc/u_ddr_cal_top/rst_r1_reg/C
                            (rising edge-triggered cell FDRE clocked by mmcm_clkout0  {rise@0.000ns fall@1.666ns period=3.332ns})
  Destination:            ddr_inst/inst/u_ddr4_mem_intfc/u_ddr_cal_top/u_ddr_cal/u_ddr_cal_addr_decode/u_ddr_cal_cplx/u_ddr_cal_cplx_data/sel_reg[29]/R
                            (rising edge-triggered cell FDRE clocked by mmcm_clkout0  {rise@0.000ns fall@1.666ns period=3.332ns})
  Path Group:             mmcm_clkout0
  Path Type:              Setup (Max at Slow Process Corner)
  Requirement:            3.332ns  (mmcm_clkout0 rise@3.332ns - mmcm_clkout0 rise@0.000ns)
  Data Path Delay:        3.065ns  (logic 0.080ns (2.610%)  route 2.985ns (97.390%))
  Logic Levels:           0  
  Clock Path Skew:        -0.098ns (DCD - SCD + CPR)
    Destination Clock Delay (DCD):    3.390ns = ( 6.722 - 3.332 ) 
    Source Clock Delay      (SCD):    3.062ns
    Clock Pessimism Removal (CPR):    -0.426ns
  Clock Uncertainty:      0.052ns  ((TSJ^2 + DJ^2)^1/2) / 2 + PE
    Total System Jitter     (TSJ):    0.071ns
    Discrete Jitter          (DJ):    0.077ns
    Phase Error              (PE):    0.000ns
  Clock Net Delay (Source):      1.833ns (routing 0.635ns, distribution 1.198ns)
  Clock Net Delay (Destination): 1.617ns (routing 0.578ns, distribution 1.039ns)

    Location             Delay type                Incr(ns)  Path(ns)    Netlist Resource(s)
  -------------------------------------------------------------------    -------------------
                         (clock mmcm_clkout0 rise edge)
                                                      0.000     0.000 r  
    G13                                               0.000     0.000 r  c0_sys_clk_p (IN)
                         net (fo=0)                   0.100     0.100    ddr_inst/inst/u_ddr4_mem_intfc/u_mig_ddr4_phy/inst/u_ddr4_phy_pll/diff_input_clk.u_ibufg_sys_clk/I
    HPIOBDIFFINBUF_X0Y108
                         DIFFINBUF (Prop_DIFFINBUF_HPIOBDIFFINBUF_DIFF_IN_P_O)
                                                      0.549     0.649 r  ddr_inst/inst/u_ddr4_mem_intfc/u_mig_ddr4_phy/inst/u_ddr4_phy_pll/diff_input_clk.u_ibufg_sys_clk/DIFFINBUF_INST/O
                         net (fo=1, routed)           0.050     0.699    ddr_inst/inst/u_ddr4_mem_intfc/u_mig_ddr4_phy/inst/u_ddr4_phy_pll/diff_input_clk.u_ibufg_sys_clk/OUT
    G13                  IBUFCTRL (Prop_IBUFCTRL_HPIOB_M_I_O)
                                                      0.000     0.699 r  ddr_inst/inst/u_ddr4_mem_intfc/u_mig_ddr4_phy/inst/u_ddr4_phy_pll/diff_input_clk.u_ibufg_sys_clk/IBUFCTRL_INST/O
                         net (fo=2, routed)           0.384     1.083    ddr_inst/inst/u_ddr4_infrastructure/mmcm_clk_in
    MMCM_X0Y4            MMCME4_ADV (Prop_MMCM_CLKIN1_CLKOUT0)
                                                     -0.127     0.956 r  ddr_inst/inst/u_ddr4_infrastructure/gen_mmcme4.u_mmcme_adv_inst/CLKOUT0
                         net (fo=1, routed)           0.245     1.201    ddr_inst/inst/u_ddr4_infrastructure/mmcm_clkout0
    BUFGCE_X0Y118        BUFGCE (Prop_BUFCE_BUFGCE_I_O)
                                                      0.028     1.229 r  ddr_inst/inst/u_ddr4_infrastructure/u_bufg_divClk/O
    X4Y5 (CLOCK_ROOT)    net (fo=50920, routed)       1.833     3.062    ddr_inst/inst/u_ddr4_mem_intfc/u_ddr_cal_top/dReg_reg[10]
    SLICE_X89Y304        FDRE                                         r  ddr_inst/inst/u_ddr4_mem_intfc/u_ddr_cal_top/rst_r1_reg/C
  -------------------------------------------------------------------    -------------------
    SLICE_X89Y304        FDRE (Prop_BFF2_SLICEM_C_Q)
                                                      0.080     3.142 r  ddr_inst/inst/u_ddr4_mem_intfc/u_ddr_cal_top/rst_r1_reg/Q
                         net (fo=462, routed)         2.985     6.127    ddr_inst/inst/u_ddr4_mem_intfc/u_ddr_cal_top/u_ddr_cal/u_ddr_cal_addr_decode/u_ddr_cal_cplx/u_ddr_cal_cplx_data/rst_r1_alias
    SLICE_X88Y333        FDRE                                         r  ddr_inst/inst/u_ddr4_mem_intfc/u_ddr_cal_top/u_ddr_cal/u_ddr_cal_addr_decode/u_ddr_cal_cplx/u_ddr_cal_cplx_data/sel_reg[29]/R
  -------------------------------------------------------------------    -------------------

                         (clock mmcm_clkout0 rise edge)
                                                      3.332     3.332 r  
    G13                                               0.000     3.332 r  c0_sys_clk_p (IN)
                         net (fo=0)                   0.079     3.411    ddr_inst/inst/u_ddr4_mem_intfc/u_mig_ddr4_phy/inst/u_ddr4_phy_pll/diff_input_clk.u_ibufg_sys_clk/I
    HPIOBDIFFINBUF_X0Y108
                         DIFFINBUF (Prop_DIFFINBUF_HPIOBDIFFINBUF_DIFF_IN_P_O)
                                                      0.453     3.864 r  ddr_inst/inst/u_ddr4_mem_intfc/u_mig_ddr4_phy/inst/u_ddr4_phy_pll/diff_input_clk.u_ibufg_sys_clk/DIFFINBUF_INST/O
                         net (fo=1, routed)           0.040     3.904    ddr_inst/inst/u_ddr4_mem_intfc/u_mig_ddr4_phy/inst/u_ddr4_phy_pll/diff_input_clk.u_ibufg_sys_clk/OUT
    G13                  IBUFCTRL (Prop_IBUFCTRL_HPIOB_M_I_O)
                                                      0.000     3.904 r  ddr_inst/inst/u_ddr4_mem_intfc/u_mig_ddr4_phy/inst/u_ddr4_phy_pll/diff_input_clk.u_ibufg_sys_clk/IBUFCTRL_INST/O
                         net (fo=2, routed)           0.333     4.237    ddr_inst/inst/u_ddr4_infrastructure/mmcm_clk_in
    MMCM_X0Y4            MMCME4_ADV (Prop_MMCM_CLKIN1_CLKOUT0)
                                                      0.630     4.867 r  ddr_inst/inst/u_ddr4_infrastructure/gen_mmcme4.u_mmcme_adv_inst/CLKOUT0
                         net (fo=1, routed)           0.215     5.082    ddr_inst/inst/u_ddr4_infrastructure/mmcm_clkout0
    BUFGCE_X0Y118        BUFGCE (Prop_BUFCE_BUFGCE_I_O)
                                                      0.024     5.106 r  ddr_inst/inst/u_ddr4_infrastructure/u_bufg_divClk/O
    X4Y5 (CLOCK_ROOT)    net (fo=50920, routed)       1.617     6.722    ddr_inst/inst/u_ddr4_mem_intfc/u_ddr_cal_top/u_ddr_cal/u_ddr_cal_addr_decode/u_ddr_cal_cplx/u_ddr_cal_cplx_data/rd_addr_101_reg[7]_0
    SLICE_X88Y333        FDRE                                         r  ddr_inst/inst/u_ddr4_mem_intfc/u_ddr_cal_top/u_ddr_cal/u_ddr_cal_addr_decode/u_ddr_cal_cplx/u_ddr_cal_cplx_data/sel_reg[29]/C
                         clock pessimism             -0.426     6.296    
                         clock uncertainty           -0.052     6.244    
    SLICE_X88Y333        FDRE (Setup_DFF_SLICEL_C_R)
                                                     -0.074     6.170    ddr_inst/inst/u_ddr4_mem_intfc/u_ddr_cal_top/u_ddr_cal/u_ddr_cal_addr_decode/u_ddr_cal_cplx/u_ddr_cal_cplx_data/sel_reg[29]
  -------------------------------------------------------------------
                         required time                          6.170    
                         arrival time                          -6.127    
  -------------------------------------------------------------------
                         slack                                  0.043    





Min Delay Paths
--------------------------------------------------------------------------------------
Slack (MET) :             0.010ns  (arrival time - required time)
  Source:                 ddr_inst/inst/u_ddr4_mem_intfc/u_ddr_cal_top/mcal_clb2phy_fifo_rden_reg[42]/C
                            (rising edge-triggered cell FDSE clocked by mmcm_clkout0  {rise@0.000ns fall@1.666ns period=3.332ns})
  Destination:            ddr_inst/inst/u_ddr4_mem_intfc/u_mig_ddr4_phy/inst/generate_block1.u_ddr_xiphy/byte_num[10].xiphy_byte_wrapper.u_xiphy_byte_wrapper/I_BITSLICE_LOWER[3].GEN_RXTX_BITSLICE_EN.u_xiphy_bitslice_lower/xiphy_rxtx_bitslice/FIFO_RD_EN
                            (rising edge-triggered cell RXTX_BITSLICE clocked by mmcm_clkout0  {rise@0.000ns fall@1.666ns period=3.332ns})
  Path Group:             mmcm_clkout0
  Path Type:              Hold (Min at Fast Process Corner)
  Requirement:            0.000ns  (mmcm_clkout0 rise@0.000ns - mmcm_clkout0 rise@0.000ns)
  Data Path Delay:        0.190ns  (logic 0.040ns (21.053%)  route 0.150ns (78.947%))
  Logic Levels:           0  
  Clock Path Skew:        0.140ns (DCD - SCD - CPR)
    Destination Clock Delay (DCD):    1.935ns
    Source Clock Delay      (SCD):    2.029ns
    Clock Pessimism Removal (CPR):    -0.234ns
  Clock Net Delay (Source):      1.013ns (routing 0.349ns, distribution 0.664ns)
  Clock Net Delay (Destination): 1.266ns (routing 0.390ns, distribution 0.876ns)

    Location             Delay type                Incr(ns)  Path(ns)    Netlist Resource(s)
  -------------------------------------------------------------------    -------------------
                         (clock mmcm_clkout0 rise edge)
                                                      0.000     0.000 r  
    G13                                               0.000     0.000 r  c0_sys_clk_p (IN)
                         net (fo=0)                   0.079     0.079    ddr_inst/inst/u_ddr4_mem_intfc/u_mig_ddr4_phy/inst/u_ddr4_phy_pll/diff_input_clk.u_ibufg_sys_clk/I
    HPIOBDIFFINBUF_X0Y108
                         DIFFINBUF (Prop_DIFFINBUF_HPIOBDIFFINBUF_DIFF_IN_P_O)
                                                      0.308     0.387 r  ddr_inst/inst/u_ddr4_mem_intfc/u_mig_ddr4_phy/inst/u_ddr4_phy_pll/diff_input_clk.u_ibufg_sys_clk/DIFFINBUF_INST/O
                         net (fo=1, routed)           0.040     0.427    ddr_inst/inst/u_ddr4_mem_intfc/u_mig_ddr4_phy/inst/u_ddr4_phy_pll/diff_input_clk.u_ibufg_sys_clk/OUT
    G13                  IBUFCTRL (Prop_IBUFCTRL_HPIOB_M_I_O)
                                                      0.000     0.427 r  ddr_inst/inst/u_ddr4_mem_intfc/u_mig_ddr4_phy/inst/u_ddr4_phy_pll/diff_input_clk.u_ibufg_sys_clk/IBUFCTRL_INST/O
                         net (fo=2, routed)           0.196     0.623    ddr_inst/inst/u_ddr4_infrastructure/mmcm_clk_in
    MMCM_X0Y4            MMCME4_ADV (Prop_MMCM_CLKIN1_CLKOUT0)
                                                      0.230     0.853 r  ddr_inst/inst/u_ddr4_infrastructure/gen_mmcme4.u_mmcme_adv_inst/CLKOUT0
                         net (fo=1, routed)           0.146     0.999    ddr_inst/inst/u_ddr4_infrastructure/mmcm_clkout0
    BUFGCE_X0Y118        BUFGCE (Prop_BUFCE_BUFGCE_I_O)
                                                      0.017     1.016 r  ddr_inst/inst/u_ddr4_infrastructure/u_bufg_divClk/O
    X4Y5 (CLOCK_ROOT)    net (fo=50920, routed)       1.013     2.029    ddr_inst/inst/u_ddr4_mem_intfc/u_ddr_cal_top/dReg_reg[10]
    SLICE_X81Y334        FDSE                                         r  ddr_inst/inst/u_ddr4_mem_intfc/u_ddr_cal_top/mcal_clb2phy_fifo_rden_reg[42]/C
  -------------------------------------------------------------------    -------------------
    SLICE_X81Y334        FDSE (Prop_FFF2_SLICEL_C_Q)
                                                      0.040     2.069 r  ddr_inst/inst/u_ddr4_mem_intfc/u_ddr_cal_top/mcal_clb2phy_fifo_rden_reg[42]/Q
                         net (fo=1, routed)           0.150     2.219    ddr_inst/inst/u_ddr4_mem_intfc/u_mig_ddr4_phy/inst/generate_block1.u_ddr_xiphy/byte_num[10].xiphy_byte_wrapper.u_xiphy_byte_wrapper/I_BITSLICE_LOWER[3].GEN_RXTX_BITSLICE_EN.u_xiphy_bitslice_lower/ch0_mcal_clb2phy_fifo_rden[0]
    BITSLICE_RX_TX_X0Y289
                         RXTX_BITSLICE                                r  ddr_inst/inst/u_ddr4_mem_intfc/u_mig_ddr4_phy/inst/generate_block1.u_ddr_xiphy/byte_num[10].xiphy_byte_wrapper.u_xiphy_byte_wrapper/I_BITSLICE_LOWER[3].GEN_RXTX_BITSLICE_EN.u_xiphy_bitslice_lower/xiphy_rxtx_bitslice/FIFO_RD_EN
  -------------------------------------------------------------------    -------------------

                         (clock mmcm_clkout0 rise edge)
                                                      0.000     0.000 r  
    G13                                               0.000     0.000 r  c0_sys_clk_p (IN)
                         net (fo=0)                   0.100     0.100    ddr_inst/inst/u_ddr4_mem_intfc/u_mig_ddr4_phy/inst/u_ddr4_phy_pll/diff_input_clk.u_ibufg_sys_clk/I
    HPIOBDIFFINBUF_X0Y108
                         DIFFINBUF (Prop_DIFFINBUF_HPIOBDIFFINBUF_DIFF_IN_P_O)
                                                      0.406     0.506 r  ddr_inst/inst/u_ddr4_mem_intfc/u_mig_ddr4_phy/inst/u_ddr4_phy_pll/diff_input_clk.u_ibufg_sys_clk/DIFFINBUF_INST/O
                         net (fo=1, routed)           0.050     0.556    ddr_inst/inst/u_ddr4_mem_intfc/u_mig_ddr4_phy/inst/u_ddr4_phy_pll/diff_input_clk.u_ibufg_sys_clk/OUT
    G13                  IBUFCTRL (Prop_IBUFCTRL_HPIOB_M_I_O)
                                                      0.000     0.556 r  ddr_inst/inst/u_ddr4_mem_intfc/u_mig_ddr4_phy/inst/u_ddr4_phy_pll/diff_input_clk.u_ibufg_sys_clk/IBUFCTRL_INST/O
                         net (fo=2, routed)           0.222     0.778    ddr_inst/inst/u_ddr4_infrastructure/mmcm_clk_in
    MMCM_X0Y4            MMCME4_ADV (Prop_MMCM_CLKIN1_CLKOUT0)
                                                     -0.295     0.483 r  ddr_inst/inst/u_ddr4_infrastructure/gen_mmcme4.u_mmcme_adv_inst/CLKOUT0
                         net (fo=1, routed)           0.166     0.649    ddr_inst/inst/u_ddr4_infrastructure/mmcm_clkout0
    BUFGCE_X0Y118        BUFGCE (Prop_BUFCE_BUFGCE_I_O)
                                                      0.019     0.668 r  ddr_inst/inst/u_ddr4_infrastructure/u_bufg_divClk/O
    X4Y5 (CLOCK_ROOT)    net (fo=50920, routed)       1.266     1.935    ddr_inst/inst/u_ddr4_mem_intfc/u_mig_ddr4_phy/inst/generate_block1.u_ddr_xiphy/byte_num[10].xiphy_byte_wrapper.u_xiphy_byte_wrapper/I_BITSLICE_LOWER[3].GEN_RXTX_BITSLICE_EN.u_xiphy_bitslice_lower/div_clk
    BITSLICE_RX_TX_X0Y289
                         RXTX_BITSLICE                                r  ddr_inst/inst/u_ddr4_mem_intfc/u_mig_ddr4_phy/inst/generate_block1.u_ddr_xiphy/byte_num[10].xiphy_byte_wrapper.u_xiphy_byte_wrapper/I_BITSLICE_LOWER[3].GEN_RXTX_BITSLICE_EN.u_xiphy_bitslice_lower/xiphy_rxtx_bitslice/FIFO_RD_CLK
                         clock pessimism              0.234     2.169    
    BITSLICE_RX_TX_X0Y289
                         RXTX_BITSLICE (Hold_RXTX_BITSLICE_BITSLICE_RX_TX_FIFO_RD_CLK_FIFO_RD_EN)
                                                      0.040     2.209    ddr_inst/inst/u_ddr4_mem_intfc/u_mig_ddr4_phy/inst/generate_block1.u_ddr_xiphy/byte_num[10].xiphy_byte_wrapper.u_xiphy_byte_wrapper/I_BITSLICE_LOWER[3].GEN_RXTX_BITSLICE_EN.u_xiphy_bitslice_lower/xiphy_rxtx_bitslice
  -------------------------------------------------------------------
                         required time                         -2.209    
                         arrival time                           2.219    
  -------------------------------------------------------------------
                         slack                                  0.010    





Pulse Width Checks
--------------------------------------------------------------------------------------
Clock Name:         mmcm_clkout0
Waveform(ns):       { 0.000 1.666 }
Period(ns):         3.332
Sources:            { ddr_inst/inst/u_ddr4_infrastructure/gen_mmcme4.u_mmcme_adv_inst/CLKOUT0 }

Check Type        Corner  Lib Pin                    Reference Pin  Required(ns)  Actual(ns)  Slack(ns)  Location               Pin
Min Period        n/a     RXTX_BITSLICE/FIFO_RD_CLK  n/a            1.694         3.332       1.638      BITSLICE_RX_TX_X0Y156  ddr_inst/inst/u_ddr4_mem_intfc/u_mig_ddr4_phy/inst/generate_block1.u_ddr_xiphy/byte_num[0].xiphy_byte_wrapper.u_xiphy_byte_wrapper/I_BITSLICE_LOWER[0].GEN_RXTX_BITSLICE_EN.u_xiphy_bitslice_lower/xiphy_rxtx_bitslice/FIFO_RD_CLK
Max Period        n/a     PLLE4_ADV/CLKIN            n/a            14.286        3.332       10.954     PLL_X0Y7               ddr_inst/inst/u_ddr4_mem_intfc/u_mig_ddr4_phy/inst/u_ddr4_phy_pll/plle_loop[0].gen_plle4.PLLE4_BASE_INST_OTHER/CLKIN
Low Pulse Width   Slow    PLLE4_ADV/CLKIN            n/a            1.166         1.666       0.500      PLL_X0Y7               ddr_inst/inst/u_ddr4_mem_intfc/u_mig_ddr4_phy/inst/u_ddr4_phy_pll/plle_loop[0].gen_plle4.PLLE4_BASE_INST_OTHER/CLKIN
High Pulse Width  Slow    PLLE4_ADV/CLKIN            n/a            1.166         1.666       0.500      PLL_X0Y7               ddr_inst/inst/u_ddr4_mem_intfc/u_mig_ddr4_phy/inst/u_ddr4_phy_pll/plle_loop[0].gen_plle4.PLLE4_BASE_INST_OTHER/CLKIN



---------------------------------------------------------------------------------------------------
From Clock:  pll_clk[0]
  To Clock:  pll_clk[0]

Setup :           NA  Failing Endpoints,  Worst Slack           NA  ,  Total Violation           NA
Hold  :           NA  Failing Endpoints,  Worst Slack           NA  ,  Total Violation           NA
PW    :            0  Failing Endpoints,  Worst Slack        0.039ns,  Total Violation        0.000ns
---------------------------------------------------------------------------------------------------


Pulse Width Checks
--------------------------------------------------------------------------------------
Clock Name:         pll_clk[0]
Waveform(ns):       { 0.000 0.208 }
Period(ns):         0.417
Sources:            { ddr_inst/inst/u_ddr4_mem_intfc/u_mig_ddr4_phy/inst/u_ddr4_phy_pll/plle_loop[0].gen_plle4.PLLE4_BASE_INST_OTHER/CLKOUTPHY }

Check Type        Corner  Lib Pin                   Reference Pin             Required(ns)  Actual(ns)  Slack(ns)  Location                Pin
Min Period        n/a     BITSLICE_CONTROL/PLL_CLK  n/a                       0.375         0.417       0.042      BITSLICE_CONTROL_X0Y24  ddr_inst/inst/u_ddr4_mem_intfc/u_mig_ddr4_phy/inst/generate_block1.u_ddr_xiphy/byte_num[0].xiphy_byte_wrapper.u_xiphy_byte_wrapper/I_CONTROL[0].GEN_I_CONTROL.u_xiphy_control/xiphy_control/PLL_CLK
Low Pulse Width   Slow    BITSLICE_CONTROL/PLL_CLK  n/a                       0.169         0.208       0.039      BITSLICE_CONTROL_X0Y24  ddr_inst/inst/u_ddr4_mem_intfc/u_mig_ddr4_phy/inst/generate_block1.u_ddr_xiphy/byte_num[0].xiphy_byte_wrapper.u_xiphy_byte_wrapper/I_CONTROL[0].GEN_I_CONTROL.u_xiphy_control/xiphy_control/PLL_CLK
High Pulse Width  Slow    BITSLICE_CONTROL/PLL_CLK  n/a                       0.169         0.208       0.039      BITSLICE_CONTROL_X0Y24  ddr_inst/inst/u_ddr4_mem_intfc/u_mig_ddr4_phy/inst/generate_block1.u_ddr_xiphy/byte_num[0].xiphy_byte_wrapper.u_xiphy_byte_wrapper/I_CONTROL[0].GEN_I_CONTROL.u_xiphy_control/xiphy_control/PLL_CLK
Max Skew          Fast    BITSLICE_CONTROL/PLL_CLK  BITSLICE_CONTROL/RIU_CLK  -0.300        -1.391      1.091      BITSLICE_CONTROL_X0Y28  ddr_inst/inst/u_ddr4_mem_intfc/u_mig_ddr4_phy/inst/generate_block1.u_ddr_xiphy/byte_num[2].xiphy_byte_wrapper.u_xiphy_byte_wrapper/I_CONTROL[0].GEN_I_CONTROL.u_xiphy_control/xiphy_control/PLL_CLK



---------------------------------------------------------------------------------------------------
From Clock:  pll_clk[0]_DIV
  To Clock:  pll_clk[0]_DIV

Setup :           NA  Failing Endpoints,  Worst Slack           NA  ,  Total Violation           NA
Hold  :           NA  Failing Endpoints,  Worst Slack           NA  ,  Total Violation           NA
PW    :            0  Failing Endpoints,  Worst Slack        0.466ns,  Total Violation        0.000ns
---------------------------------------------------------------------------------------------------


Pulse Width Checks
--------------------------------------------------------------------------------------
Clock Name:         pll_clk[0]_DIV
Waveform(ns):       { 0.000 1.666 }
Period(ns):         3.332
Sources:            { ddr_inst/inst/u_ddr4_mem_intfc/u_mig_ddr4_phy/inst/generate_block1.u_ddr_xiphy/byte_num[0].xiphy_byte_wrapper.u_xiphy_byte_wrapper/I_CONTROL[0].GEN_I_CONTROL.u_xiphy_control/xiphy_control/RX_DIV4_CLK_Q ddr_inst/inst/u_ddr4_mem_intfc/u_mig_ddr4_phy/inst/generate_block1.u_ddr_xiphy/byte_num[0].xiphy_byte_wrapper.u_xiphy_byte_wrapper/I_CONTROL[0].GEN_I_CONTROL.u_xiphy_control/xiphy_control/TX_DIV4_CLK_Q ddr_inst/inst/u_ddr4_mem_intfc/u_mig_ddr4_phy/inst/generate_block1.u_ddr_xiphy/byte_num[0].xiphy_byte_wrapper.u_xiphy_byte_wrapper/I_CONTROL[1].GEN_I_CONTROL.u_xiphy_control/xiphy_control/RX_DIV4_CLK_Q ddr_inst/inst/u_ddr4_mem_intfc/u_mig_ddr4_phy/inst/generate_block1.u_ddr_xiphy/byte_num[0].xiphy_byte_wrapper.u_xiphy_byte_wrapper/I_CONTROL[1].GEN_I_CONTROL.u_xiphy_control/xiphy_control/TX_DIV4_CLK_Q ddr_inst/inst/u_ddr4_mem_intfc/u_mig_ddr4_phy/inst/generate_block1.u_ddr_xiphy/byte_num[1].xiphy_byte_wrapper.u_xiphy_byte_wrapper/I_CONTROL[0].GEN_I_CONTROL.u_xiphy_control/xiphy_control/RX_DIV4_CLK_Q ddr_inst/inst/u_ddr4_mem_intfc/u_mig_ddr4_phy/inst/generate_block1.u_ddr_xiphy/byte_num[1].xiphy_byte_wrapper.u_xiphy_byte_wrapper/I_CONTROL[0].GEN_I_CONTROL.u_xiphy_control/xiphy_control/TX_DIV4_CLK_Q ddr_inst/inst/u_ddr4_mem_intfc/u_mig_ddr4_phy/inst/generate_block1.u_ddr_xiphy/byte_num[1].xiphy_byte_wrapper.u_xiphy_byte_wrapper/I_CONTROL[1].GEN_I_CONTROL.u_xiphy_control/xiphy_control/RX_DIV4_CLK_Q ddr_inst/inst/u_ddr4_mem_intfc/u_mig_ddr4_phy/inst/generate_block1.u_ddr_xiphy/byte_num[1].xiphy_byte_wrapper.u_xiphy_byte_wrapper/I_CONTROL[1].GEN_I_CONTROL.u_xiphy_control/xiphy_control/TX_DIV4_CLK_Q ddr_inst/inst/u_ddr4_mem_intfc/u_mig_ddr4_phy/inst/generate_block1.u_ddr_xiphy/byte_num[2].xiphy_byte_wrapper.u_xiphy_byte_wrapper/I_CONTROL[0].GEN_I_CONTROL.u_xiphy_control/xiphy_control/RX_DIV4_CLK_Q ddr_inst/inst/u_ddr4_mem_intfc/u_mig_ddr4_phy/inst/generate_block1.u_ddr_xiphy/byte_num[2].xiphy_byte_wrapper.u_xiphy_byte_wrapper/I_CONTROL[0].GEN_I_CONTROL.u_xiphy_control/xiphy_control/TX_DIV4_CLK_Q ddr_inst/inst/u_ddr4_mem_intfc/u_mig_ddr4_phy/inst/generate_block1.u_ddr_xiphy/byte_num[2].xiphy_byte_wrapper.u_xiphy_byte_wrapper/I_CONTROL[1].GEN_I_CONTROL.u_xiphy_control/xiphy_control/RX_DIV4_CLK_Q ddr_inst/inst/u_ddr4_mem_intfc/u_mig_ddr4_phy/inst/generate_block1.u_ddr_xiphy/byte_num[2].xiphy_byte_wrapper.u_xiphy_byte_wrapper/I_CONTROL[1].GEN_I_CONTROL.u_xiphy_control/xiphy_control/TX_DIV4_CLK_Q ddr_inst/inst/u_ddr4_mem_intfc/u_mig_ddr4_phy/inst/generate_block1.u_ddr_xiphy/byte_num[3].xiphy_byte_wrapper.u_xiphy_byte_wrapper/I_CONTROL[0].GEN_I_CONTROL.u_xiphy_control/xiphy_control/RX_DIV4_CLK_Q ddr_inst/inst/u_ddr4_mem_intfc/u_mig_ddr4_phy/inst/generate_block1.u_ddr_xiphy/byte_num[3].xiphy_byte_wrapper.u_xiphy_byte_wrapper/I_CONTROL[0].GEN_I_CONTROL.u_xiphy_control/xiphy_control/TX_DIV4_CLK_Q ddr_inst/inst/u_ddr4_mem_intfc/u_mig_ddr4_phy/inst/generate_block1.u_ddr_xiphy/byte_num[3].xiphy_byte_wrapper.u_xiphy_byte_wrapper/I_CONTROL[1].GEN_I_CONTROL.u_xiphy_control/xiphy_control/RX_DIV4_CLK_Q ddr_inst/inst/u_ddr4_mem_intfc/u_mig_ddr4_phy/inst/generate_block1.u_ddr_xiphy/byte_num[3].xiphy_byte_wrapper.u_xiphy_byte_wrapper/I_CONTROL[1].GEN_I_CONTROL.u_xiphy_control/xiphy_control/TX_DIV4_CLK_Q }

Check Type        Corner  Lib Pin                           Reference Pin  Required(ns)  Actual(ns)  Slack(ns)  Location               Pin
Min Period        n/a     RXTX_BITSLICE/TX_BIT_CTRL_IN[26]  n/a            2.667         3.332       0.665      BITSLICE_RX_TX_X0Y156  ddr_inst/inst/u_ddr4_mem_intfc/u_mig_ddr4_phy/inst/generate_block1.u_ddr_xiphy/byte_num[0].xiphy_byte_wrapper.u_xiphy_byte_wrapper/I_BITSLICE_LOWER[0].GEN_RXTX_BITSLICE_EN.u_xiphy_bitslice_lower/xiphy_rxtx_bitslice/TX_BIT_CTRL_IN[26]
Low Pulse Width   Slow    RXTX_BITSLICE/TX_BIT_CTRL_IN[26]  n/a            1.200         1.666       0.466      BITSLICE_RX_TX_X0Y156  ddr_inst/inst/u_ddr4_mem_intfc/u_mig_ddr4_phy/inst/generate_block1.u_ddr_xiphy/byte_num[0].xiphy_byte_wrapper.u_xiphy_byte_wrapper/I_BITSLICE_LOWER[0].GEN_RXTX_BITSLICE_EN.u_xiphy_bitslice_lower/xiphy_rxtx_bitslice/TX_BIT_CTRL_IN[26]
High Pulse Width  Slow    RXTX_BITSLICE/TX_BIT_CTRL_IN[26]  n/a            1.200         1.666       0.466      BITSLICE_RX_TX_X0Y156  ddr_inst/inst/u_ddr4_mem_intfc/u_mig_ddr4_phy/inst/generate_block1.u_ddr_xiphy/byte_num[0].xiphy_byte_wrapper.u_xiphy_byte_wrapper/I_BITSLICE_LOWER[0].GEN_RXTX_BITSLICE_EN.u_xiphy_bitslice_lower/xiphy_rxtx_bitslice/TX_BIT_CTRL_IN[26]



---------------------------------------------------------------------------------------------------
From Clock:  pll_clk[1]
  To Clock:  pll_clk[1]

Setup :           NA  Failing Endpoints,  Worst Slack           NA  ,  Total Violation           NA
Hold  :           NA  Failing Endpoints,  Worst Slack           NA  ,  Total Violation           NA
PW    :            0  Failing Endpoints,  Worst Slack        0.039ns,  Total Violation        0.000ns
---------------------------------------------------------------------------------------------------


Pulse Width Checks
--------------------------------------------------------------------------------------
Clock Name:         pll_clk[1]
Waveform(ns):       { 0.000 0.208 }
Period(ns):         0.417
Sources:            { ddr_inst/inst/u_ddr4_mem_intfc/u_mig_ddr4_phy/inst/u_ddr4_phy_pll/plle_loop[1].gen_plle4.PLLE4_BASE_INST_OTHER/CLKOUTPHY }

Check Type        Corner  Lib Pin                   Reference Pin  Required(ns)  Actual(ns)  Slack(ns)  Location                Pin
Min Period        n/a     BITSLICE_CONTROL/PLL_CLK  n/a            0.375         0.417       0.042      BITSLICE_CONTROL_X0Y32  ddr_inst/inst/u_ddr4_mem_intfc/u_mig_ddr4_phy/inst/generate_block1.u_ddr_xiphy/byte_num[4].xiphy_byte_wrapper.u_xiphy_byte_wrapper/I_CONTROL[0].GEN_I_CONTROL.u_xiphy_control/xiphy_control/PLL_CLK
Low Pulse Width   Slow    BITSLICE_CONTROL/PLL_CLK  n/a            0.169         0.208       0.039      BITSLICE_CONTROL_X0Y32  ddr_inst/inst/u_ddr4_mem_intfc/u_mig_ddr4_phy/inst/generate_block1.u_ddr_xiphy/byte_num[4].xiphy_byte_wrapper.u_xiphy_byte_wrapper/I_CONTROL[0].GEN_I_CONTROL.u_xiphy_control/xiphy_control/PLL_CLK
High Pulse Width  Slow    BITSLICE_CONTROL/PLL_CLK  n/a            0.169         0.208       0.039      BITSLICE_CONTROL_X0Y32  ddr_inst/inst/u_ddr4_mem_intfc/u_mig_ddr4_phy/inst/generate_block1.u_ddr_xiphy/byte_num[4].xiphy_byte_wrapper.u_xiphy_byte_wrapper/I_CONTROL[0].GEN_I_CONTROL.u_xiphy_control/xiphy_control/PLL_CLK



---------------------------------------------------------------------------------------------------
From Clock:  pll_clk[1]_DIV
  To Clock:  pll_clk[1]_DIV

Setup :           NA  Failing Endpoints,  Worst Slack           NA  ,  Total Violation           NA
Hold  :           NA  Failing Endpoints,  Worst Slack           NA  ,  Total Violation           NA
PW    :            0  Failing Endpoints,  Worst Slack        0.466ns,  Total Violation        0.000ns
---------------------------------------------------------------------------------------------------


Pulse Width Checks
--------------------------------------------------------------------------------------
Clock Name:         pll_clk[1]_DIV
Waveform(ns):       { 0.000 1.666 }
Period(ns):         3.332
Sources:            { ddr_inst/inst/u_ddr4_mem_intfc/u_mig_ddr4_phy/inst/generate_block1.u_ddr_xiphy/byte_num[4].xiphy_byte_wrapper.u_xiphy_byte_wrapper/I_CONTROL[0].GEN_I_CONTROL.u_xiphy_control/xiphy_control/RX_DIV4_CLK_Q ddr_inst/inst/u_ddr4_mem_intfc/u_mig_ddr4_phy/inst/generate_block1.u_ddr_xiphy/byte_num[4].xiphy_byte_wrapper.u_xiphy_byte_wrapper/I_CONTROL[0].GEN_I_CONTROL.u_xiphy_control/xiphy_control/TX_DIV4_CLK_Q ddr_inst/inst/u_ddr4_mem_intfc/u_mig_ddr4_phy/inst/generate_block1.u_ddr_xiphy/byte_num[4].xiphy_byte_wrapper.u_xiphy_byte_wrapper/I_CONTROL[1].GEN_I_CONTROL.u_xiphy_control/xiphy_control/RX_DIV4_CLK_Q ddr_inst/inst/u_ddr4_mem_intfc/u_mig_ddr4_phy/inst/generate_block1.u_ddr_xiphy/byte_num[4].xiphy_byte_wrapper.u_xiphy_byte_wrapper/I_CONTROL[1].GEN_I_CONTROL.u_xiphy_control/xiphy_control/TX_DIV4_CLK_Q ddr_inst/inst/u_ddr4_mem_intfc/u_mig_ddr4_phy/inst/generate_block1.u_ddr_xiphy/byte_num[5].xiphy_byte_wrapper.u_xiphy_byte_wrapper/I_CONTROL[0].GEN_I_CONTROL.u_xiphy_control/xiphy_control/RX_DIV4_CLK_Q ddr_inst/inst/u_ddr4_mem_intfc/u_mig_ddr4_phy/inst/generate_block1.u_ddr_xiphy/byte_num[5].xiphy_byte_wrapper.u_xiphy_byte_wrapper/I_CONTROL[0].GEN_I_CONTROL.u_xiphy_control/xiphy_control/TX_DIV4_CLK_Q ddr_inst/inst/u_ddr4_mem_intfc/u_mig_ddr4_phy/inst/generate_block1.u_ddr_xiphy/byte_num[5].xiphy_byte_wrapper.u_xiphy_byte_wrapper/I_CONTROL[1].GEN_I_CONTROL.u_xiphy_control/xiphy_control/RX_DIV4_CLK_Q ddr_inst/inst/u_ddr4_mem_intfc/u_mig_ddr4_phy/inst/generate_block1.u_ddr_xiphy/byte_num[5].xiphy_byte_wrapper.u_xiphy_byte_wrapper/I_CONTROL[1].GEN_I_CONTROL.u_xiphy_control/xiphy_control/TX_DIV4_CLK_Q ddr_inst/inst/u_ddr4_mem_intfc/u_mig_ddr4_phy/inst/generate_block1.u_ddr_xiphy/byte_num[6].xiphy_byte_wrapper.u_xiphy_byte_wrapper/I_CONTROL[0].GEN_I_CONTROL.u_xiphy_control/xiphy_control/RX_DIV4_CLK_Q ddr_inst/inst/u_ddr4_mem_intfc/u_mig_ddr4_phy/inst/generate_block1.u_ddr_xiphy/byte_num[6].xiphy_byte_wrapper.u_xiphy_byte_wrapper/I_CONTROL[0].GEN_I_CONTROL.u_xiphy_control/xiphy_control/TX_DIV4_CLK_Q ddr_inst/inst/u_ddr4_mem_intfc/u_mig_ddr4_phy/inst/generate_block1.u_ddr_xiphy/byte_num[6].xiphy_byte_wrapper.u_xiphy_byte_wrapper/I_CONTROL[1].GEN_I_CONTROL.u_xiphy_control/xiphy_control/RX_DIV4_CLK_Q ddr_inst/inst/u_ddr4_mem_intfc/u_mig_ddr4_phy/inst/generate_block1.u_ddr_xiphy/byte_num[6].xiphy_byte_wrapper.u_xiphy_byte_wrapper/I_CONTROL[1].GEN_I_CONTROL.u_xiphy_control/xiphy_control/TX_DIV4_CLK_Q ddr_inst/inst/u_ddr4_mem_intfc/u_mig_ddr4_phy/inst/generate_block1.u_ddr_xiphy/byte_num[7].xiphy_byte_wrapper.u_xiphy_byte_wrapper/I_CONTROL[0].GEN_I_CONTROL.u_xiphy_control/xiphy_control/RX_DIV4_CLK_Q ddr_inst/inst/u_ddr4_mem_intfc/u_mig_ddr4_phy/inst/generate_block1.u_ddr_xiphy/byte_num[7].xiphy_byte_wrapper.u_xiphy_byte_wrapper/I_CONTROL[0].GEN_I_CONTROL.u_xiphy_control/xiphy_control/TX_DIV4_CLK_Q ddr_inst/inst/u_ddr4_mem_intfc/u_mig_ddr4_phy/inst/generate_block1.u_ddr_xiphy/byte_num[7].xiphy_byte_wrapper.u_xiphy_byte_wrapper/I_CONTROL[1].GEN_I_CONTROL.u_xiphy_control/xiphy_control/RX_DIV4_CLK_Q ddr_inst/inst/u_ddr4_mem_intfc/u_mig_ddr4_phy/inst/generate_block1.u_ddr_xiphy/byte_num[7].xiphy_byte_wrapper.u_xiphy_byte_wrapper/I_CONTROL[1].GEN_I_CONTROL.u_xiphy_control/xiphy_control/TX_DIV4_CLK_Q }

Check Type        Corner  Lib Pin                           Reference Pin  Required(ns)  Actual(ns)  Slack(ns)  Location               Pin
Min Period        n/a     RXTX_BITSLICE/TX_BIT_CTRL_IN[26]  n/a            2.667         3.332       0.665      BITSLICE_RX_TX_X0Y209  ddr_inst/inst/u_ddr4_mem_intfc/u_mig_ddr4_phy/inst/generate_block1.u_ddr_xiphy/byte_num[4].xiphy_byte_wrapper.u_xiphy_byte_wrapper/I_BITSLICE_LOWER[1].GEN_RXTX_BITSLICE_EN.u_xiphy_bitslice_lower/xiphy_rxtx_bitslice/TX_BIT_CTRL_IN[26]
Low Pulse Width   Slow    RXTX_BITSLICE/TX_BIT_CTRL_IN[26]  n/a            1.200         1.666       0.466      BITSLICE_RX_TX_X0Y209  ddr_inst/inst/u_ddr4_mem_intfc/u_mig_ddr4_phy/inst/generate_block1.u_ddr_xiphy/byte_num[4].xiphy_byte_wrapper.u_xiphy_byte_wrapper/I_BITSLICE_LOWER[1].GEN_RXTX_BITSLICE_EN.u_xiphy_bitslice_lower/xiphy_rxtx_bitslice/TX_BIT_CTRL_IN[26]
High Pulse Width  Slow    RXTX_BITSLICE/TX_BIT_CTRL_IN[26]  n/a            1.200         1.666       0.466      BITSLICE_RX_TX_X0Y209  ddr_inst/inst/u_ddr4_mem_intfc/u_mig_ddr4_phy/inst/generate_block1.u_ddr_xiphy/byte_num[4].xiphy_byte_wrapper.u_xiphy_byte_wrapper/I_BITSLICE_LOWER[1].GEN_RXTX_BITSLICE_EN.u_xiphy_bitslice_lower/xiphy_rxtx_bitslice/TX_BIT_CTRL_IN[26]



---------------------------------------------------------------------------------------------------
From Clock:  pll_clk[2]
  To Clock:  pll_clk[2]

Setup :           NA  Failing Endpoints,  Worst Slack           NA  ,  Total Violation           NA
Hold  :           NA  Failing Endpoints,  Worst Slack           NA  ,  Total Violation           NA
PW    :            0  Failing Endpoints,  Worst Slack        0.039ns,  Total Violation        0.000ns
---------------------------------------------------------------------------------------------------


Pulse Width Checks
--------------------------------------------------------------------------------------
Clock Name:         pll_clk[2]
Waveform(ns):       { 0.000 0.208 }
Period(ns):         0.417
Sources:            { ddr_inst/inst/u_ddr4_mem_intfc/u_mig_ddr4_phy/inst/u_ddr4_phy_pll/plle_loop[2].gen_plle4.PLLE4_BASE_INST_OTHER/CLKOUTPHY }

Check Type        Corner  Lib Pin                   Reference Pin             Required(ns)  Actual(ns)  Slack(ns)  Location                Pin
Min Period        n/a     BITSLICE_CONTROL/PLL_CLK  n/a                       0.375         0.417       0.042      BITSLICE_CONTROL_X0Y44  ddr_inst/inst/u_ddr4_mem_intfc/u_mig_ddr4_phy/inst/generate_block1.u_ddr_xiphy/byte_num[10].xiphy_byte_wrapper.u_xiphy_byte_wrapper/I_CONTROL[0].GEN_I_CONTROL.u_xiphy_control/xiphy_control/PLL_CLK
Low Pulse Width   Slow    BITSLICE_CONTROL/PLL_CLK  n/a                       0.169         0.208       0.039      BITSLICE_CONTROL_X0Y44  ddr_inst/inst/u_ddr4_mem_intfc/u_mig_ddr4_phy/inst/generate_block1.u_ddr_xiphy/byte_num[10].xiphy_byte_wrapper.u_xiphy_byte_wrapper/I_CONTROL[0].GEN_I_CONTROL.u_xiphy_control/xiphy_control/PLL_CLK
High Pulse Width  Slow    BITSLICE_CONTROL/PLL_CLK  n/a                       0.169         0.208       0.039      BITSLICE_CONTROL_X0Y44  ddr_inst/inst/u_ddr4_mem_intfc/u_mig_ddr4_phy/inst/generate_block1.u_ddr_xiphy/byte_num[10].xiphy_byte_wrapper.u_xiphy_byte_wrapper/I_CONTROL[0].GEN_I_CONTROL.u_xiphy_control/xiphy_control/PLL_CLK
Max Skew          Fast    BITSLICE_CONTROL/PLL_CLK  BITSLICE_CONTROL/RIU_CLK  -0.300        -1.403      1.103      BITSLICE_CONTROL_X0Y44  ddr_inst/inst/u_ddr4_mem_intfc/u_mig_ddr4_phy/inst/generate_block1.u_ddr_xiphy/byte_num[10].xiphy_byte_wrapper.u_xiphy_byte_wrapper/I_CONTROL[0].GEN_I_CONTROL.u_xiphy_control/xiphy_control/PLL_CLK



---------------------------------------------------------------------------------------------------
From Clock:  pll_clk[2]_DIV
  To Clock:  pll_clk[2]_DIV

Setup :           NA  Failing Endpoints,  Worst Slack           NA  ,  Total Violation           NA
Hold  :           NA  Failing Endpoints,  Worst Slack           NA  ,  Total Violation           NA
PW    :            0  Failing Endpoints,  Worst Slack        0.466ns,  Total Violation        0.000ns
---------------------------------------------------------------------------------------------------


Pulse Width Checks
--------------------------------------------------------------------------------------
Clock Name:         pll_clk[2]_DIV
Waveform(ns):       { 0.000 1.666 }
Period(ns):         3.332
Sources:            { ddr_inst/inst/u_ddr4_mem_intfc/u_mig_ddr4_phy/inst/generate_block1.u_ddr_xiphy/byte_num[10].xiphy_byte_wrapper.u_xiphy_byte_wrapper/I_CONTROL[0].GEN_I_CONTROL.u_xiphy_control/xiphy_control/RX_DIV4_CLK_Q ddr_inst/inst/u_ddr4_mem_intfc/u_mig_ddr4_phy/inst/generate_block1.u_ddr_xiphy/byte_num[10].xiphy_byte_wrapper.u_xiphy_byte_wrapper/I_CONTROL[0].GEN_I_CONTROL.u_xiphy_control/xiphy_control/TX_DIV4_CLK_Q ddr_inst/inst/u_ddr4_mem_intfc/u_mig_ddr4_phy/inst/generate_block1.u_ddr_xiphy/byte_num[10].xiphy_byte_wrapper.u_xiphy_byte_wrapper/I_CONTROL[1].GEN_I_CONTROL.u_xiphy_control/xiphy_control/RX_DIV4_CLK_Q ddr_inst/inst/u_ddr4_mem_intfc/u_mig_ddr4_phy/inst/generate_block1.u_ddr_xiphy/byte_num[10].xiphy_byte_wrapper.u_xiphy_byte_wrapper/I_CONTROL[1].GEN_I_CONTROL.u_xiphy_control/xiphy_control/TX_DIV4_CLK_Q ddr_inst/inst/u_ddr4_mem_intfc/u_mig_ddr4_phy/inst/generate_block1.u_ddr_xiphy/byte_num[11].xiphy_byte_wrapper.u_xiphy_byte_wrapper/I_CONTROL[0].GEN_I_CONTROL.u_xiphy_control/xiphy_control/RX_DIV4_CLK_Q ddr_inst/inst/u_ddr4_mem_intfc/u_mig_ddr4_phy/inst/generate_block1.u_ddr_xiphy/byte_num[11].xiphy_byte_wrapper.u_xiphy_byte_wrapper/I_CONTROL[0].GEN_I_CONTROL.u_xiphy_control/xiphy_control/TX_DIV4_CLK_Q ddr_inst/inst/u_ddr4_mem_intfc/u_mig_ddr4_phy/inst/generate_block1.u_ddr_xiphy/byte_num[11].xiphy_byte_wrapper.u_xiphy_byte_wrapper/I_CONTROL[1].GEN_I_CONTROL.u_xiphy_control/xiphy_control/RX_DIV4_CLK_Q ddr_inst/inst/u_ddr4_mem_intfc/u_mig_ddr4_phy/inst/generate_block1.u_ddr_xiphy/byte_num[11].xiphy_byte_wrapper.u_xiphy_byte_wrapper/I_CONTROL[1].GEN_I_CONTROL.u_xiphy_control/xiphy_control/TX_DIV4_CLK_Q ddr_inst/inst/u_ddr4_mem_intfc/u_mig_ddr4_phy/inst/generate_block1.u_ddr_xiphy/byte_num[8].xiphy_byte_wrapper.u_xiphy_byte_wrapper/I_CONTROL[0].GEN_I_CONTROL.u_xiphy_control/xiphy_control/RX_DIV4_CLK_Q ddr_inst/inst/u_ddr4_mem_intfc/u_mig_ddr4_phy/inst/generate_block1.u_ddr_xiphy/byte_num[8].xiphy_byte_wrapper.u_xiphy_byte_wrapper/I_CONTROL[0].GEN_I_CONTROL.u_xiphy_control/xiphy_control/TX_DIV4_CLK_Q ddr_inst/inst/u_ddr4_mem_intfc/u_mig_ddr4_phy/inst/generate_block1.u_ddr_xiphy/byte_num[8].xiphy_byte_wrapper.u_xiphy_byte_wrapper/I_CONTROL[1].GEN_I_CONTROL.u_xiphy_control/xiphy_control/RX_DIV4_CLK_Q ddr_inst/inst/u_ddr4_mem_intfc/u_mig_ddr4_phy/inst/generate_block1.u_ddr_xiphy/byte_num[8].xiphy_byte_wrapper.u_xiphy_byte_wrapper/I_CONTROL[1].GEN_I_CONTROL.u_xiphy_control/xiphy_control/TX_DIV4_CLK_Q ddr_inst/inst/u_ddr4_mem_intfc/u_mig_ddr4_phy/inst/generate_block1.u_ddr_xiphy/byte_num[9].xiphy_byte_wrapper.u_xiphy_byte_wrapper/I_CONTROL[0].GEN_I_CONTROL.u_xiphy_control/xiphy_control/RX_DIV4_CLK_Q ddr_inst/inst/u_ddr4_mem_intfc/u_mig_ddr4_phy/inst/generate_block1.u_ddr_xiphy/byte_num[9].xiphy_byte_wrapper.u_xiphy_byte_wrapper/I_CONTROL[0].GEN_I_CONTROL.u_xiphy_control/xiphy_control/TX_DIV4_CLK_Q ddr_inst/inst/u_ddr4_mem_intfc/u_mig_ddr4_phy/inst/generate_block1.u_ddr_xiphy/byte_num[9].xiphy_byte_wrapper.u_xiphy_byte_wrapper/I_CONTROL[1].GEN_I_CONTROL.u_xiphy_control/xiphy_control/RX_DIV4_CLK_Q ddr_inst/inst/u_ddr4_mem_intfc/u_mig_ddr4_phy/inst/generate_block1.u_ddr_xiphy/byte_num[9].xiphy_byte_wrapper.u_xiphy_byte_wrapper/I_CONTROL[1].GEN_I_CONTROL.u_xiphy_control/xiphy_control/TX_DIV4_CLK_Q }

Check Type        Corner  Lib Pin                           Reference Pin  Required(ns)  Actual(ns)  Slack(ns)  Location               Pin
Min Period        n/a     RXTX_BITSLICE/TX_BIT_CTRL_IN[26]  n/a            2.667         3.332       0.665      BITSLICE_RX_TX_X0Y286  ddr_inst/inst/u_ddr4_mem_intfc/u_mig_ddr4_phy/inst/generate_block1.u_ddr_xiphy/byte_num[10].xiphy_byte_wrapper.u_xiphy_byte_wrapper/I_BITSLICE_LOWER[0].GEN_RXTX_BITSLICE_EN.u_xiphy_bitslice_lower/xiphy_rxtx_bitslice/TX_BIT_CTRL_IN[26]
Low Pulse Width   Slow    RXTX_BITSLICE/TX_BIT_CTRL_IN[26]  n/a            1.200         1.666       0.466      BITSLICE_RX_TX_X0Y286  ddr_inst/inst/u_ddr4_mem_intfc/u_mig_ddr4_phy/inst/generate_block1.u_ddr_xiphy/byte_num[10].xiphy_byte_wrapper.u_xiphy_byte_wrapper/I_BITSLICE_LOWER[0].GEN_RXTX_BITSLICE_EN.u_xiphy_bitslice_lower/xiphy_rxtx_bitslice/TX_BIT_CTRL_IN[26]
High Pulse Width  Slow    RXTX_BITSLICE/TX_BIT_CTRL_IN[26]  n/a            1.200         1.666       0.466      BITSLICE_RX_TX_X0Y286  ddr_inst/inst/u_ddr4_mem_intfc/u_mig_ddr4_phy/inst/generate_block1.u_ddr_xiphy/byte_num[10].xiphy_byte_wrapper.u_xiphy_byte_wrapper/I_BITSLICE_LOWER[0].GEN_RXTX_BITSLICE_EN.u_xiphy_bitslice_lower/xiphy_rxtx_bitslice/TX_BIT_CTRL_IN[26]



---------------------------------------------------------------------------------------------------
From Clock:  mmcm_clkout5
  To Clock:  mmcm_clkout5

Setup :            0  Failing Endpoints,  Worst Slack        8.425ns,  Total Violation        0.000ns
Hold  :            0  Failing Endpoints,  Worst Slack        0.013ns,  Total Violation        0.000ns
PW    :            0  Failing Endpoints,  Worst Slack        6.122ns,  Total Violation        0.000ns
---------------------------------------------------------------------------------------------------


Max Delay Paths
--------------------------------------------------------------------------------------
Slack (MET) :             8.425ns  (required time - arrival time)
  Source:                 jtag_lite/inst/jtag_axi_engine_u/s_den_i_reg/C
                            (rising edge-triggered cell FDRE clocked by mmcm_clkout5  {rise@0.000ns fall@6.664ns period=13.328ns})
  Destination:            jtag_lite/inst/jtag_axi_engine_u/rx_fifo_i/inst_fifo_gen/gconvfifo.rf/grf.rf/gntv_or_sync_fifo.gl0.rd/rpntr/gc0.count_d1_reg[4]/CE
                            (rising edge-triggered cell FDRE clocked by mmcm_clkout5  {rise@0.000ns fall@6.664ns period=13.328ns})
  Path Group:             mmcm_clkout5
  Path Type:              Setup (Max at Slow Process Corner)
  Requirement:            13.328ns  (mmcm_clkout5 rise@13.328ns - mmcm_clkout5 rise@0.000ns)
  Data Path Delay:        4.474ns  (logic 0.453ns (10.124%)  route 4.021ns (89.876%))
  Logic Levels:           3  (LUT4=1 LUT5=1 LUT6=1)
  Clock Path Skew:        -0.306ns (DCD - SCD + CPR)
    Destination Clock Delay (DCD):    3.482ns = ( 16.810 - 13.328 ) 
    Source Clock Delay      (SCD):    3.301ns
    Clock Pessimism Removal (CPR):    -0.486ns
  Clock Uncertainty:      0.061ns  ((TSJ^2 + DJ^2)^1/2) / 2 + PE
    Total System Jitter     (TSJ):    0.071ns
    Discrete Jitter          (DJ):    0.100ns
    Phase Error              (PE):    0.000ns
  Clock Net Delay (Source):      2.081ns (routing 0.664ns, distribution 1.417ns)
  Clock Net Delay (Destination): 1.715ns (routing 0.604ns, distribution 1.111ns)

    Location             Delay type                Incr(ns)  Path(ns)    Netlist Resource(s)
  -------------------------------------------------------------------    -------------------
                         (clock mmcm_clkout5 rise edge)
                                                      0.000     0.000 r  
    G13                                               0.000     0.000 r  c0_sys_clk_p (IN)
                         net (fo=0)                   0.100     0.100    ddr_inst/inst/u_ddr4_mem_intfc/u_mig_ddr4_phy/inst/u_ddr4_phy_pll/diff_input_clk.u_ibufg_sys_clk/I
    HPIOBDIFFINBUF_X0Y108
                         DIFFINBUF (Prop_DIFFINBUF_HPIOBDIFFINBUF_DIFF_IN_P_O)
                                                      0.549     0.649 r  ddr_inst/inst/u_ddr4_mem_intfc/u_mig_ddr4_phy/inst/u_ddr4_phy_pll/diff_input_clk.u_ibufg_sys_clk/DIFFINBUF_INST/O
                         net (fo=1, routed)           0.050     0.699    ddr_inst/inst/u_ddr4_mem_intfc/u_mig_ddr4_phy/inst/u_ddr4_phy_pll/diff_input_clk.u_ibufg_sys_clk/OUT
    G13                  IBUFCTRL (Prop_IBUFCTRL_HPIOB_M_I_O)
                                                      0.000     0.699 r  ddr_inst/inst/u_ddr4_mem_intfc/u_mig_ddr4_phy/inst/u_ddr4_phy_pll/diff_input_clk.u_ibufg_sys_clk/IBUFCTRL_INST/O
                         net (fo=2, routed)           0.384     1.083    ddr_inst/inst/u_ddr4_infrastructure/mmcm_clk_in
    MMCM_X0Y4            MMCME4_ADV (Prop_MMCM_CLKIN1_CLKOUT5)
                                                     -0.127     0.956 r  ddr_inst/inst/u_ddr4_infrastructure/gen_mmcme4.u_mmcme_adv_inst/CLKOUT5
                         net (fo=1, routed)           0.236     1.192    ddr_inst/inst/u_ddr4_infrastructure/mmcm_clkout5
    BUFGCE_X0Y119        BUFGCE (Prop_BUFCE_BUFGCE_I_O)
                                                      0.028     1.220 r  ddr_inst/inst/u_ddr4_infrastructure/u_bufg_dbg_clk/O
    X3Y5 (CLOCK_ROOT)    net (fo=3638, routed)        2.081     3.301    jtag_lite/inst/jtag_axi_engine_u/xsdb_clk
    SLICE_X99Y293        FDRE                                         r  jtag_lite/inst/jtag_axi_engine_u/s_den_i_reg/C
  -------------------------------------------------------------------    -------------------
    SLICE_X99Y293        FDRE (Prop_DFF2_SLICEM_C_Q)
                                                      0.080     3.381 f  jtag_lite/inst/jtag_axi_engine_u/s_den_i_reg/Q
                         net (fo=5, routed)           1.807     5.188    jtag_lite/inst/jtag_axi_engine_u/u_xsdb_fifo_interface/s_den_i
    SLICE_X92Y469        LUT5 (Prop_D5LUT_SLICEL_I3_O)
                                                      0.157     5.345 f  jtag_lite/inst/jtag_axi_engine_u/u_xsdb_fifo_interface/xsdb_drdy_status_reg_ff_i_2/O
                         net (fo=4, routed)           0.187     5.532    jtag_lite/inst/jtag_axi_engine_u/u_xsdb_fifo_interface/rxfifo2xsdb_i/ram_empty_fb_i_reg
    SLICE_X92Y472        LUT6 (Prop_H6LUT_SLICEL_I4_O)
                                                      0.150     5.682 r  jtag_lite/inst/jtag_axi_engine_u/u_xsdb_fifo_interface/rxfifo2xsdb_i/DEVICE_8SERIES.NO_BMM_INFO.SDP.WIDE_PRIM18.ram_i_4/O
                         net (fo=10, routed)          1.402     7.084    jtag_lite/inst/jtag_axi_engine_u/rx_fifo_i/inst_fifo_gen/gconvfifo.rf/grf.rf/gntv_or_sync_fifo.gl0.rd/gr1.gr1_int.rfwft/rx_fifo_rd
    SLICE_X64Y477        LUT4 (Prop_D5LUT_SLICEL_I1_O)
                                                      0.066     7.150 r  jtag_lite/inst/jtag_axi_engine_u/rx_fifo_i/inst_fifo_gen/gconvfifo.rf/grf.rf/gntv_or_sync_fifo.gl0.rd/gr1.gr1_int.rfwft/gc0.count_d1[7]_i_1/O
                         net (fo=16, routed)          0.625     7.776    jtag_lite/inst/jtag_axi_engine_u/rx_fifo_i/inst_fifo_gen/gconvfifo.rf/grf.rf/gntv_or_sync_fifo.gl0.rd/rpntr/ram_rd_en
    SLICE_X66Y475        FDRE                                         r  jtag_lite/inst/jtag_axi_engine_u/rx_fifo_i/inst_fifo_gen/gconvfifo.rf/grf.rf/gntv_or_sync_fifo.gl0.rd/rpntr/gc0.count_d1_reg[4]/CE
  -------------------------------------------------------------------    -------------------

                         (clock mmcm_clkout5 rise edge)
                                                     13.328    13.328 r  
    G13                                               0.000    13.328 r  c0_sys_clk_p (IN)
                         net (fo=0)                   0.079    13.407    ddr_inst/inst/u_ddr4_mem_intfc/u_mig_ddr4_phy/inst/u_ddr4_phy_pll/diff_input_clk.u_ibufg_sys_clk/I
    HPIOBDIFFINBUF_X0Y108
                         DIFFINBUF (Prop_DIFFINBUF_HPIOBDIFFINBUF_DIFF_IN_P_O)
                                                      0.453    13.860 r  ddr_inst/inst/u_ddr4_mem_intfc/u_mig_ddr4_phy/inst/u_ddr4_phy_pll/diff_input_clk.u_ibufg_sys_clk/DIFFINBUF_INST/O
                         net (fo=1, routed)           0.040    13.900    ddr_inst/inst/u_ddr4_mem_intfc/u_mig_ddr4_phy/inst/u_ddr4_phy_pll/diff_input_clk.u_ibufg_sys_clk/OUT
    G13                  IBUFCTRL (Prop_IBUFCTRL_HPIOB_M_I_O)
                                                      0.000    13.900 r  ddr_inst/inst/u_ddr4_mem_intfc/u_mig_ddr4_phy/inst/u_ddr4_phy_pll/diff_input_clk.u_ibufg_sys_clk/IBUFCTRL_INST/O
                         net (fo=2, routed)           0.333    14.233    ddr_inst/inst/u_ddr4_infrastructure/mmcm_clk_in
    MMCM_X0Y4            MMCME4_ADV (Prop_MMCM_CLKIN1_CLKOUT5)
                                                      0.630    14.863 r  ddr_inst/inst/u_ddr4_infrastructure/gen_mmcme4.u_mmcme_adv_inst/CLKOUT5
                         net (fo=1, routed)           0.208    15.071    ddr_inst/inst/u_ddr4_infrastructure/mmcm_clkout5
    BUFGCE_X0Y119        BUFGCE (Prop_BUFCE_BUFGCE_I_O)
                                                      0.024    15.095 r  ddr_inst/inst/u_ddr4_infrastructure/u_bufg_dbg_clk/O
    X3Y5 (CLOCK_ROOT)    net (fo=3638, routed)        1.715    16.810    jtag_lite/inst/jtag_axi_engine_u/rx_fifo_i/inst_fifo_gen/gconvfifo.rf/grf.rf/gntv_or_sync_fifo.gl0.rd/rpntr/s_dclk_o
    SLICE_X66Y475        FDRE                                         r  jtag_lite/inst/jtag_axi_engine_u/rx_fifo_i/inst_fifo_gen/gconvfifo.rf/grf.rf/gntv_or_sync_fifo.gl0.rd/rpntr/gc0.count_d1_reg[4]/C
                         clock pessimism             -0.486    16.323    
                         clock uncertainty           -0.061    16.262    
    SLICE_X66Y475        FDRE (Setup_EFF2_SLICEM_C_CE)
                                                     -0.061    16.201    jtag_lite/inst/jtag_axi_engine_u/rx_fifo_i/inst_fifo_gen/gconvfifo.rf/grf.rf/gntv_or_sync_fifo.gl0.rd/rpntr/gc0.count_d1_reg[4]
  -------------------------------------------------------------------
                         required time                         16.201    
                         arrival time                          -7.776    
  -------------------------------------------------------------------
                         slack                                  8.425    





Min Delay Paths
--------------------------------------------------------------------------------------
Slack (MET) :             0.013ns  (arrival time - required time)
  Source:                 dbg_hub/inst/BSCANID.u_xsdbm_id/CORE_XSDB.UUT_MASTER/U_ICON_INTERFACE/U_CMD6_RD/U_RD_FIFO/SUBCORE_FIFO.xsdbm_v3_0_0_rdfifo_inst/inst_fifo_gen/gconvfifo.rf/grf.rf/gntv_or_sync_fifo.gl0.wr/wpntr/gic0.gc0.count_reg[1]/C
                            (rising edge-triggered cell FDPE clocked by mmcm_clkout5  {rise@0.000ns fall@6.664ns period=13.328ns})
  Destination:            dbg_hub/inst/BSCANID.u_xsdbm_id/CORE_XSDB.UUT_MASTER/U_ICON_INTERFACE/U_CMD6_RD/U_RD_FIFO/SUBCORE_FIFO.xsdbm_v3_0_0_rdfifo_inst/inst_fifo_gen/gconvfifo.rf/grf.rf/gntv_or_sync_fifo.gl0.wr/wpntr/gic0.gc0.count_d1_reg[1]/D
                            (rising edge-triggered cell FDCE clocked by mmcm_clkout5  {rise@0.000ns fall@6.664ns period=13.328ns})
  Path Group:             mmcm_clkout5
  Path Type:              Hold (Min at Slow Process Corner)
  Requirement:            0.000ns  (mmcm_clkout5 rise@0.000ns - mmcm_clkout5 rise@0.000ns)
  Data Path Delay:        0.134ns  (logic 0.060ns (44.648%)  route 0.074ns (55.352%))
  Logic Levels:           0  
  Clock Path Skew:        0.059ns (DCD - SCD - CPR)
    Destination Clock Delay (DCD):    3.298ns
    Source Clock Delay      (SCD):    3.597ns
    Clock Pessimism Removal (CPR):    -0.358ns
  Clock Net Delay (Source):      1.831ns (routing 0.604ns, distribution 1.227ns)
  Clock Net Delay (Destination): 2.078ns (routing 0.664ns, distribution 1.414ns)

    Location             Delay type                Incr(ns)  Path(ns)    Netlist Resource(s)
  -------------------------------------------------------------------    -------------------
                         (clock mmcm_clkout5 rise edge)
                                                      0.000     0.000 r  
    G13                                               0.000     0.000 r  c0_sys_clk_p (IN)
                         net (fo=0)                   0.079     0.079    ddr_inst/inst/u_ddr4_mem_intfc/u_mig_ddr4_phy/inst/u_ddr4_phy_pll/diff_input_clk.u_ibufg_sys_clk/I
    HPIOBDIFFINBUF_X0Y108
                         DIFFINBUF (Prop_DIFFINBUF_HPIOBDIFFINBUF_DIFF_IN_P_O)
                                                      0.453     0.532 r  ddr_inst/inst/u_ddr4_mem_intfc/u_mig_ddr4_phy/inst/u_ddr4_phy_pll/diff_input_clk.u_ibufg_sys_clk/DIFFINBUF_INST/O
                         net (fo=1, routed)           0.040     0.572    ddr_inst/inst/u_ddr4_mem_intfc/u_mig_ddr4_phy/inst/u_ddr4_phy_pll/diff_input_clk.u_ibufg_sys_clk/OUT
    G13                  IBUFCTRL (Prop_IBUFCTRL_HPIOB_M_I_O)
                                                      0.000     0.572 r  ddr_inst/inst/u_ddr4_mem_intfc/u_mig_ddr4_phy/inst/u_ddr4_phy_pll/diff_input_clk.u_ibufg_sys_clk/IBUFCTRL_INST/O
                         net (fo=2, routed)           0.333     0.905    ddr_inst/inst/u_ddr4_infrastructure/mmcm_clk_in
    MMCM_X0Y4            MMCME4_ADV (Prop_MMCM_CLKIN1_CLKOUT5)
                                                      0.630     1.535 r  ddr_inst/inst/u_ddr4_infrastructure/gen_mmcme4.u_mmcme_adv_inst/CLKOUT5
                         net (fo=1, routed)           0.208     1.743    ddr_inst/inst/u_ddr4_infrastructure/mmcm_clkout5
    BUFGCE_X0Y119        BUFGCE (Prop_BUFCE_BUFGCE_I_O)
                                                      0.024     1.767 r  ddr_inst/inst/u_ddr4_infrastructure/u_bufg_dbg_clk/O
    X3Y5 (CLOCK_ROOT)    net (fo=3638, routed)        1.831     3.597    dbg_hub/inst/BSCANID.u_xsdbm_id/CORE_XSDB.UUT_MASTER/U_ICON_INTERFACE/U_CMD6_RD/U_RD_FIFO/SUBCORE_FIFO.xsdbm_v3_0_0_rdfifo_inst/inst_fifo_gen/gconvfifo.rf/grf.rf/gntv_or_sync_fifo.gl0.wr/wpntr/wr_clk
    SLICE_X102Y302       FDPE                                         r  dbg_hub/inst/BSCANID.u_xsdbm_id/CORE_XSDB.UUT_MASTER/U_ICON_INTERFACE/U_CMD6_RD/U_RD_FIFO/SUBCORE_FIFO.xsdbm_v3_0_0_rdfifo_inst/inst_fifo_gen/gconvfifo.rf/grf.rf/gntv_or_sync_fifo.gl0.wr/wpntr/gic0.gc0.count_reg[1]/C
  -------------------------------------------------------------------    -------------------
    SLICE_X102Y302       FDPE (Prop_BFF2_SLICEL_C_Q)
                                                      0.060     3.657 r  dbg_hub/inst/BSCANID.u_xsdbm_id/CORE_XSDB.UUT_MASTER/U_ICON_INTERFACE/U_CMD6_RD/U_RD_FIFO/SUBCORE_FIFO.xsdbm_v3_0_0_rdfifo_inst/inst_fifo_gen/gconvfifo.rf/grf.rf/gntv_or_sync_fifo.gl0.wr/wpntr/gic0.gc0.count_reg[1]/Q
                         net (fo=5, routed)           0.074     3.732    dbg_hub/inst/BSCANID.u_xsdbm_id/CORE_XSDB.UUT_MASTER/U_ICON_INTERFACE/U_CMD6_RD/U_RD_FIFO/SUBCORE_FIFO.xsdbm_v3_0_0_rdfifo_inst/inst_fifo_gen/gconvfifo.rf/grf.rf/gntv_or_sync_fifo.gl0.wr/wpntr/Q[1]
    SLICE_X102Y303       FDCE                                         r  dbg_hub/inst/BSCANID.u_xsdbm_id/CORE_XSDB.UUT_MASTER/U_ICON_INTERFACE/U_CMD6_RD/U_RD_FIFO/SUBCORE_FIFO.xsdbm_v3_0_0_rdfifo_inst/inst_fifo_gen/gconvfifo.rf/grf.rf/gntv_or_sync_fifo.gl0.wr/wpntr/gic0.gc0.count_d1_reg[1]/D
  -------------------------------------------------------------------    -------------------

                         (clock mmcm_clkout5 rise edge)
                                                      0.000     0.000 r  
    G13                                               0.000     0.000 r  c0_sys_clk_p (IN)
                         net (fo=0)                   0.100     0.100    ddr_inst/inst/u_ddr4_mem_intfc/u_mig_ddr4_phy/inst/u_ddr4_phy_pll/diff_input_clk.u_ibufg_sys_clk/I
    HPIOBDIFFINBUF_X0Y108
                         DIFFINBUF (Prop_DIFFINBUF_HPIOBDIFFINBUF_DIFF_IN_P_O)
                                                      0.549     0.649 r  ddr_inst/inst/u_ddr4_mem_intfc/u_mig_ddr4_phy/inst/u_ddr4_phy_pll/diff_input_clk.u_ibufg_sys_clk/DIFFINBUF_INST/O
                         net (fo=1, routed)           0.050     0.699    ddr_inst/inst/u_ddr4_mem_intfc/u_mig_ddr4_phy/inst/u_ddr4_phy_pll/diff_input_clk.u_ibufg_sys_clk/OUT
    G13                  IBUFCTRL (Prop_IBUFCTRL_HPIOB_M_I_O)
                                                      0.000     0.699 r  ddr_inst/inst/u_ddr4_mem_intfc/u_mig_ddr4_phy/inst/u_ddr4_phy_pll/diff_input_clk.u_ibufg_sys_clk/IBUFCTRL_INST/O
                         net (fo=2, routed)           0.384     1.083    ddr_inst/inst/u_ddr4_infrastructure/mmcm_clk_in
    MMCM_X0Y4            MMCME4_ADV (Prop_MMCM_CLKIN1_CLKOUT5)
                                                     -0.127     0.956 r  ddr_inst/inst/u_ddr4_infrastructure/gen_mmcme4.u_mmcme_adv_inst/CLKOUT5
                         net (fo=1, routed)           0.236     1.192    ddr_inst/inst/u_ddr4_infrastructure/mmcm_clkout5
    BUFGCE_X0Y119        BUFGCE (Prop_BUFCE_BUFGCE_I_O)
                                                      0.028     1.220 r  ddr_inst/inst/u_ddr4_infrastructure/u_bufg_dbg_clk/O
    X3Y5 (CLOCK_ROOT)    net (fo=3638, routed)        2.078     3.298    dbg_hub/inst/BSCANID.u_xsdbm_id/CORE_XSDB.UUT_MASTER/U_ICON_INTERFACE/U_CMD6_RD/U_RD_FIFO/SUBCORE_FIFO.xsdbm_v3_0_0_rdfifo_inst/inst_fifo_gen/gconvfifo.rf/grf.rf/gntv_or_sync_fifo.gl0.wr/wpntr/wr_clk
    SLICE_X102Y303       FDCE                                         r  dbg_hub/inst/BSCANID.u_xsdbm_id/CORE_XSDB.UUT_MASTER/U_ICON_INTERFACE/U_CMD6_RD/U_RD_FIFO/SUBCORE_FIFO.xsdbm_v3_0_0_rdfifo_inst/inst_fifo_gen/gconvfifo.rf/grf.rf/gntv_or_sync_fifo.gl0.wr/wpntr/gic0.gc0.count_d1_reg[1]/C
                         clock pessimism              0.358     3.657    
    SLICE_X102Y303       FDCE (Hold_EFF2_SLICEL_C_D)
                                                      0.062     3.719    dbg_hub/inst/BSCANID.u_xsdbm_id/CORE_XSDB.UUT_MASTER/U_ICON_INTERFACE/U_CMD6_RD/U_RD_FIFO/SUBCORE_FIFO.xsdbm_v3_0_0_rdfifo_inst/inst_fifo_gen/gconvfifo.rf/grf.rf/gntv_or_sync_fifo.gl0.wr/wpntr/gic0.gc0.count_d1_reg[1]
  -------------------------------------------------------------------
                         required time                         -3.719    
                         arrival time                           3.732    
  -------------------------------------------------------------------
                         slack                                  0.013    





Pulse Width Checks
--------------------------------------------------------------------------------------
Clock Name:         mmcm_clkout5
Waveform(ns):       { 0.000 6.664 }
Period(ns):         13.328
Sources:            { ddr_inst/inst/u_ddr4_infrastructure/gen_mmcme4.u_mmcme_adv_inst/CLKOUT5 }

Check Type        Corner  Lib Pin             Reference Pin  Required(ns)  Actual(ns)  Slack(ns)  Location      Pin
Min Period        n/a     RAMB36E2/CLKBWRCLK  n/a            1.355         13.328      11.973     RAMB36_X7Y94  jtag_lite/inst/jtag_axi_engine_u/rd_cmd_fifo_i/inst_fifo_gen/gconvfifo.rf/grf.rf/gntv_or_sync_fifo.mem/gbm.gbmg.gbmga.ngecc.bmg/inst_blk_mem_gen/gnbram.gnativebmg.native_blk_mem_gen/valid.cstr/ramloop[0].ram.r/prim_noinit.ram/DEVICE_8SERIES.NO_BMM_INFO.SDP.WIDE_PRIM36_NO_ECC.ram/CLKBWRCLK
Low Pulse Width   Slow    RAMB36E2/CLKBWRCLK  n/a            0.542         6.664       6.122      RAMB36_X7Y94  jtag_lite/inst/jtag_axi_engine_u/rd_cmd_fifo_i/inst_fifo_gen/gconvfifo.rf/grf.rf/gntv_or_sync_fifo.mem/gbm.gbmg.gbmga.ngecc.bmg/inst_blk_mem_gen/gnbram.gnativebmg.native_blk_mem_gen/valid.cstr/ramloop[0].ram.r/prim_noinit.ram/DEVICE_8SERIES.NO_BMM_INFO.SDP.WIDE_PRIM36_NO_ECC.ram/CLKBWRCLK
High Pulse Width  Slow    RAMB36E2/CLKBWRCLK  n/a            0.542         6.664       6.122      RAMB36_X7Y94  jtag_lite/inst/jtag_axi_engine_u/rd_cmd_fifo_i/inst_fifo_gen/gconvfifo.rf/grf.rf/gntv_or_sync_fifo.mem/gbm.gbmg.gbmga.ngecc.bmg/inst_blk_mem_gen/gnbram.gnativebmg.native_blk_mem_gen/valid.cstr/ramloop[0].ram.r/prim_noinit.ram/DEVICE_8SERIES.NO_BMM_INFO.SDP.WIDE_PRIM36_NO_ECC.ram/CLKBWRCLK



---------------------------------------------------------------------------------------------------
From Clock:  mmcm_clkout6
  To Clock:  mmcm_clkout6

Setup :            0  Failing Endpoints,  Worst Slack        1.502ns,  Total Violation        0.000ns
Hold  :            0  Failing Endpoints,  Worst Slack        0.018ns,  Total Violation        0.000ns
PW    :            0  Failing Endpoints,  Worst Slack        1.085ns,  Total Violation        0.000ns
---------------------------------------------------------------------------------------------------


Max Delay Paths
--------------------------------------------------------------------------------------
Slack (MET) :             1.502ns  (required time - arrival time)
  Source:                 ddr_inst/inst/u_ddr4_mem_intfc/u_ddr_cal_riu/mcs0/inst/second_ilmb_cntlr/U0/No_ECC.lmb_as_reg/C
                            (rising edge-triggered cell FDRE clocked by mmcm_clkout6  {rise@0.000ns fall@3.332ns period=6.664ns})
  Destination:            ddr_inst/inst/u_ddr4_mem_intfc/u_ddr_cal_riu/mcs0/inst/lmb_bram_I/U0/inst_blk_mem_gen/gnbram.gnative_mem_map_bmg.native_mem_map_blk_mem_gen/valid.cstr/ramloop[11].ram.r/prim_noinit.ram/DEVICE_8SERIES.WITH_BMM_INFO.TRUE_DP.SIMPLE_PRIM36.SERIES8_TDP_SP36_NO_ECC_ATTR.ram/ENBWREN
                            (rising edge-triggered cell RAMB36E2 clocked by mmcm_clkout6  {rise@0.000ns fall@3.332ns period=6.664ns})
  Path Group:             mmcm_clkout6
  Path Type:              Setup (Max at Slow Process Corner)
  Requirement:            6.664ns  (mmcm_clkout6 rise@6.664ns - mmcm_clkout6 rise@0.000ns)
  Data Path Delay:        4.600ns  (logic 0.447ns (9.717%)  route 4.153ns (90.283%))
  Logic Levels:           4  (LUT2=3 LUT6=1)
  Clock Path Skew:        -0.163ns (DCD - SCD + CPR)
    Destination Clock Delay (DCD):    3.449ns = ( 10.113 - 6.664 ) 
    Source Clock Delay      (SCD):    3.134ns
    Clock Pessimism Removal (CPR):    -0.478ns
  Clock Uncertainty:      0.056ns  ((TSJ^2 + DJ^2)^1/2) / 2 + PE
    Total System Jitter     (TSJ):    0.071ns
    Discrete Jitter          (DJ):    0.088ns
    Phase Error              (PE):    0.000ns
  Clock Net Delay (Source):      1.889ns (routing 0.632ns, distribution 1.257ns)
  Clock Net Delay (Destination): 1.665ns (routing 0.575ns, distribution 1.090ns)

    Location             Delay type                Incr(ns)  Path(ns)    Netlist Resource(s)
  -------------------------------------------------------------------    -------------------
                         (clock mmcm_clkout6 rise edge)
                                                      0.000     0.000 r  
    G13                                               0.000     0.000 r  c0_sys_clk_p (IN)
                         net (fo=0)                   0.100     0.100    ddr_inst/inst/u_ddr4_mem_intfc/u_mig_ddr4_phy/inst/u_ddr4_phy_pll/diff_input_clk.u_ibufg_sys_clk/I
    HPIOBDIFFINBUF_X0Y108
                         DIFFINBUF (Prop_DIFFINBUF_HPIOBDIFFINBUF_DIFF_IN_P_O)
                                                      0.549     0.649 r  ddr_inst/inst/u_ddr4_mem_intfc/u_mig_ddr4_phy/inst/u_ddr4_phy_pll/diff_input_clk.u_ibufg_sys_clk/DIFFINBUF_INST/O
                         net (fo=1, routed)           0.050     0.699    ddr_inst/inst/u_ddr4_mem_intfc/u_mig_ddr4_phy/inst/u_ddr4_phy_pll/diff_input_clk.u_ibufg_sys_clk/OUT
    G13                  IBUFCTRL (Prop_IBUFCTRL_HPIOB_M_I_O)
                                                      0.000     0.699 r  ddr_inst/inst/u_ddr4_mem_intfc/u_mig_ddr4_phy/inst/u_ddr4_phy_pll/diff_input_clk.u_ibufg_sys_clk/IBUFCTRL_INST/O
                         net (fo=2, routed)           0.384     1.083    ddr_inst/inst/u_ddr4_infrastructure/mmcm_clk_in
    MMCM_X0Y4            MMCME4_ADV (Prop_MMCM_CLKIN1_CLKOUT6)
                                                     -0.127     0.956 r  ddr_inst/inst/u_ddr4_infrastructure/gen_mmcme4.u_mmcme_adv_inst/CLKOUT6
                         net (fo=1, routed)           0.261     1.217    ddr_inst/inst/u_ddr4_infrastructure/mmcm_clkout6
    BUFGCE_X0Y116        BUFGCE (Prop_BUFCE_BUFGCE_I_O)
                                                      0.028     1.245 r  ddr_inst/inst/u_ddr4_infrastructure/u_bufg_riuClk/O
    X4Y5 (CLOCK_ROOT)    net (fo=1761, routed)        1.889     3.134    ddr_inst/inst/u_ddr4_mem_intfc/u_ddr_cal_riu/mcs0/inst/second_ilmb_cntlr/U0/LMB_Clk
    SLICE_X88Y233        FDRE                                         r  ddr_inst/inst/u_ddr4_mem_intfc/u_ddr_cal_riu/mcs0/inst/second_ilmb_cntlr/U0/No_ECC.lmb_as_reg/C
  -------------------------------------------------------------------    -------------------
    SLICE_X88Y233        FDRE (Prop_FFF_SLICEL_C_Q)
                                                      0.079     3.213 r  ddr_inst/inst/u_ddr4_mem_intfc/u_ddr_cal_riu/mcs0/inst/second_ilmb_cntlr/U0/No_ECC.lmb_as_reg/Q
                         net (fo=1, routed)           0.197     3.410    ddr_inst/inst/u_ddr4_mem_intfc/u_ddr_cal_riu/mcs0/inst/second_ilmb_cntlr/U0/lmb_as
    SLICE_X89Y233        LUT2 (Prop_E6LUT_SLICEM_I0_O)
                                                      0.091     3.501 r  ddr_inst/inst/u_ddr4_mem_intfc/u_ddr_cal_riu/mcs0/inst/second_ilmb_cntlr/U0/Sl_Ready_INST_0/O
                         net (fo=33, routed)          0.899     4.401    ddr_inst/inst/u_ddr4_mem_intfc/u_ddr_cal_riu/mcs0/inst/ilmb/U0/Sl_Ready[1]
    SLICE_X87Y261        LUT2 (Prop_D5LUT_SLICEM_I1_O)
                                                      0.097     4.498 r  ddr_inst/inst/u_ddr4_mem_intfc/u_ddr_cal_riu/mcs0/inst/ilmb/U0/LMB_Ready_INST_0/O
                         net (fo=80, routed)          0.585     5.082    ddr_inst/inst/u_ddr4_mem_intfc/u_ddr_cal_riu/mcs0/inst/microblaze_I/U0/MicroBlaze_Core_I/Performance.Core/Decode_I/PreFetch_Buffer_I1/Gen_Mux_Select_LUT6[2].Gen_Sel_DFF/IReady
    SLICE_X90Y243        LUT6 (Prop_A6LUT_SLICEM_I5_O)
                                                      0.090     5.172 r  ddr_inst/inst/u_ddr4_mem_intfc/u_ddr_cal_riu/mcs0/inst/microblaze_I/U0/MicroBlaze_Core_I/Performance.Core/Decode_I/PreFetch_Buffer_I1/Gen_Mux_Select_LUT6[2].Gen_Sel_DFF/I_AS_INST_0/O
                         net (fo=5, routed)           0.167     5.340    ddr_inst/inst/u_ddr4_mem_intfc/u_ddr_cal_riu/mcs0/inst/lmb_bram_I/U0/inst_blk_mem_gen/gnbram.gnative_mem_map_bmg.native_mem_map_blk_mem_gen/valid.cstr/ramloop[9].ram.r/prim_noinit.ram/enb
    SLICE_X91Y239        LUT2 (Prop_B6LUT_SLICEL_I1_O)
                                                      0.090     5.430 r  ddr_inst/inst/u_ddr4_mem_intfc/u_ddr_cal_riu/mcs0/inst/lmb_bram_I/U0/inst_blk_mem_gen/gnbram.gnative_mem_map_bmg.native_mem_map_blk_mem_gen/valid.cstr/ramloop[9].ram.r/prim_noinit.ram/DEVICE_8SERIES.WITH_BMM_INFO.TRUE_DP.SIMPLE_PRIM36.SERIES8_TDP_SP36_NO_ECC_ATTR.ram_i_2/O
                         net (fo=16, routed)          2.305     7.734    ddr_inst/inst/u_ddr4_mem_intfc/u_ddr_cal_riu/mcs0/inst/lmb_bram_I/U0/inst_blk_mem_gen/gnbram.gnative_mem_map_bmg.native_mem_map_blk_mem_gen/valid.cstr/ramloop[11].ram.r/prim_noinit.ram/ENB_I
    RAMB36_X8Y62         RAMB36E2                                     r  ddr_inst/inst/u_ddr4_mem_intfc/u_ddr_cal_riu/mcs0/inst/lmb_bram_I/U0/inst_blk_mem_gen/gnbram.gnative_mem_map_bmg.native_mem_map_blk_mem_gen/valid.cstr/ramloop[11].ram.r/prim_noinit.ram/DEVICE_8SERIES.WITH_BMM_INFO.TRUE_DP.SIMPLE_PRIM36.SERIES8_TDP_SP36_NO_ECC_ATTR.ram/ENBWREN
  -------------------------------------------------------------------    -------------------

                         (clock mmcm_clkout6 rise edge)
                                                      6.664     6.664 r  
    G13                                               0.000     6.664 r  c0_sys_clk_p (IN)
                         net (fo=0)                   0.079     6.743    ddr_inst/inst/u_ddr4_mem_intfc/u_mig_ddr4_phy/inst/u_ddr4_phy_pll/diff_input_clk.u_ibufg_sys_clk/I
    HPIOBDIFFINBUF_X0Y108
                         DIFFINBUF (Prop_DIFFINBUF_HPIOBDIFFINBUF_DIFF_IN_P_O)
                                                      0.453     7.196 r  ddr_inst/inst/u_ddr4_mem_intfc/u_mig_ddr4_phy/inst/u_ddr4_phy_pll/diff_input_clk.u_ibufg_sys_clk/DIFFINBUF_INST/O
                         net (fo=1, routed)           0.040     7.236    ddr_inst/inst/u_ddr4_mem_intfc/u_mig_ddr4_phy/inst/u_ddr4_phy_pll/diff_input_clk.u_ibufg_sys_clk/OUT
    G13                  IBUFCTRL (Prop_IBUFCTRL_HPIOB_M_I_O)
                                                      0.000     7.236 r  ddr_inst/inst/u_ddr4_mem_intfc/u_mig_ddr4_phy/inst/u_ddr4_phy_pll/diff_input_clk.u_ibufg_sys_clk/IBUFCTRL_INST/O
                         net (fo=2, routed)           0.333     7.569    ddr_inst/inst/u_ddr4_infrastructure/mmcm_clk_in
    MMCM_X0Y4            MMCME4_ADV (Prop_MMCM_CLKIN1_CLKOUT6)
                                                      0.630     8.199 r  ddr_inst/inst/u_ddr4_infrastructure/gen_mmcme4.u_mmcme_adv_inst/CLKOUT6
                         net (fo=1, routed)           0.226     8.425    ddr_inst/inst/u_ddr4_infrastructure/mmcm_clkout6
    BUFGCE_X0Y116        BUFGCE (Prop_BUFCE_BUFGCE_I_O)
                                                      0.024     8.449 r  ddr_inst/inst/u_ddr4_infrastructure/u_bufg_riuClk/O
    X4Y5 (CLOCK_ROOT)    net (fo=1761, routed)        1.665    10.113    ddr_inst/inst/u_ddr4_mem_intfc/u_ddr_cal_riu/mcs0/inst/lmb_bram_I/U0/inst_blk_mem_gen/gnbram.gnative_mem_map_bmg.native_mem_map_blk_mem_gen/valid.cstr/ramloop[11].ram.r/prim_noinit.ram/clkb
    RAMB36_X8Y62         RAMB36E2                                     r  ddr_inst/inst/u_ddr4_mem_intfc/u_ddr_cal_riu/mcs0/inst/lmb_bram_I/U0/inst_blk_mem_gen/gnbram.gnative_mem_map_bmg.native_mem_map_blk_mem_gen/valid.cstr/ramloop[11].ram.r/prim_noinit.ram/DEVICE_8SERIES.WITH_BMM_INFO.TRUE_DP.SIMPLE_PRIM36.SERIES8_TDP_SP36_NO_ECC_ATTR.ram/CLKBWRCLK
                         clock pessimism             -0.478     9.635    
                         clock uncertainty           -0.056     9.579    
    RAMB36_X8Y62         RAMB36E2 (Setup_RAMB36E2_RAMB36_CLKBWRCLK_ENBWREN)
                                                     -0.342     9.237    ddr_inst/inst/u_ddr4_mem_intfc/u_ddr_cal_riu/mcs0/inst/lmb_bram_I/U0/inst_blk_mem_gen/gnbram.gnative_mem_map_bmg.native_mem_map_blk_mem_gen/valid.cstr/ramloop[11].ram.r/prim_noinit.ram/DEVICE_8SERIES.WITH_BMM_INFO.TRUE_DP.SIMPLE_PRIM36.SERIES8_TDP_SP36_NO_ECC_ATTR.ram
  -------------------------------------------------------------------
                         required time                          9.237    
                         arrival time                          -7.734    
  -------------------------------------------------------------------
                         slack                                  1.502    





Min Delay Paths
--------------------------------------------------------------------------------------
Slack (MET) :             0.018ns  (arrival time - required time)
  Source:                 ddr_inst/inst/u_ddr4_mem_intfc/u_ddr_cal_riu/mcs0/inst/iomodule_0/U0/Using_IO_Bus.IO_Write_Data_reg[2]/C
                            (rising edge-triggered cell FDRE clocked by mmcm_clkout6  {rise@0.000ns fall@3.332ns period=6.664ns})
  Destination:            ddr_inst/inst/u_ddr4_mem_intfc/u_ddr_cal_riu/io_write_data_riuclk_reg[2]/D
                            (rising edge-triggered cell FDRE clocked by mmcm_clkout6  {rise@0.000ns fall@3.332ns period=6.664ns})
  Path Group:             mmcm_clkout6
  Path Type:              Hold (Min at Slow Process Corner)
  Requirement:            0.000ns  (mmcm_clkout6 rise@0.000ns - mmcm_clkout6 rise@0.000ns)
  Data Path Delay:        0.191ns  (logic 0.058ns (30.366%)  route 0.133ns (69.633%))
  Logic Levels:           0  
  Clock Path Skew:        0.111ns (DCD - SCD - CPR)
    Destination Clock Delay (DCD):    3.136ns
    Source Clock Delay      (SCD):    3.434ns
    Clock Pessimism Removal (CPR):    -0.409ns
  Clock Net Delay (Source):      1.649ns (routing 0.575ns, distribution 1.074ns)
  Clock Net Delay (Destination): 1.891ns (routing 0.632ns, distribution 1.259ns)

    Location             Delay type                Incr(ns)  Path(ns)    Netlist Resource(s)
  -------------------------------------------------------------------    -------------------
                         (clock mmcm_clkout6 rise edge)
                                                      0.000     0.000 r  
    G13                                               0.000     0.000 r  c0_sys_clk_p (IN)
                         net (fo=0)                   0.079     0.079    ddr_inst/inst/u_ddr4_mem_intfc/u_mig_ddr4_phy/inst/u_ddr4_phy_pll/diff_input_clk.u_ibufg_sys_clk/I
    HPIOBDIFFINBUF_X0Y108
                         DIFFINBUF (Prop_DIFFINBUF_HPIOBDIFFINBUF_DIFF_IN_P_O)
                                                      0.453     0.532 r  ddr_inst/inst/u_ddr4_mem_intfc/u_mig_ddr4_phy/inst/u_ddr4_phy_pll/diff_input_clk.u_ibufg_sys_clk/DIFFINBUF_INST/O
                         net (fo=1, routed)           0.040     0.572    ddr_inst/inst/u_ddr4_mem_intfc/u_mig_ddr4_phy/inst/u_ddr4_phy_pll/diff_input_clk.u_ibufg_sys_clk/OUT
    G13                  IBUFCTRL (Prop_IBUFCTRL_HPIOB_M_I_O)
                                                      0.000     0.572 r  ddr_inst/inst/u_ddr4_mem_intfc/u_mig_ddr4_phy/inst/u_ddr4_phy_pll/diff_input_clk.u_ibufg_sys_clk/IBUFCTRL_INST/O
                         net (fo=2, routed)           0.333     0.905    ddr_inst/inst/u_ddr4_infrastructure/mmcm_clk_in
    MMCM_X0Y4            MMCME4_ADV (Prop_MMCM_CLKIN1_CLKOUT6)
                                                      0.630     1.535 r  ddr_inst/inst/u_ddr4_infrastructure/gen_mmcme4.u_mmcme_adv_inst/CLKOUT6
                         net (fo=1, routed)           0.226     1.761    ddr_inst/inst/u_ddr4_infrastructure/mmcm_clkout6
    BUFGCE_X0Y116        BUFGCE (Prop_BUFCE_BUFGCE_I_O)
                                                      0.024     1.785 r  ddr_inst/inst/u_ddr4_infrastructure/u_bufg_riuClk/O
    X4Y5 (CLOCK_ROOT)    net (fo=1761, routed)        1.649     3.434    ddr_inst/inst/u_ddr4_mem_intfc/u_ddr_cal_riu/mcs0/inst/iomodule_0/U0/Clk
    SLICE_X85Y225        FDRE                                         r  ddr_inst/inst/u_ddr4_mem_intfc/u_ddr_cal_riu/mcs0/inst/iomodule_0/U0/Using_IO_Bus.IO_Write_Data_reg[2]/C
  -------------------------------------------------------------------    -------------------
    SLICE_X85Y225        FDRE (Prop_FFF_SLICEL_C_Q)
                                                      0.058     3.492 r  ddr_inst/inst/u_ddr4_mem_intfc/u_ddr_cal_riu/mcs0/inst/iomodule_0/U0/Using_IO_Bus.IO_Write_Data_reg[2]/Q
                         net (fo=1, routed)           0.133     3.625    ddr_inst/inst/u_ddr4_mem_intfc/u_ddr_cal_riu/io_write_data_ub[2]
    SLICE_X84Y224        FDRE                                         r  ddr_inst/inst/u_ddr4_mem_intfc/u_ddr_cal_riu/io_write_data_riuclk_reg[2]/D
  -------------------------------------------------------------------    -------------------

                         (clock mmcm_clkout6 rise edge)
                                                      0.000     0.000 r  
    G13                                               0.000     0.000 r  c0_sys_clk_p (IN)
                         net (fo=0)                   0.100     0.100    ddr_inst/inst/u_ddr4_mem_intfc/u_mig_ddr4_phy/inst/u_ddr4_phy_pll/diff_input_clk.u_ibufg_sys_clk/I
    HPIOBDIFFINBUF_X0Y108
                         DIFFINBUF (Prop_DIFFINBUF_HPIOBDIFFINBUF_DIFF_IN_P_O)
                                                      0.549     0.649 r  ddr_inst/inst/u_ddr4_mem_intfc/u_mig_ddr4_phy/inst/u_ddr4_phy_pll/diff_input_clk.u_ibufg_sys_clk/DIFFINBUF_INST/O
                         net (fo=1, routed)           0.050     0.699    ddr_inst/inst/u_ddr4_mem_intfc/u_mig_ddr4_phy/inst/u_ddr4_phy_pll/diff_input_clk.u_ibufg_sys_clk/OUT
    G13                  IBUFCTRL (Prop_IBUFCTRL_HPIOB_M_I_O)
                                                      0.000     0.699 r  ddr_inst/inst/u_ddr4_mem_intfc/u_mig_ddr4_phy/inst/u_ddr4_phy_pll/diff_input_clk.u_ibufg_sys_clk/IBUFCTRL_INST/O
                         net (fo=2, routed)           0.384     1.083    ddr_inst/inst/u_ddr4_infrastructure/mmcm_clk_in
    MMCM_X0Y4            MMCME4_ADV (Prop_MMCM_CLKIN1_CLKOUT6)
                                                     -0.127     0.956 r  ddr_inst/inst/u_ddr4_infrastructure/gen_mmcme4.u_mmcme_adv_inst/CLKOUT6
                         net (fo=1, routed)           0.261     1.217    ddr_inst/inst/u_ddr4_infrastructure/mmcm_clkout6
    BUFGCE_X0Y116        BUFGCE (Prop_BUFCE_BUFGCE_I_O)
                                                      0.028     1.245 r  ddr_inst/inst/u_ddr4_infrastructure/u_bufg_riuClk/O
    X4Y5 (CLOCK_ROOT)    net (fo=1761, routed)        1.891     3.136    ddr_inst/inst/u_ddr4_mem_intfc/u_ddr_cal_riu/CLK
    SLICE_X84Y224        FDRE                                         r  ddr_inst/inst/u_ddr4_mem_intfc/u_ddr_cal_riu/io_write_data_riuclk_reg[2]/C
                         clock pessimism              0.409     3.545    
    SLICE_X84Y224        FDRE (Hold_FFF2_SLICEL_C_D)
                                                      0.062     3.607    ddr_inst/inst/u_ddr4_mem_intfc/u_ddr_cal_riu/io_write_data_riuclk_reg[2]
  -------------------------------------------------------------------
                         required time                         -3.607    
                         arrival time                           3.625    
  -------------------------------------------------------------------
                         slack                                  0.018    





Pulse Width Checks
--------------------------------------------------------------------------------------
Clock Name:         mmcm_clkout6
Waveform(ns):       { 0.000 3.332 }
Period(ns):         6.664
Sources:            { ddr_inst/inst/u_ddr4_infrastructure/gen_mmcme4.u_mmcme_adv_inst/CLKOUT6 }

Check Type        Corner  Lib Pin                   Reference Pin             Required(ns)  Actual(ns)  Slack(ns)  Location                Pin
Min Period        n/a     BITSLICE_CONTROL/RIU_CLK  n/a                       3.846         6.664       2.818      BITSLICE_CONTROL_X0Y24  ddr_inst/inst/u_ddr4_mem_intfc/u_mig_ddr4_phy/inst/generate_block1.u_ddr_xiphy/byte_num[0].xiphy_byte_wrapper.u_xiphy_byte_wrapper/I_CONTROL[0].GEN_I_CONTROL.u_xiphy_control/xiphy_control/RIU_CLK
Low Pulse Width   Slow    BITSLICE_CONTROL/RIU_CLK  n/a                       1.731         3.332       1.601      BITSLICE_CONTROL_X0Y24  ddr_inst/inst/u_ddr4_mem_intfc/u_mig_ddr4_phy/inst/generate_block1.u_ddr_xiphy/byte_num[0].xiphy_byte_wrapper.u_xiphy_byte_wrapper/I_CONTROL[0].GEN_I_CONTROL.u_xiphy_control/xiphy_control/RIU_CLK
High Pulse Width  Slow    BITSLICE_CONTROL/RIU_CLK  n/a                       1.731         3.332       1.601      BITSLICE_CONTROL_X0Y24  ddr_inst/inst/u_ddr4_mem_intfc/u_mig_ddr4_phy/inst/generate_block1.u_ddr_xiphy/byte_num[0].xiphy_byte_wrapper.u_xiphy_byte_wrapper/I_CONTROL[0].GEN_I_CONTROL.u_xiphy_control/xiphy_control/RIU_CLK
Max Skew          Fast    BITSLICE_CONTROL/RIU_CLK  BITSLICE_CONTROL/PLL_CLK  1.984         0.899       1.085      BITSLICE_CONTROL_X0Y31  ddr_inst/inst/u_ddr4_mem_intfc/u_mig_ddr4_phy/inst/generate_block1.u_ddr_xiphy/byte_num[3].xiphy_byte_wrapper.u_xiphy_byte_wrapper/I_CONTROL[1].GEN_I_CONTROL.u_xiphy_control/xiphy_control/RIU_CLK



---------------------------------------------------------------------------------------------------
From Clock:  clk_100
  To Clock:  clk_100

Setup :           NA  Failing Endpoints,  Worst Slack           NA  ,  Total Violation           NA
Hold  :           NA  Failing Endpoints,  Worst Slack           NA  ,  Total Violation           NA
PW    :            0  Failing Endpoints,  Worst Slack        2.000ns,  Total Violation        0.000ns
---------------------------------------------------------------------------------------------------


Pulse Width Checks
--------------------------------------------------------------------------------------
Clock Name:         clk_100
Waveform(ns):       { 0.000 5.000 }
Period(ns):         10.000
Sources:            { clk_p }

Check Type        Corner  Lib Pin            Reference Pin  Required(ns)  Actual(ns)  Slack(ns)  Location   Pin
Min Period        n/a     MMCME4_ADV/CLKIN1  n/a            1.071         10.000      8.929      MMCM_X0Y0  clk_mmcm/CLKIN1
Max Period        n/a     MMCME4_ADV/CLKIN1  n/a            100.000       10.000      90.000     MMCM_X0Y0  clk_mmcm/CLKIN1
Low Pulse Width   Slow    MMCME4_ADV/CLKIN1  n/a            3.000         5.000       2.000      MMCM_X0Y0  clk_mmcm/CLKIN1
High Pulse Width  Slow    MMCME4_ADV/CLKIN1  n/a            3.000         5.000       2.000      MMCM_X0Y0  clk_mmcm/CLKIN1



---------------------------------------------------------------------------------------------------
From Clock:  clk_100_mmcm
  To Clock:  clk_100_mmcm

Setup :            0  Failing Endpoints,  Worst Slack        6.197ns,  Total Violation        0.000ns
Hold  :            0  Failing Endpoints,  Worst Slack        0.020ns,  Total Violation        0.000ns
PW    :            0  Failing Endpoints,  Worst Slack        4.458ns,  Total Violation        0.000ns
---------------------------------------------------------------------------------------------------


Max Delay Paths
--------------------------------------------------------------------------------------
Slack (MET) :             6.197ns  (required time - arrival time)
  Source:                 rst_100_sync/sync_reg_reg[3]/C
                            (rising edge-triggered cell FDPE clocked by clk_100_mmcm  {rise@0.000ns fall@5.000ns period=10.000ns})
  Destination:            jtag_lite/inst/jtag_axi_engine_u/rd_cmd_fifo_i/inst_fifo_gen/gconvfifo.rf/grf.rf/gntv_or_sync_fifo.mem/goreg_bm.dout_i_reg[0]/R
                            (rising edge-triggered cell FDRE clocked by clk_100_mmcm  {rise@0.000ns fall@5.000ns period=10.000ns})
  Path Group:             clk_100_mmcm
  Path Type:              Setup (Max at Slow Process Corner)
  Requirement:            10.000ns  (clk_100_mmcm rise@10.000ns - clk_100_mmcm rise@0.000ns)
  Data Path Delay:        3.500ns  (logic 0.120ns (3.429%)  route 3.380ns (96.571%))
  Logic Levels:           1  (LUT3=1)
  Clock Path Skew:        -0.156ns (DCD - SCD + CPR)
    Destination Clock Delay (DCD):    4.296ns = ( 14.296 - 10.000 ) 
    Source Clock Delay      (SCD):    4.140ns
    Clock Pessimism Removal (CPR):    -0.312ns
  Clock Uncertainty:      0.074ns  ((TSJ^2 + DJ^2)^1/2) / 2 + PE
    Total System Jitter     (TSJ):    0.071ns
    Discrete Jitter          (DJ):    0.129ns
    Phase Error              (PE):    0.000ns
  Clock Net Delay (Source):      2.824ns (routing 1.938ns, distribution 0.886ns)
  Clock Net Delay (Destination): 2.451ns (routing 1.759ns, distribution 0.692ns)

    Location             Delay type                Incr(ns)  Path(ns)    Netlist Resource(s)
  -------------------------------------------------------------------    -------------------
                         (clock clk_100_mmcm rise edge)
                                                      0.000     0.000 r  
    AM15                                              0.000     0.000 r  clk_p (IN)
                         net (fo=0)                   0.100     0.100    clk_in_ibufds/I
    HPIOBDIFFINBUF_X0Y10 DIFFINBUF (Prop_DIFFINBUF_HPIOBDIFFINBUF_DIFF_IN_P_O)
                                                      0.617     0.717 r  clk_in_ibufds/DIFFINBUF_INST/O
                         net (fo=1, routed)           0.050     0.767    clk_in_ibufds/OUT
    AM15                 IBUFCTRL (Prop_IBUFCTRL_HPIOB_M_I_O)
                                                      0.000     0.767 r  clk_in_ibufds/IBUFCTRL_INST/O
                         net (fo=1, routed)           0.397     1.164    clk_in
    MMCM_X0Y0            MMCME4_ADV (Prop_MMCM_CLKIN1_CLKOUT1)
                                                     -0.127     1.037 r  clk_mmcm/CLKOUT1
                         net (fo=1, routed)           0.251     1.288    clk_100_mmcm
    BUFGCE_X0Y17         BUFGCE (Prop_BUFCE_BUFGCE_I_O)
                                                      0.028     1.316 r  clk_100_bufg/O
    X3Y7 (CLOCK_ROOT)    net (fo=1021, routed)        2.824     4.140    rst_100_sync/CLK
    SLICE_X57Y433        FDPE                                         r  rst_100_sync/sync_reg_reg[3]/C
  -------------------------------------------------------------------    -------------------
    SLICE_X57Y433        FDPE (Prop_GFF2_SLICEL_C_Q)
                                                      0.081     4.221 r  rst_100_sync/sync_reg_reg[3]/Q
                         net (fo=114, routed)         1.123     5.343    jtag_lite/inst/jtag_axi_engine_u/wr_cmd_fifo_i/inst_fifo_gen/gconvfifo.rf/grf.rf/gntv_or_sync_fifo.mem/aresetn
    SLICE_X70Y476        LUT3 (Prop_H6LUT_SLICEM_I2_O)
                                                      0.039     5.382 r  jtag_lite/inst/jtag_axi_engine_u/wr_cmd_fifo_i/inst_fifo_gen/gconvfifo.rf/grf.rf/gntv_or_sync_fifo.mem/state[1]_i_1__0/O
                         net (fo=190, routed)         2.257     7.639    jtag_lite/inst/jtag_axi_engine_u/rd_cmd_fifo_i/inst_fifo_gen/gconvfifo.rf/grf.rf/gntv_or_sync_fifo.mem/SR[0]
    SLICE_X73Y471        FDRE                                         r  jtag_lite/inst/jtag_axi_engine_u/rd_cmd_fifo_i/inst_fifo_gen/gconvfifo.rf/grf.rf/gntv_or_sync_fifo.mem/goreg_bm.dout_i_reg[0]/R
  -------------------------------------------------------------------    -------------------

                         (clock clk_100_mmcm rise edge)
                                                     10.000    10.000 r  
    AM15                                              0.000    10.000 r  clk_p (IN)
                         net (fo=0)                   0.079    10.079    clk_in_ibufds/I
    HPIOBDIFFINBUF_X0Y10 DIFFINBUF (Prop_DIFFINBUF_HPIOBDIFFINBUF_DIFF_IN_P_O)
                                                      0.507    10.586 r  clk_in_ibufds/DIFFINBUF_INST/O
                         net (fo=1, routed)           0.040    10.626    clk_in_ibufds/OUT
    AM15                 IBUFCTRL (Prop_IBUFCTRL_HPIOB_M_I_O)
                                                      0.000    10.626 r  clk_in_ibufds/IBUFCTRL_INST/O
                         net (fo=1, routed)           0.344    10.970    clk_in
    MMCM_X0Y0            MMCME4_ADV (Prop_MMCM_CLKIN1_CLKOUT1)
                                                      0.630    11.600 r  clk_mmcm/CLKOUT1
                         net (fo=1, routed)           0.221    11.821    clk_100_mmcm
    BUFGCE_X0Y17         BUFGCE (Prop_BUFCE_BUFGCE_I_O)
                                                      0.024    11.845 r  clk_100_bufg/O
    X3Y7 (CLOCK_ROOT)    net (fo=1021, routed)        2.451    14.296    jtag_lite/inst/jtag_axi_engine_u/rd_cmd_fifo_i/inst_fifo_gen/gconvfifo.rf/grf.rf/gntv_or_sync_fifo.mem/DEVICE_8SERIES.NO_BMM_INFO.SDP.WIDE_PRIM36_NO_ECC.ram
    SLICE_X73Y471        FDRE                                         r  jtag_lite/inst/jtag_axi_engine_u/rd_cmd_fifo_i/inst_fifo_gen/gconvfifo.rf/grf.rf/gntv_or_sync_fifo.mem/goreg_bm.dout_i_reg[0]/C
                         clock pessimism             -0.312    13.983    
                         clock uncertainty           -0.074    13.910    
    SLICE_X73Y471        FDRE (Setup_AFF_SLICEL_C_R)
                                                     -0.074    13.836    jtag_lite/inst/jtag_axi_engine_u/rd_cmd_fifo_i/inst_fifo_gen/gconvfifo.rf/grf.rf/gntv_or_sync_fifo.mem/goreg_bm.dout_i_reg[0]
  -------------------------------------------------------------------
                         required time                         13.836    
                         arrival time                          -7.639    
  -------------------------------------------------------------------
                         slack                                  6.197    





Min Delay Paths
--------------------------------------------------------------------------------------
Slack (MET) :             0.020ns  (arrival time - required time)
  Source:                 jtag_lite/inst/axi_bridge_u/write_axi_lite_u/cmd_fifo_data_out_ff_reg[53]/C
                            (rising edge-triggered cell FDRE clocked by clk_100_mmcm  {rise@0.000ns fall@5.000ns period=10.000ns})
  Destination:            ernic_inst/inst/u_xpm_fifo_axil_wrap/xpm_fifo_axil_inst/axi_write_address_channel.xpm_fifo_base_wach_dut/gen_sdpram.xpm_memory_base_inst/gen_wr_a.gen_word_narrow.mem_reg_0_15_14_27/RAMF/I
                            (rising edge-triggered cell RAMD32 clocked by clk_100_mmcm  {rise@0.000ns fall@5.000ns period=10.000ns})
  Path Group:             clk_100_mmcm
  Path Type:              Hold (Min at Slow Process Corner)
  Requirement:            0.000ns  (clk_100_mmcm rise@0.000ns - clk_100_mmcm rise@0.000ns)
  Data Path Delay:        0.157ns  (logic 0.058ns (36.943%)  route 0.099ns (63.057%))
  Logic Levels:           0  
  Clock Path Skew:        0.059ns (DCD - SCD - CPR)
    Destination Clock Delay (DCD):    4.092ns
    Source Clock Delay      (SCD):    4.301ns
    Clock Pessimism Removal (CPR):    -0.268ns
  Clock Net Delay (Source):      2.456ns (routing 1.759ns, distribution 0.697ns)
  Clock Net Delay (Destination): 2.776ns (routing 1.938ns, distribution 0.838ns)

    Location             Delay type                Incr(ns)  Path(ns)    Netlist Resource(s)
  -------------------------------------------------------------------    -------------------
                         (clock clk_100_mmcm rise edge)
                                                      0.000     0.000 r  
    AM15                                              0.000     0.000 r  clk_p (IN)
                         net (fo=0)                   0.079     0.079    clk_in_ibufds/I
    HPIOBDIFFINBUF_X0Y10 DIFFINBUF (Prop_DIFFINBUF_HPIOBDIFFINBUF_DIFF_IN_P_O)
                                                      0.507     0.586 r  clk_in_ibufds/DIFFINBUF_INST/O
                         net (fo=1, routed)           0.040     0.626    clk_in_ibufds/OUT
    AM15                 IBUFCTRL (Prop_IBUFCTRL_HPIOB_M_I_O)
                                                      0.000     0.626 r  clk_in_ibufds/IBUFCTRL_INST/O
                         net (fo=1, routed)           0.344     0.970    clk_in
    MMCM_X0Y0            MMCME4_ADV (Prop_MMCM_CLKIN1_CLKOUT1)
                                                      0.630     1.600 r  clk_mmcm/CLKOUT1
                         net (fo=1, routed)           0.221     1.821    clk_100_mmcm
    BUFGCE_X0Y17         BUFGCE (Prop_BUFCE_BUFGCE_I_O)
                                                      0.024     1.845 r  clk_100_bufg/O
    X3Y7 (CLOCK_ROOT)    net (fo=1021, routed)        2.456     4.301    jtag_lite/inst/axi_bridge_u/write_axi_lite_u/out
    SLICE_X70Y467        FDRE                                         r  jtag_lite/inst/axi_bridge_u/write_axi_lite_u/cmd_fifo_data_out_ff_reg[53]/C
  -------------------------------------------------------------------    -------------------
    SLICE_X70Y467        FDRE (Prop_DFF_SLICEM_C_Q)
                                                      0.058     4.359 r  jtag_lite/inst/axi_bridge_u/write_axi_lite_u/cmd_fifo_data_out_ff_reg[53]/Q
                         net (fo=1, routed)           0.099     4.458    ernic_inst/inst/u_xpm_fifo_axil_wrap/xpm_fifo_axil_inst/axi_write_address_channel.xpm_fifo_base_wach_dut/gen_sdpram.xpm_memory_base_inst/gen_wr_a.gen_word_narrow.mem_reg_0_15_14_27/DIF0
    SLICE_X70Y468        RAMD32                                       r  ernic_inst/inst/u_xpm_fifo_axil_wrap/xpm_fifo_axil_inst/axi_write_address_channel.xpm_fifo_base_wach_dut/gen_sdpram.xpm_memory_base_inst/gen_wr_a.gen_word_narrow.mem_reg_0_15_14_27/RAMF/I
  -------------------------------------------------------------------    -------------------

                         (clock clk_100_mmcm rise edge)
                                                      0.000     0.000 r  
    AM15                                              0.000     0.000 r  clk_p (IN)
                         net (fo=0)                   0.100     0.100    clk_in_ibufds/I
    HPIOBDIFFINBUF_X0Y10 DIFFINBUF (Prop_DIFFINBUF_HPIOBDIFFINBUF_DIFF_IN_P_O)
                                                      0.617     0.717 r  clk_in_ibufds/DIFFINBUF_INST/O
                         net (fo=1, routed)           0.050     0.767    clk_in_ibufds/OUT
    AM15                 IBUFCTRL (Prop_IBUFCTRL_HPIOB_M_I_O)
                                                      0.000     0.767 r  clk_in_ibufds/IBUFCTRL_INST/O
                         net (fo=1, routed)           0.397     1.164    clk_in
    MMCM_X0Y0            MMCME4_ADV (Prop_MMCM_CLKIN1_CLKOUT1)
                                                     -0.127     1.037 r  clk_mmcm/CLKOUT1
                         net (fo=1, routed)           0.251     1.288    clk_100_mmcm
    BUFGCE_X0Y17         BUFGCE (Prop_BUFCE_BUFGCE_I_O)
                                                      0.028     1.316 r  clk_100_bufg/O
    X3Y7 (CLOCK_ROOT)    net (fo=1021, routed)        2.776     4.092    ernic_inst/inst/u_xpm_fifo_axil_wrap/xpm_fifo_axil_inst/axi_write_address_channel.xpm_fifo_base_wach_dut/gen_sdpram.xpm_memory_base_inst/gen_wr_a.gen_word_narrow.mem_reg_0_15_14_27/WCLK
    SLICE_X70Y468        RAMD32                                       r  ernic_inst/inst/u_xpm_fifo_axil_wrap/xpm_fifo_axil_inst/axi_write_address_channel.xpm_fifo_base_wach_dut/gen_sdpram.xpm_memory_base_inst/gen_wr_a.gen_word_narrow.mem_reg_0_15_14_27/RAMF/CLK
                         clock pessimism              0.268     4.359    
    SLICE_X70Y468        RAMD32 (Hold_F5LUT_SLICEM_CLK_I)
                                                      0.078     4.437    ernic_inst/inst/u_xpm_fifo_axil_wrap/xpm_fifo_axil_inst/axi_write_address_channel.xpm_fifo_base_wach_dut/gen_sdpram.xpm_memory_base_inst/gen_wr_a.gen_word_narrow.mem_reg_0_15_14_27/RAMF
  -------------------------------------------------------------------
                         required time                         -4.437    
                         arrival time                           4.458    
  -------------------------------------------------------------------
                         slack                                  0.020    





Pulse Width Checks
--------------------------------------------------------------------------------------
Clock Name:         clk_100_mmcm
Waveform(ns):       { 0.000 5.000 }
Period(ns):         10.000
Sources:            { clk_mmcm/CLKOUT1 }

Check Type        Corner  Lib Pin             Reference Pin  Required(ns)  Actual(ns)  Slack(ns)  Location      Pin
Min Period        n/a     RAMB36E2/CLKARDCLK  n/a            1.355         10.000      8.645      RAMB36_X7Y94  jtag_lite/inst/jtag_axi_engine_u/rd_cmd_fifo_i/inst_fifo_gen/gconvfifo.rf/grf.rf/gntv_or_sync_fifo.mem/gbm.gbmg.gbmga.ngecc.bmg/inst_blk_mem_gen/gnbram.gnativebmg.native_blk_mem_gen/valid.cstr/ramloop[0].ram.r/prim_noinit.ram/DEVICE_8SERIES.NO_BMM_INFO.SDP.WIDE_PRIM36_NO_ECC.ram/CLKARDCLK
Low Pulse Width   Slow    RAMB36E2/CLKARDCLK  n/a            0.542         5.000       4.458      RAMB36_X7Y94  jtag_lite/inst/jtag_axi_engine_u/rd_cmd_fifo_i/inst_fifo_gen/gconvfifo.rf/grf.rf/gntv_or_sync_fifo.mem/gbm.gbmg.gbmga.ngecc.bmg/inst_blk_mem_gen/gnbram.gnativebmg.native_blk_mem_gen/valid.cstr/ramloop[0].ram.r/prim_noinit.ram/DEVICE_8SERIES.NO_BMM_INFO.SDP.WIDE_PRIM36_NO_ECC.ram/CLKARDCLK
High Pulse Width  Slow    RAMB36E2/CLKARDCLK  n/a            0.542         5.000       4.458      RAMB36_X7Y94  jtag_lite/inst/jtag_axi_engine_u/rd_cmd_fifo_i/inst_fifo_gen/gconvfifo.rf/grf.rf/gntv_or_sync_fifo.mem/gbm.gbmg.gbmga.ngecc.bmg/inst_blk_mem_gen/gnbram.gnativebmg.native_blk_mem_gen/valid.cstr/ramloop[0].ram.r/prim_noinit.ram/DEVICE_8SERIES.NO_BMM_INFO.SDP.WIDE_PRIM36_NO_ECC.ram/CLKARDCLK



---------------------------------------------------------------------------------------------------
From Clock:  clk_125_mmcm
  To Clock:  clk_125_mmcm

Setup :            0  Failing Endpoints,  Worst Slack        6.476ns,  Total Violation        0.000ns
Hold  :            0  Failing Endpoints,  Worst Slack        0.042ns,  Total Violation        0.000ns
PW    :            0  Failing Endpoints,  Worst Slack        3.725ns,  Total Violation        0.000ns
---------------------------------------------------------------------------------------------------


Max Delay Paths
--------------------------------------------------------------------------------------
Slack (MET) :             6.476ns  (required time - arrival time)
  Source:                 cmac_inst/inst/master_watchdog_reg[2]/C
                            (rising edge-triggered cell FDRE clocked by clk_125_mmcm  {rise@0.000ns fall@4.000ns period=8.000ns})
  Destination:            cmac_inst/inst/master_watchdog_reg[24]/S
                            (rising edge-triggered cell FDSE clocked by clk_125_mmcm  {rise@0.000ns fall@4.000ns period=8.000ns})
  Path Group:             clk_125_mmcm
  Path Type:              Setup (Max at Slow Process Corner)
  Requirement:            8.000ns  (clk_125_mmcm rise@8.000ns - clk_125_mmcm rise@0.000ns)
  Data Path Delay:        1.345ns  (logic 0.412ns (30.637%)  route 0.933ns (69.363%))
  Logic Levels:           3  (LUT3=1 LUT4=1 LUT5=1)
  Clock Path Skew:        -0.034ns (DCD - SCD + CPR)
    Destination Clock Delay (DCD):    4.338ns = ( 12.338 - 8.000 ) 
    Source Clock Delay      (SCD):    4.111ns
    Clock Pessimism Removal (CPR):    -0.261ns
  Clock Uncertainty:      0.071ns  ((TSJ^2 + DJ^2)^1/2) / 2 + PE
    Total System Jitter     (TSJ):    0.071ns
    Discrete Jitter          (DJ):    0.124ns
    Phase Error              (PE):    0.000ns
  Clock Net Delay (Source):      2.798ns (routing 1.852ns, distribution 0.946ns)
  Clock Net Delay (Destination): 2.497ns (routing 1.683ns, distribution 0.814ns)

    Location             Delay type                Incr(ns)  Path(ns)    Netlist Resource(s)
  -------------------------------------------------------------------    -------------------
                         (clock clk_125_mmcm rise edge)
                                                      0.000     0.000 r  
    AM15                                              0.000     0.000 r  clk_p (IN)
                         net (fo=0)                   0.100     0.100    clk_in_ibufds/I
    HPIOBDIFFINBUF_X0Y10 DIFFINBUF (Prop_DIFFINBUF_HPIOBDIFFINBUF_DIFF_IN_P_O)
                                                      0.617     0.717 r  clk_in_ibufds/DIFFINBUF_INST/O
                         net (fo=1, routed)           0.050     0.767    clk_in_ibufds/OUT
    AM15                 IBUFCTRL (Prop_IBUFCTRL_HPIOB_M_I_O)
                                                      0.000     0.767 r  clk_in_ibufds/IBUFCTRL_INST/O
                         net (fo=1, routed)           0.397     1.164    clk_in
    MMCM_X0Y0            MMCME4_ADV (Prop_MMCM_CLKIN1_CLKOUT2)
                                                     -0.127     1.037 r  clk_mmcm/CLKOUT2
                         net (fo=1, routed)           0.248     1.285    clk_125_mmcm
    BUFGCE_X0Y4          BUFGCE (Prop_BUFCE_BUFGCE_I_O)
                                                      0.028     1.313 r  clk_125_bufg/O
    X1Y4 (CLOCK_ROOT)    net (fo=259, routed)         2.798     4.111    cmac_inst/inst/init_clk
    SLICE_X3Y264         FDRE                                         r  cmac_inst/inst/master_watchdog_reg[2]/C
  -------------------------------------------------------------------    -------------------
    SLICE_X3Y264         FDRE (Prop_CFF_SLICEL_C_Q)
                                                      0.079     4.190 f  cmac_inst/inst/master_watchdog_reg[2]/Q
                         net (fo=2, routed)           0.109     4.299    cmac_inst/inst/i_cmac_usplus_0_cmac_cdc_sync_tx_reset_done_init_clk/master_watchdog_reg[2]
    SLICE_X2Y264         LUT3 (Prop_F6LUT_SLICEL_I0_O)
                                                      0.148     4.447 r  cmac_inst/inst/i_cmac_usplus_0_cmac_cdc_sync_tx_reset_done_init_clk/master_watchdog_barking_i_2/O
                         net (fo=1, routed)           0.233     4.680    cmac_inst/inst/i_cmac_usplus_0_cmac_cdc_sync_tx_reset_done_init_clk/master_watchdog_barking_i_2_n_0
    SLICE_X2Y264         LUT5 (Prop_G6LUT_SLICEL_I0_O)
                                                      0.149     4.829 r  cmac_inst/inst/i_cmac_usplus_0_cmac_cdc_sync_tx_reset_done_init_clk/master_watchdog_barking_i_1/O
                         net (fo=2, routed)           0.092     4.921    cmac_inst/inst/i_cmac_usplus_0_cmac_cdc_sync_tx_reset_done_init_clk/master_watchdog_reg_2_sn_1
    SLICE_X2Y262         LUT4 (Prop_H6LUT_SLICEL_I0_O)
                                                      0.036     4.957 r  cmac_inst/inst/i_cmac_usplus_0_cmac_cdc_sync_tx_reset_done_init_clk/master_watchdog[0]_i_1/O
                         net (fo=27, routed)          0.498     5.456    cmac_inst/inst/master_watchdog0
    SLICE_X3Y267         FDSE                                         r  cmac_inst/inst/master_watchdog_reg[24]/S
  -------------------------------------------------------------------    -------------------

                         (clock clk_125_mmcm rise edge)
                                                      8.000     8.000 r  
    AM15                                              0.000     8.000 r  clk_p (IN)
                         net (fo=0)                   0.079     8.079    clk_in_ibufds/I
    HPIOBDIFFINBUF_X0Y10 DIFFINBUF (Prop_DIFFINBUF_HPIOBDIFFINBUF_DIFF_IN_P_O)
                                                      0.507     8.586 r  clk_in_ibufds/DIFFINBUF_INST/O
                         net (fo=1, routed)           0.040     8.626    clk_in_ibufds/OUT
    AM15                 IBUFCTRL (Prop_IBUFCTRL_HPIOB_M_I_O)
                                                      0.000     8.626 r  clk_in_ibufds/IBUFCTRL_INST/O
                         net (fo=1, routed)           0.344     8.970    clk_in
    MMCM_X0Y0            MMCME4_ADV (Prop_MMCM_CLKIN1_CLKOUT2)
                                                      0.630     9.600 r  clk_mmcm/CLKOUT2
                         net (fo=1, routed)           0.217     9.817    clk_125_mmcm
    BUFGCE_X0Y4          BUFGCE (Prop_BUFCE_BUFGCE_I_O)
                                                      0.024     9.841 r  clk_125_bufg/O
    X1Y4 (CLOCK_ROOT)    net (fo=259, routed)         2.497    12.338    cmac_inst/inst/init_clk
    SLICE_X3Y267         FDSE                                         r  cmac_inst/inst/master_watchdog_reg[24]/C
                         clock pessimism             -0.261    12.077    
                         clock uncertainty           -0.071    12.005    
    SLICE_X3Y267         FDSE (Setup_AFF_SLICEL_C_S)
                                                     -0.074    11.931    cmac_inst/inst/master_watchdog_reg[24]
  -------------------------------------------------------------------
                         required time                         11.931    
                         arrival time                          -5.456    
  -------------------------------------------------------------------
                         slack                                  6.476    





Min Delay Paths
--------------------------------------------------------------------------------------
Slack (MET) :             0.042ns  (arrival time - required time)
  Source:                 cmac_inst/inst/cmac_usplus_0_gt_i/inst/gen_gtwizard_gtye4_top.cmac_usplus_0_gt_gtwizard_gtye4_inst/gen_gtwizard_gtye4.gen_reset_controller_internal.gen_single_instance.gen_ch_xrd[3].bit_synchronizer_txresetdone_inst/i_in_sync3_reg/C
                            (rising edge-triggered cell FDRE clocked by clk_125_mmcm  {rise@0.000ns fall@4.000ns period=8.000ns})
  Destination:            cmac_inst/inst/cmac_usplus_0_gt_i/inst/gen_gtwizard_gtye4_top.cmac_usplus_0_gt_gtwizard_gtye4_inst/gen_gtwizard_gtye4.gen_reset_controller_internal.gen_single_instance.gen_ch_xrd[3].bit_synchronizer_txresetdone_inst/i_in_out_reg/D
                            (rising edge-triggered cell FDRE clocked by clk_125_mmcm  {rise@0.000ns fall@4.000ns period=8.000ns})
  Path Group:             clk_125_mmcm
  Path Type:              Hold (Min at Fast Process Corner)
  Requirement:            0.000ns  (clk_125_mmcm rise@0.000ns - clk_125_mmcm rise@0.000ns)
  Data Path Delay:        0.136ns  (logic 0.039ns (28.676%)  route 0.097ns (71.324%))
  Logic Levels:           0  
  Clock Path Skew:        0.048ns (DCD - SCD - CPR)
    Destination Clock Delay (DCD):    2.388ns
    Source Clock Delay      (SCD):    2.538ns
    Clock Pessimism Removal (CPR):    -0.199ns
  Clock Net Delay (Source):      1.539ns (routing 1.009ns, distribution 0.530ns)
  Clock Net Delay (Destination): 1.729ns (routing 1.124ns, distribution 0.605ns)

    Location             Delay type                Incr(ns)  Path(ns)    Netlist Resource(s)
  -------------------------------------------------------------------    -------------------
                         (clock clk_125_mmcm rise edge)
                                                      0.000     0.000 r  
    AM15                                              0.000     0.000 r  clk_p (IN)
                         net (fo=0)                   0.079     0.079    clk_in_ibufds/I
    HPIOBDIFFINBUF_X0Y10 DIFFINBUF (Prop_DIFFINBUF_HPIOBDIFFINBUF_DIFF_IN_P_O)
                                                      0.283     0.362 r  clk_in_ibufds/DIFFINBUF_INST/O
                         net (fo=1, routed)           0.040     0.402    clk_in_ibufds/OUT
    AM15                 IBUFCTRL (Prop_IBUFCTRL_HPIOB_M_I_O)
                                                      0.000     0.402 r  clk_in_ibufds/IBUFCTRL_INST/O
                         net (fo=1, routed)           0.203     0.605    clk_in
    MMCM_X0Y0            MMCME4_ADV (Prop_MMCM_CLKIN1_CLKOUT2)
                                                      0.230     0.835 r  clk_mmcm/CLKOUT2
                         net (fo=1, routed)           0.147     0.982    clk_125_mmcm
    BUFGCE_X0Y4          BUFGCE (Prop_BUFCE_BUFGCE_I_O)
                                                      0.017     0.999 r  clk_125_bufg/O
    X1Y4 (CLOCK_ROOT)    net (fo=259, routed)         1.539     2.538    cmac_inst/inst/cmac_usplus_0_gt_i/inst/gen_gtwizard_gtye4_top.cmac_usplus_0_gt_gtwizard_gtye4_inst/gen_gtwizard_gtye4.gen_reset_controller_internal.gen_single_instance.gen_ch_xrd[3].bit_synchronizer_txresetdone_inst/gtwiz_reset_clk_freerun_in[0]
    SLICE_X1Y284         FDRE                                         r  cmac_inst/inst/cmac_usplus_0_gt_i/inst/gen_gtwizard_gtye4_top.cmac_usplus_0_gt_gtwizard_gtye4_inst/gen_gtwizard_gtye4.gen_reset_controller_internal.gen_single_instance.gen_ch_xrd[3].bit_synchronizer_txresetdone_inst/i_in_sync3_reg/C
  -------------------------------------------------------------------    -------------------
    SLICE_X1Y284         FDRE (Prop_GFF2_SLICEM_C_Q)
                                                      0.039     2.577 r  cmac_inst/inst/cmac_usplus_0_gt_i/inst/gen_gtwizard_gtye4_top.cmac_usplus_0_gt_gtwizard_gtye4_inst/gen_gtwizard_gtye4.gen_reset_controller_internal.gen_single_instance.gen_ch_xrd[3].bit_synchronizer_txresetdone_inst/i_in_sync3_reg/Q
                         net (fo=1, routed)           0.097     2.674    cmac_inst/inst/cmac_usplus_0_gt_i/inst/gen_gtwizard_gtye4_top.cmac_usplus_0_gt_gtwizard_gtye4_inst/gen_gtwizard_gtye4.gen_reset_controller_internal.gen_single_instance.gen_ch_xrd[3].bit_synchronizer_txresetdone_inst/i_in_sync3
    SLICE_X0Y282         FDRE                                         r  cmac_inst/inst/cmac_usplus_0_gt_i/inst/gen_gtwizard_gtye4_top.cmac_usplus_0_gt_gtwizard_gtye4_inst/gen_gtwizard_gtye4.gen_reset_controller_internal.gen_single_instance.gen_ch_xrd[3].bit_synchronizer_txresetdone_inst/i_in_out_reg/D
  -------------------------------------------------------------------    -------------------

                         (clock clk_125_mmcm rise edge)
                                                      0.000     0.000 r  
    AM15                                              0.000     0.000 r  clk_p (IN)
                         net (fo=0)                   0.100     0.100    clk_in_ibufds/I
    HPIOBDIFFINBUF_X0Y10 DIFFINBUF (Prop_DIFFINBUF_HPIOBDIFFINBUF_DIFF_IN_P_O)
                                                      0.388     0.488 r  clk_in_ibufds/DIFFINBUF_INST/O
                         net (fo=1, routed)           0.050     0.538    clk_in_ibufds/OUT
    AM15                 IBUFCTRL (Prop_IBUFCTRL_HPIOB_M_I_O)
                                                      0.000     0.538 r  clk_in_ibufds/IBUFCTRL_INST/O
                         net (fo=1, routed)           0.230     0.768    clk_in
    MMCM_X0Y0            MMCME4_ADV (Prop_MMCM_CLKIN1_CLKOUT2)
                                                     -0.295     0.473 r  clk_mmcm/CLKOUT2
                         net (fo=1, routed)           0.167     0.640    clk_125_mmcm
    BUFGCE_X0Y4          BUFGCE (Prop_BUFCE_BUFGCE_I_O)
                                                      0.019     0.659 r  clk_125_bufg/O
    X1Y4 (CLOCK_ROOT)    net (fo=259, routed)         1.729     2.388    cmac_inst/inst/cmac_usplus_0_gt_i/inst/gen_gtwizard_gtye4_top.cmac_usplus_0_gt_gtwizard_gtye4_inst/gen_gtwizard_gtye4.gen_reset_controller_internal.gen_single_instance.gen_ch_xrd[3].bit_synchronizer_txresetdone_inst/gtwiz_reset_clk_freerun_in[0]
    SLICE_X0Y282         FDRE                                         r  cmac_inst/inst/cmac_usplus_0_gt_i/inst/gen_gtwizard_gtye4_top.cmac_usplus_0_gt_gtwizard_gtye4_inst/gen_gtwizard_gtye4.gen_reset_controller_internal.gen_single_instance.gen_ch_xrd[3].bit_synchronizer_txresetdone_inst/i_in_out_reg/C
                         clock pessimism              0.199     2.586    
    SLICE_X0Y282         FDRE (Hold_EFF_SLICEL_C_D)
                                                      0.046     2.632    cmac_inst/inst/cmac_usplus_0_gt_i/inst/gen_gtwizard_gtye4_top.cmac_usplus_0_gt_gtwizard_gtye4_inst/gen_gtwizard_gtye4.gen_reset_controller_internal.gen_single_instance.gen_ch_xrd[3].bit_synchronizer_txresetdone_inst/i_in_out_reg
  -------------------------------------------------------------------
                         required time                         -2.632    
                         arrival time                           2.674    
  -------------------------------------------------------------------
                         slack                                  0.042    





Pulse Width Checks
--------------------------------------------------------------------------------------
Clock Name:         clk_125_mmcm
Waveform(ns):       { 0.000 4.000 }
Period(ns):         8.000
Sources:            { clk_mmcm/CLKOUT2 }

Check Type        Corner  Lib Pin   Reference Pin  Required(ns)  Actual(ns)  Slack(ns)  Location      Pin
Min Period        n/a     BUFGCE/I  n/a            1.290         8.000       6.710      BUFGCE_X0Y4   clk_125_bufg/I
Low Pulse Width   Slow    FDRE/C    n/a            0.275         4.000       3.725      SLICE_X1Y263  cmac_inst/inst/master_watchdog_barking_reg/C
High Pulse Width  Slow    FDRE/C    n/a            0.275         4.000       3.725      SLICE_X1Y263  cmac_inst/inst/master_watchdog_barking_reg/C



---------------------------------------------------------------------------------------------------
From Clock:  clk_200_mmcm
  To Clock:  clk_200_mmcm

Setup :            0  Failing Endpoints,  Worst Slack        0.062ns,  Total Violation        0.000ns
Hold  :            0  Failing Endpoints,  Worst Slack        0.010ns,  Total Violation        0.000ns
PW    :            0  Failing Endpoints,  Worst Slack        1.800ns,  Total Violation        0.000ns
---------------------------------------------------------------------------------------------------


Max Delay Paths
--------------------------------------------------------------------------------------
Slack (MET) :             0.062ns  (required time - arrival time)
  Source:                 stream_inst/w_addr_reg[13]/C
                            (rising edge-triggered cell FDRE clocked by clk_200_mmcm  {rise@0.000ns fall@2.500ns period=5.000ns})
  Destination:            stream_inst/tw_a_reg[7]_rep__9/D
                            (rising edge-triggered cell FDRE clocked by clk_200_mmcm  {rise@0.000ns fall@2.500ns period=5.000ns})
  Path Group:             clk_200_mmcm
  Path Type:              Setup (Max at Slow Process Corner)
  Requirement:            5.000ns  (clk_200_mmcm rise@5.000ns - clk_200_mmcm rise@0.000ns)
  Data Path Delay:        4.665ns  (logic 0.079ns (1.694%)  route 4.586ns (98.306%))
  Logic Levels:           0  
  Clock Path Skew:        -0.232ns (DCD - SCD + CPR)
    Destination Clock Delay (DCD):    4.454ns = ( 9.454 - 5.000 ) 
    Source Clock Delay      (SCD):    4.273ns
    Clock Pessimism Removal (CPR):    -0.413ns
  Clock Uncertainty:      0.067ns  ((TSJ^2 + DJ^2)^1/2) / 2 + PE
    Total System Jitter     (TSJ):    0.071ns
    Discrete Jitter          (DJ):    0.113ns
    Phase Error              (PE):    0.000ns
  Clock Net Delay (Source):      2.964ns (routing 1.278ns, distribution 1.686ns)
  Clock Net Delay (Destination): 2.616ns (routing 1.162ns, distribution 1.454ns)

    Location             Delay type                Incr(ns)  Path(ns)    Netlist Resource(s)
  -------------------------------------------------------------------    -------------------
                         (clock clk_200_mmcm rise edge)
                                                      0.000     0.000 r  
    AM15                                              0.000     0.000 r  clk_p (IN)
                         net (fo=0)                   0.100     0.100    clk_in_ibufds/I
    HPIOBDIFFINBUF_X0Y10 DIFFINBUF (Prop_DIFFINBUF_HPIOBDIFFINBUF_DIFF_IN_P_O)
                                                      0.617     0.717 r  clk_in_ibufds/DIFFINBUF_INST/O
                         net (fo=1, routed)           0.050     0.767    clk_in_ibufds/OUT
    AM15                 IBUFCTRL (Prop_IBUFCTRL_HPIOB_M_I_O)
                                                      0.000     0.767 r  clk_in_ibufds/IBUFCTRL_INST/O
                         net (fo=1, routed)           0.397     1.164    clk_in
    MMCM_X0Y0            MMCME4_ADV (Prop_MMCM_CLKIN1_CLKOUT0)
                                                     -0.127     1.037 r  clk_mmcm/CLKOUT0
                         net (fo=1, routed)           0.244     1.281    clk_200_mmcm
    BUFGCE_X0Y14         BUFGCE (Prop_BUFCE_BUFGCE_I_O)
                                                      0.028     1.309 r  clk_200_bufg/O
    X2Y3 (CLOCK_ROOT)    net (fo=58825, routed)       2.964     4.273    stream_inst/clk_200
    SLICE_X85Y365        FDRE                                         r  stream_inst/w_addr_reg[13]/C
  -------------------------------------------------------------------    -------------------
    SLICE_X85Y365        FDRE (Prop_FFF_SLICEL_C_Q)
                                                      0.079     4.352 r  stream_inst/w_addr_reg[13]/Q
                         net (fo=26, routed)          4.586     8.937    stream_inst/w_off[13]
    SLICE_X95Y75         FDRE                                         r  stream_inst/tw_a_reg[7]_rep__9/D
  -------------------------------------------------------------------    -------------------

                         (clock clk_200_mmcm rise edge)
                                                      5.000     5.000 r  
    AM15                                              0.000     5.000 r  clk_p (IN)
                         net (fo=0)                   0.079     5.079    clk_in_ibufds/I
    HPIOBDIFFINBUF_X0Y10 DIFFINBUF (Prop_DIFFINBUF_HPIOBDIFFINBUF_DIFF_IN_P_O)
                                                      0.507     5.586 r  clk_in_ibufds/DIFFINBUF_INST/O
                         net (fo=1, routed)           0.040     5.626    clk_in_ibufds/OUT
    AM15                 IBUFCTRL (Prop_IBUFCTRL_HPIOB_M_I_O)
                                                      0.000     5.626 r  clk_in_ibufds/IBUFCTRL_INST/O
                         net (fo=1, routed)           0.344     5.970    clk_in
    MMCM_X0Y0            MMCME4_ADV (Prop_MMCM_CLKIN1_CLKOUT0)
                                                      0.630     6.600 r  clk_mmcm/CLKOUT0
                         net (fo=1, routed)           0.214     6.814    clk_200_mmcm
    BUFGCE_X0Y14         BUFGCE (Prop_BUFCE_BUFGCE_I_O)
                                                      0.024     6.838 r  clk_200_bufg/O
    X2Y3 (CLOCK_ROOT)    net (fo=58825, routed)       2.616     9.454    stream_inst/clk_200
    SLICE_X95Y75         FDRE                                         r  stream_inst/tw_a_reg[7]_rep__9/C
                         clock pessimism             -0.413     9.041    
                         clock uncertainty           -0.067     8.974    
    SLICE_X95Y75         FDRE (Setup_AFF2_SLICEL_C_D)
                                                      0.025     8.999    stream_inst/tw_a_reg[7]_rep__9
  -------------------------------------------------------------------
                         required time                          8.999    
                         arrival time                          -8.937    
  -------------------------------------------------------------------
                         slack                                  0.062    





Min Delay Paths
--------------------------------------------------------------------------------------
Slack (MET) :             0.010ns  (arrival time - required time)
  Source:                 stream_inst/rx_cdc_fifo/gnuram_async_fifo.xpm_fifo_base_inst/gen_sdpram.xpm_memory_base_inst/gen_rd_b.gen_doutb_pipe.gen_stage.doutb_pipe_reg[0][887]/C
                            (rising edge-triggered cell FDRE clocked by clk_200_mmcm  {rise@0.000ns fall@2.500ns period=5.000ns})
  Destination:            stream_inst/g_ring[1].rx_ring/xpm_memory_base_inst/gen_wr_a.gen_word_narrow.mem_reg_uram_5/DIN_B[15]
                            (rising edge-triggered cell URAM288 clocked by clk_200_mmcm  {rise@0.000ns fall@2.500ns period=5.000ns})
  Path Group:             clk_200_mmcm
  Path Type:              Hold (Min at Slow Process Corner)
  Requirement:            0.000ns  (clk_200_mmcm rise@0.000ns - clk_200_mmcm rise@0.000ns)
  Data Path Delay:        0.289ns  (logic 0.060ns (20.761%)  route 0.229ns (79.239%))
  Logic Levels:           0  
  Clock Path Skew:        0.338ns (DCD - SCD - CPR)
    Destination Clock Delay (DCD):    4.319ns
    Source Clock Delay      (SCD):    4.368ns
    Clock Pessimism Removal (CPR):    -0.388ns
  Clock Net Delay (Source):      2.531ns (routing 1.162ns, distribution 1.369ns)
  Clock Net Delay (Destination): 3.010ns (routing 1.278ns, distribution 1.732ns)

    Location             Delay type                Incr(ns)  Path(ns)    Netlist Resource(s)
  -------------------------------------------------------------------    -------------------
                         (clock clk_200_mmcm rise edge)
                                                      0.000     0.000 r  
    AM15                                              0.000     0.000 r  clk_p (IN)
                         net (fo=0)                   0.079     0.079    clk_in_ibufds/I
    HPIOBDIFFINBUF_X0Y10 DIFFINBUF (Prop_DIFFINBUF_HPIOBDIFFINBUF_DIFF_IN_P_O)
                                                      0.507     0.586 r  clk_in_ibufds/DIFFINBUF_INST/O
                         net (fo=1, routed)           0.040     0.626    clk_in_ibufds/OUT
    AM15                 IBUFCTRL (Prop_IBUFCTRL_HPIOB_M_I_O)
                                                      0.000     0.626 r  clk_in_ibufds/IBUFCTRL_INST/O
                         net (fo=1, routed)           0.344     0.970    clk_in
    MMCM_X0Y0            MMCME4_ADV (Prop_MMCM_CLKIN1_CLKOUT0)
                                                      0.630     1.600 r  clk_mmcm/CLKOUT0
                         net (fo=1, routed)           0.214     1.814    clk_200_mmcm
    BUFGCE_X0Y14         BUFGCE (Prop_BUFCE_BUFGCE_I_O)
                                                      0.024     1.838 r  clk_200_bufg/O
    X2Y3 (CLOCK_ROOT)    net (fo=58825, routed)       2.531     4.368    stream_inst/rx_cdc_fifo/gnuram_async_fifo.xpm_fifo_base_inst/gen_sdpram.xpm_memory_base_inst/clkb
    SLICE_X24Y355        FDRE                                         r  stream_inst/rx_cdc_fifo/gnuram_async_fifo.xpm_fifo_base_inst/gen_sdpram.xpm_memory_base_inst/gen_rd_b.gen_doutb_pipe.gen_stage.doutb_pipe_reg[0][887]/C
  -------------------------------------------------------------------    -------------------
    SLICE_X24Y355        FDRE (Prop_AFF2_SLICEM_C_Q)
                                                      0.060     4.428 r  stream_inst/rx_cdc_fifo/gnuram_async_fifo.xpm_fifo_base_inst/gen_sdpram.xpm_memory_base_inst/gen_rd_b.gen_doutb_pipe.gen_stage.doutb_pipe_reg[0][887]/Q
                         net (fo=1, routed)           0.229     4.657    stream_inst/g_ring[1].rx_ring/xpm_memory_base_inst/dina[375]
    URAM288_X0Y50        URAM288                                      r  stream_inst/g_ring[1].rx_ring/xpm_memory_base_inst/gen_wr_a.gen_word_narrow.mem_reg_uram_5/DIN_B[15]
  -------------------------------------------------------------------    -------------------

                         (clock clk_200_mmcm rise edge)
                                                      0.000     0.000 r  
    AM15                                              0.000     0.000 r  clk_p (IN)
                         net (fo=0)                   0.100     0.100    clk_in_ibufds/I
    HPIOBDIFFINBUF_X0Y10 DIFFINBUF (Prop_DIFFINBUF_HPIOBDIFFINBUF_DIFF_IN_P_O)
                                                      0.617     0.717 r  clk_in_ibufds/DIFFINBUF_INST/O
                         net (fo=1, routed)           0.050     0.767    clk_in_ibufds/OUT
    AM15                 IBUFCTRL (Prop_IBUFCTRL_HPIOB_M_I_O)
                                                      0.000     0.767 r  clk_in_ibufds/IBUFCTRL_INST/O
                         net (fo=1, routed)           0.397     1.164    clk_in
    MMCM_X0Y0            MMCME4_ADV (Prop_MMCM_CLKIN1_CLKOUT0)
                                                     -0.127     1.037 r  clk_mmcm/CLKOUT0
                         net (fo=1, routed)           0.244     1.281    clk_200_mmcm
    BUFGCE_X0Y14         BUFGCE (Prop_BUFCE_BUFGCE_I_O)
                                                      0.028     1.309 r  clk_200_bufg/O
    X2Y3 (CLOCK_ROOT)    net (fo=58825, routed)       3.010     4.319    stream_inst/g_ring[1].rx_ring/xpm_memory_base_inst/clka
    URAM288_X0Y50        URAM288                                      r  stream_inst/g_ring[1].rx_ring/xpm_memory_base_inst/gen_wr_a.gen_word_narrow.mem_reg_uram_5/CLK
                         clock pessimism              0.388     4.707    
    URAM288_X0Y50        URAM288 (Hold_URAM_288K_INST_URAM288_CLK_DIN_B[15])
                                                     -0.059     4.648    stream_inst/g_ring[1].rx_ring/xpm_memory_base_inst/gen_wr_a.gen_word_narrow.mem_reg_uram_5
  -------------------------------------------------------------------
                         required time                         -4.648    
                         arrival time                           4.657    
  -------------------------------------------------------------------
                         slack                                  0.010    





Pulse Width Checks
--------------------------------------------------------------------------------------
Clock Name:         clk_200_mmcm
Waveform(ns):       { 0.000 2.500 }
Period(ns):         5.000
Sources:            { clk_mmcm/CLKOUT0 }

Check Type        Corner  Lib Pin      Reference Pin  Required(ns)  Actual(ns)  Slack(ns)  Location       Pin
Min Period        n/a     URAM288/CLK  n/a            2.000         5.000       3.000      URAM288_X0Y72  ernic_inst/inst/inst_resp_handler/inst_xpm_max_psn_q/xpm_memory_base_inst/gen_wr_a.gen_word_narrow.mem_reg_uram_0/CLK
Low Pulse Width   Slow    URAM288/CLK  n/a            0.700         2.500       1.800      URAM288_X0Y72  ernic_inst/inst/inst_resp_handler/inst_xpm_max_psn_q/xpm_memory_base_inst/gen_wr_a.gen_word_narrow.mem_reg_uram_0/CLK
High Pulse Width  Slow    URAM288/CLK  n/a            0.700         2.500       1.800      URAM288_X0Y72  ernic_inst/inst/inst_resp_handler/inst_xpm_max_psn_q/xpm_memory_base_inst/gen_wr_a.gen_word_narrow.mem_reg_uram_0/CLK



---------------------------------------------------------------------------------------------------
From Clock:  clk_pl_0
  To Clock:  clk_pl_0

Setup :            0  Failing Endpoints,  Worst Slack        0.820ns,  Total Violation        0.000ns
Hold  :            0  Failing Endpoints,  Worst Slack        0.010ns,  Total Violation        0.000ns
PW    :            0  Failing Endpoints,  Worst Slack        3.400ns,  Total Violation        0.000ns
---------------------------------------------------------------------------------------------------


Max Delay Paths
--------------------------------------------------------------------------------------
Slack (MET) :             0.820ns  (required time - arrival time)
  Source:                 rf_bd/mts_i/ctrl_interconnect/xbar/inst/gen_samd.crossbar_samd/gen_master_slots[0].reg_slice_mi/r.r_pipe/s_ready_i_reg/C
                            (rising edge-triggered cell FDRE clocked by clk_pl_0  {rise@0.000ns fall@5.000ns period=10.000ns})
  Destination:            rf_bd/mts_i/ctrl_interconnect/xbar/inst/gen_samd.crossbar_samd/gen_master_slots[0].reg_slice_mi/r.r_pipe/m_payload_i_reg[50]/D
                            (rising edge-triggered cell FDRE clocked by clk_pl_0  {rise@0.000ns fall@5.000ns period=10.000ns})
  Path Group:             clk_pl_0
  Path Type:              Setup (Max at Slow Process Corner)
  Requirement:            10.000ns  (clk_pl_0 rise@10.000ns - clk_pl_0 rise@0.000ns)
  Data Path Delay:        8.987ns  (logic 0.199ns (2.214%)  route 8.788ns (97.786%))
  Logic Levels:           1  (LUT3=1)
  Clock Path Skew:        -0.088ns (DCD - SCD + CPR)
    Destination Clock Delay (DCD):    2.092ns = ( 12.092 - 10.000 ) 
    Source Clock Delay      (SCD):    2.295ns
    Clock Pessimism Removal (CPR):    0.115ns
  Clock Uncertainty:      0.130ns  ((TSJ^2 + DJ^2)^1/2) / 2 + PE
    Total System Jitter     (TSJ):    0.071ns
    Discrete Jitter          (DJ):    0.250ns
    Phase Error              (PE):    0.000ns
  Clock Net Delay (Source):      2.069ns (routing 0.662ns, distribution 1.407ns)
  Clock Net Delay (Destination): 1.910ns (routing 0.599ns, distribution 1.311ns)

    Location             Delay type                Incr(ns)  Path(ns)    Netlist Resource(s)
  -------------------------------------------------------------------    -------------------
                         (clock clk_pl_0 rise edge)
                                                      0.000     0.000 r  
    PS8_X0Y0             PS8                          0.000     0.000 r  rf_bd/mts_i/zynq_ultra_ps_e_0/inst/PS8_i/PLCLK[0]
                         net (fo=1, routed)           0.198     0.198    rf_bd/mts_i/zynq_ultra_ps_e_0/inst/pl_clk_unbuffered[0]
    BUFG_PS_X0Y48        BUFG_PS (Prop_BUFG_PS_I_O)
                                                      0.028     0.226 r  rf_bd/mts_i/zynq_ultra_ps_e_0/inst/buffer_pl_clk_0.PL_CLK_0_BUFG/O
    X2Y3 (CLOCK_ROOT)    net (fo=32907, routed)       2.069     2.295    rf_bd/mts_i/ctrl_interconnect/xbar/inst/gen_samd.crossbar_samd/gen_master_slots[0].reg_slice_mi/r.r_pipe/aclk
    SLICE_X45Y253        FDRE                                         r  rf_bd/mts_i/ctrl_interconnect/xbar/inst/gen_samd.crossbar_samd/gen_master_slots[0].reg_slice_mi/r.r_pipe/s_ready_i_reg/C
  -------------------------------------------------------------------    -------------------
    SLICE_X45Y253        FDRE (Prop_EFF_SLICEM_C_Q)
                                                      0.076     2.371 r  rf_bd/mts_i/ctrl_interconnect/xbar/inst/gen_samd.crossbar_samd/gen_master_slots[0].reg_slice_mi/r.r_pipe/s_ready_i_reg/Q
                         net (fo=1052, routed)        8.738    11.109    rf_bd/mts_i/ctrl_interconnect/xbar/inst/gen_samd.crossbar_samd/gen_master_slots[0].reg_slice_mi/r.r_pipe/s_ready_i_reg_0
    SLICE_X32Y336        LUT3 (Prop_C6LUT_SLICEL_I2_O)
                                                      0.123    11.232 r  rf_bd/mts_i/ctrl_interconnect/xbar/inst/gen_samd.crossbar_samd/gen_master_slots[0].reg_slice_mi/r.r_pipe/m_payload_i[50]_i_1/O
                         net (fo=1, routed)           0.050    11.282    rf_bd/mts_i/ctrl_interconnect/xbar/inst/gen_samd.crossbar_samd/gen_master_slots[0].reg_slice_mi/r.r_pipe/skid_buffer[50]
    SLICE_X32Y336        FDRE                                         r  rf_bd/mts_i/ctrl_interconnect/xbar/inst/gen_samd.crossbar_samd/gen_master_slots[0].reg_slice_mi/r.r_pipe/m_payload_i_reg[50]/D
  -------------------------------------------------------------------    -------------------

                         (clock clk_pl_0 rise edge)
                                                     10.000    10.000 r  
    PS8_X0Y0             PS8                          0.000    10.000 r  rf_bd/mts_i/zynq_ultra_ps_e_0/inst/PS8_i/PLCLK[0]
                         net (fo=1, routed)           0.157    10.157    rf_bd/mts_i/zynq_ultra_ps_e_0/inst/pl_clk_unbuffered[0]
    BUFG_PS_X0Y48        BUFG_PS (Prop_BUFG_PS_I_O)
                                                      0.025    10.182 r  rf_bd/mts_i/zynq_ultra_ps_e_0/inst/buffer_pl_clk_0.PL_CLK_0_BUFG/O
    X2Y3 (CLOCK_ROOT)    net (fo=32907, routed)       1.910    12.092    rf_bd/mts_i/ctrl_interconnect/xbar/inst/gen_samd.crossbar_samd/gen_master_slots[0].reg_slice_mi/r.r_pipe/aclk
    SLICE_X32Y336        FDRE                                         r  rf_bd/mts_i/ctrl_interconnect/xbar/inst/gen_samd.crossbar_samd/gen_master_slots[0].reg_slice_mi/r.r_pipe/m_payload_i_reg[50]/C
                         clock pessimism              0.115    12.207    
                         clock uncertainty           -0.130    12.077    
    SLICE_X32Y336        FDRE (Setup_CFF_SLICEL_C_D)
                                                      0.025    12.102    rf_bd/mts_i/ctrl_interconnect/xbar/inst/gen_samd.crossbar_samd/gen_master_slots[0].reg_slice_mi/r.r_pipe/m_payload_i_reg[50]
  -------------------------------------------------------------------
                         required time                         12.102    
                         arrival time                         -11.282    
  -------------------------------------------------------------------
                         slack                                  0.820    





Min Delay Paths
--------------------------------------------------------------------------------------
Slack (MET) :             0.010ns  (arrival time - required time)
  Source:                 rf_bd/mts_i/ctrl_interconnect/m04_couplers/auto_cc/inst/gen_clock_conv.gen_async_conv.asyncfifo_axi/inst_fifo_gen/gaxi_full_lite.gread_ch.grdch2.axi_rdch/grf.rf/gntv_or_sync_fifo.mem/goreg_dm.dout_i_reg[147]/C
                            (rising edge-triggered cell FDRE clocked by clk_pl_0  {rise@0.000ns fall@5.000ns period=10.000ns})
  Destination:            rf_bd/mts_i/ctrl_interconnect/xbar/inst/gen_samd.crossbar_samd/gen_master_slots[4].reg_slice_mi/r.r_pipe/skid_buffer_reg[144]/D
                            (rising edge-triggered cell FDRE clocked by clk_pl_0  {rise@0.000ns fall@5.000ns period=10.000ns})
  Path Group:             clk_pl_0
  Path Type:              Hold (Min at Slow Process Corner)
  Requirement:            0.000ns  (clk_pl_0 rise@0.000ns - clk_pl_0 rise@0.000ns)
  Data Path Delay:        0.276ns  (logic 0.061ns (22.084%)  route 0.215ns (77.916%))
  Logic Levels:           0  
  Clock Path Skew:        0.204ns (DCD - SCD - CPR)
    Destination Clock Delay (DCD):    2.400ns
    Source Clock Delay      (SCD):    2.081ns
    Clock Pessimism Removal (CPR):    0.115ns
  Clock Net Delay (Source):      1.899ns (routing 0.599ns, distribution 1.300ns)
  Clock Net Delay (Destination): 2.174ns (routing 0.662ns, distribution 1.512ns)

    Location             Delay type                Incr(ns)  Path(ns)    Netlist Resource(s)
  -------------------------------------------------------------------    -------------------
                         (clock clk_pl_0 rise edge)
                                                      0.000     0.000 r  
    PS8_X0Y0             PS8                          0.000     0.000 r  rf_bd/mts_i/zynq_ultra_ps_e_0/inst/PS8_i/PLCLK[0]
                         net (fo=1, routed)           0.157     0.157    rf_bd/mts_i/zynq_ultra_ps_e_0/inst/pl_clk_unbuffered[0]
    BUFG_PS_X0Y48        BUFG_PS (Prop_BUFG_PS_I_O)
                                                      0.025     0.182 r  rf_bd/mts_i/zynq_ultra_ps_e_0/inst/buffer_pl_clk_0.PL_CLK_0_BUFG/O
    X2Y3 (CLOCK_ROOT)    net (fo=32907, routed)       1.899     2.081    rf_bd/mts_i/ctrl_interconnect/m04_couplers/auto_cc/inst/gen_clock_conv.gen_async_conv.asyncfifo_axi/inst_fifo_gen/gaxi_full_lite.gread_ch.grdch2.axi_rdch/grf.rf/gntv_or_sync_fifo.mem/s_aclk
    SLICE_X32Y290        FDRE                                         r  rf_bd/mts_i/ctrl_interconnect/m04_couplers/auto_cc/inst/gen_clock_conv.gen_async_conv.asyncfifo_axi/inst_fifo_gen/gaxi_full_lite.gread_ch.grdch2.axi_rdch/grf.rf/gntv_or_sync_fifo.mem/goreg_dm.dout_i_reg[147]/C
  -------------------------------------------------------------------    -------------------
    SLICE_X32Y290        FDRE (Prop_DFF2_SLICEL_C_Q)
                                                      0.061     2.142 r  rf_bd/mts_i/ctrl_interconnect/m04_couplers/auto_cc/inst/gen_clock_conv.gen_async_conv.asyncfifo_axi/inst_fifo_gen/gaxi_full_lite.gread_ch.grdch2.axi_rdch/grf.rf/gntv_or_sync_fifo.mem/goreg_dm.dout_i_reg[147]/Q
                         net (fo=2, routed)           0.215     2.357    rf_bd/mts_i/ctrl_interconnect/xbar/inst/gen_samd.crossbar_samd/gen_master_slots[4].reg_slice_mi/r.r_pipe/m_axi_rdata[144]
    SLICE_X29Y304        FDRE                                         r  rf_bd/mts_i/ctrl_interconnect/xbar/inst/gen_samd.crossbar_samd/gen_master_slots[4].reg_slice_mi/r.r_pipe/skid_buffer_reg[144]/D
  -------------------------------------------------------------------    -------------------

                         (clock clk_pl_0 rise edge)
                                                      0.000     0.000 r  
    PS8_X0Y0             PS8                          0.000     0.000 r  rf_bd/mts_i/zynq_ultra_ps_e_0/inst/PS8_i/PLCLK[0]
                         net (fo=1, routed)           0.198     0.198    rf_bd/mts_i/zynq_ultra_ps_e_0/inst/pl_clk_unbuffered[0]
    BUFG_PS_X0Y48        BUFG_PS (Prop_BUFG_PS_I_O)
                                                      0.028     0.226 r  rf_bd/mts_i/zynq_ultra_ps_e_0/inst/buffer_pl_clk_0.PL_CLK_0_BUFG/O
    X2Y3 (CLOCK_ROOT)    net (fo=32907, routed)       2.174     2.400    rf_bd/mts_i/ctrl_interconnect/xbar/inst/gen_samd.crossbar_samd/gen_master_slots[4].reg_slice_mi/r.r_pipe/aclk
    SLICE_X29Y304        FDRE                                         r  rf_bd/mts_i/ctrl_interconnect/xbar/inst/gen_samd.crossbar_samd/gen_master_slots[4].reg_slice_mi/r.r_pipe/skid_buffer_reg[144]/C
                         clock pessimism             -0.115     2.285    
    SLICE_X29Y304        FDRE (Hold_HFF2_SLICEL_C_D)
                                                      0.062     2.347    rf_bd/mts_i/ctrl_interconnect/xbar/inst/gen_samd.crossbar_samd/gen_master_slots[4].reg_slice_mi/r.r_pipe/skid_buffer_reg[144]
  -------------------------------------------------------------------
                         required time                         -2.347    
                         arrival time                           2.357    
  -------------------------------------------------------------------
                         slack                                  0.010    





Pulse Width Checks
--------------------------------------------------------------------------------------
Clock Name:         clk_pl_0
Waveform(ns):       { 0.000 5.000 }
Period(ns):         10.000
Sources:            { rf_bd/mts_i/zynq_ultra_ps_e_0/inst/PS8_i/PLCLK[0] }

Check Type        Corner  Lib Pin     Reference Pin  Required(ns)  Actual(ns)  Slack(ns)  Location    Pin
Min Period        n/a     RFADC/DCLK  n/a            4.000         10.000      6.000      RFADC_X0Y0  rf_bd/mts_i/usp_rf_data_converter_0/inst/mts_usp_rf_data_converter_0_0_rf_wrapper_i/rx0_u_adc/DCLK
Low Pulse Width   Slow    RFADC/DCLK  n/a            1.600         5.000       3.400      RFADC_X0Y0  rf_bd/mts_i/usp_rf_data_converter_0/inst/mts_usp_rf_data_converter_0_0_rf_wrapper_i/rx0_u_adc/DCLK
High Pulse Width  Slow    RFADC/DCLK  n/a            1.600         5.000       3.400      RFADC_X0Y0  rf_bd/mts_i/usp_rf_data_converter_0/inst/mts_usp_rf_data_converter_0_0_rf_wrapper_i/rx0_u_adc/DCLK



---------------------------------------------------------------------------------------------------
From Clock:  dbg_hub/inst/BSCANID.u_xsdbm_id/SWITCH_N_EXT_BSCAN.bscan_inst/SERIES7_BSCAN.bscan_inst/INTERNAL_TCK
  To Clock:  dbg_hub/inst/BSCANID.u_xsdbm_id/SWITCH_N_EXT_BSCAN.bscan_inst/SERIES7_BSCAN.bscan_inst/INTERNAL_TCK

Setup :            0  Failing Endpoints,  Worst Slack       14.587ns,  Total Violation        0.000ns
Hold  :            0  Failing Endpoints,  Worst Slack        0.013ns,  Total Violation        0.000ns
PW    :            0  Failing Endpoints,  Worst Slack       24.468ns,  Total Violation        0.000ns
---------------------------------------------------------------------------------------------------


Max Delay Paths
--------------------------------------------------------------------------------------
Slack (MET) :             14.587ns  (required time - arrival time)
  Source:                 dbg_hub/inst/BSCANID.u_xsdbm_id/CORE_XSDB.U_ICON/iTDO_reg/C
                            (rising edge-triggered cell FDRE clocked by dbg_hub/inst/BSCANID.u_xsdbm_id/SWITCH_N_EXT_BSCAN.bscan_inst/SERIES7_BSCAN.bscan_inst/INTERNAL_TCK  {rise@0.000ns fall@25.000ns period=50.000ns})
  Destination:            dbg_hub/inst/BSCANID.u_xsdbm_id/SWITCH_N_EXT_BSCAN.bscan_inst/SERIES7_BSCAN.bscan_inst/TDO
                            (falling edge-triggered cell BSCANE2 clocked by dbg_hub/inst/BSCANID.u_xsdbm_id/SWITCH_N_EXT_BSCAN.bscan_inst/SERIES7_BSCAN.bscan_inst/INTERNAL_TCK  {rise@0.000ns fall@25.000ns period=50.000ns})
  Path Group:             dbg_hub/inst/BSCANID.u_xsdbm_id/SWITCH_N_EXT_BSCAN.bscan_inst/SERIES7_BSCAN.bscan_inst/INTERNAL_TCK
  Path Type:              Setup (Max at Slow Process Corner)
  Requirement:            25.000ns  (dbg_hub/inst/BSCANID.u_xsdbm_id/SWITCH_N_EXT_BSCAN.bscan_inst/SERIES7_BSCAN.bscan_inst/INTERNAL_TCK fall@25.000ns - dbg_hub/inst/BSCANID.u_xsdbm_id/SWITCH_N_EXT_BSCAN.bscan_inst/SERIES7_BSCAN.bscan_inst/INTERNAL_TCK rise@0.000ns)
  Data Path Delay:        2.443ns  (logic 0.278ns (11.378%)  route 2.165ns (88.622%))
  Logic Levels:           2  (LUT3=1 LUT6=1)
  Clock Path Skew:        -7.734ns (DCD - SCD + CPR)
    Destination Clock Delay (DCD):    0.000ns = ( 25.000 - 25.000 ) 
    Source Clock Delay      (SCD):    7.734ns
    Clock Pessimism Removal (CPR):    0.000ns
  Clock Uncertainty:      0.235ns  ((TSJ^2 + TIJ^2)^1/2 + DJ) / 2 + PE + DCD
    Total System Jitter     (TSJ):    0.071ns
    Total Input Jitter      (TIJ):    0.000ns
    Discrete Jitter          (DJ):    0.000ns
    Phase Error              (PE):    0.000ns
    Duty Cycle Distortion   (DCD):    0.200ns
  Clock Net Delay (Source):      1.969ns (routing 0.727ns, distribution 1.242ns)

    Location             Delay type                Incr(ns)  Path(ns)    Netlist Resource(s)
  -------------------------------------------------------------------    -------------------
                         (clock dbg_hub/inst/BSCANID.u_xsdbm_id/SWITCH_N_EXT_BSCAN.bscan_inst/SERIES7_BSCAN.bscan_inst/INTERNAL_TCK rise edge)
                                                      0.000     0.000 r  
    CONFIG_SITE_X0Y0     BSCANE2                      0.000     0.000 r  dbg_hub/inst/BSCANID.u_xsdbm_id/SWITCH_N_EXT_BSCAN.bscan_inst/SERIES7_BSCAN.bscan_inst/INTERNAL_TCK
    CONFIG_SITE_X0Y0     BSCANE2 (Prop_BSCAN1_CONFIG_SITE_INTERNAL_TCK_TCK)
                                                      4.300     4.300 r  dbg_hub/inst/BSCANID.u_xsdbm_id/SWITCH_N_EXT_BSCAN.bscan_inst/SERIES7_BSCAN.bscan_inst/TCK
                         net (fo=1, routed)           1.437     5.737    dbg_hub/inst/BSCANID.u_xsdbm_id/tck_bs
    BUFGCE_X0Y59         BUFGCE (Prop_BUFCE_BUFGCE_I_O)
                                                      0.028     5.765 r  dbg_hub/inst/BSCANID.u_xsdbm_id/SWITCH_N_EXT_BSCAN.u_bufg_icon_tck/O
    X5Y3 (CLOCK_ROOT)    net (fo=490, routed)         1.969     7.734    dbg_hub/inst/BSCANID.u_xsdbm_id/CORE_XSDB.U_ICON/m_bscan_tck[0]
    SLICE_X102Y287       FDRE                                         r  dbg_hub/inst/BSCANID.u_xsdbm_id/CORE_XSDB.U_ICON/iTDO_reg/C
  -------------------------------------------------------------------    -------------------
    SLICE_X102Y287       FDRE (Prop_HFF2_SLICEL_C_Q)
                                                      0.080     7.814 r  dbg_hub/inst/BSCANID.u_xsdbm_id/CORE_XSDB.U_ICON/iTDO_reg/Q
                         net (fo=1, routed)           1.391     9.205    dbg_hub/inst/BSCANID.u_xsdbm_id/TDO
    SLICE_X104Y119       LUT3 (Prop_H6LUT_SLICEM_I2_O)
                                                      0.101     9.306 r  dbg_hub/inst/BSCANID.u_xsdbm_id/SWITCH_N_EXT_BSCAN.bscan_switch_i_1/O
                         net (fo=2, routed)           0.271     9.577    dbg_hub/inst/BSCANID.u_xsdbm_id/SWITCH_N_EXT_BSCAN.bscan_switch/m_bscan_tdo[0]
    SLICE_X106Y119       LUT6 (Prop_G6LUT_SLICEL_I5_O)
                                                      0.097     9.674 r  dbg_hub/inst/BSCANID.u_xsdbm_id/SWITCH_N_EXT_BSCAN.bscan_switch/s_bscan_tdo_INST_0/O
                         net (fo=1, routed)           0.503    10.177    dbg_hub/inst/BSCANID.u_xsdbm_id/SWITCH_N_EXT_BSCAN.bscan_inst/TDO
    CONFIG_SITE_X0Y0     BSCANE2                                      r  dbg_hub/inst/BSCANID.u_xsdbm_id/SWITCH_N_EXT_BSCAN.bscan_inst/SERIES7_BSCAN.bscan_inst/TDO
  -------------------------------------------------------------------    -------------------

                         (clock dbg_hub/inst/BSCANID.u_xsdbm_id/SWITCH_N_EXT_BSCAN.bscan_inst/SERIES7_BSCAN.bscan_inst/INTERNAL_TCK fall edge)
                                                     25.000    25.000 f  
    CONFIG_SITE_X0Y0     BSCANE2                      0.000    25.000 f  dbg_hub/inst/BSCANID.u_xsdbm_id/SWITCH_N_EXT_BSCAN.bscan_inst/SERIES7_BSCAN.bscan_inst/INTERNAL_TCK
                         clock pessimism              0.000    25.000    
                         clock uncertainty           -0.235    24.765    
    CONFIG_SITE_X0Y0     BSCANE2 (Setup_BSCAN1_CONFIG_SITE_INTERNAL_TCK_TDO)
                                                      0.000    24.765    dbg_hub/inst/BSCANID.u_xsdbm_id/SWITCH_N_EXT_BSCAN.bscan_inst/SERIES7_BSCAN.bscan_inst
  -------------------------------------------------------------------
                         required time                         24.765    
                         arrival time                         -10.177    
  -------------------------------------------------------------------
                         slack                                 14.587    





Min Delay Paths
--------------------------------------------------------------------------------------
Slack (MET) :             0.013ns  (arrival time - required time)
  Source:                 dbg_hub/inst/BSCANID.u_xsdbm_id/CORE_XSDB.UUT_MASTER/U_ICON_INTERFACE/U_CMD6_WR/shift_reg_in_reg[4]/C
                            (rising edge-triggered cell FDCE clocked by dbg_hub/inst/BSCANID.u_xsdbm_id/SWITCH_N_EXT_BSCAN.bscan_inst/SERIES7_BSCAN.bscan_inst/INTERNAL_TCK  {rise@0.000ns fall@25.000ns period=50.000ns})
  Destination:            dbg_hub/inst/BSCANID.u_xsdbm_id/CORE_XSDB.UUT_MASTER/U_ICON_INTERFACE/U_CMD6_WR/U_WR_FIFO/SUBCORE_FIFO.xsdbm_v3_0_0_wrfifo_inst/inst_fifo_gen/gconvfifo.rf/grf.rf/gntv_or_sync_fifo.mem/gdm.dm_gen.dm/RAM_reg_0_15_0_13/RAMB_D1/I
                            (rising edge-triggered cell RAMD32 clocked by dbg_hub/inst/BSCANID.u_xsdbm_id/SWITCH_N_EXT_BSCAN.bscan_inst/SERIES7_BSCAN.bscan_inst/INTERNAL_TCK  {rise@0.000ns fall@25.000ns period=50.000ns})
  Path Group:             dbg_hub/inst/BSCANID.u_xsdbm_id/SWITCH_N_EXT_BSCAN.bscan_inst/SERIES7_BSCAN.bscan_inst/INTERNAL_TCK
  Path Type:              Hold (Min at Slow Process Corner)
  Requirement:            0.000ns  (dbg_hub/inst/BSCANID.u_xsdbm_id/SWITCH_N_EXT_BSCAN.bscan_inst/SERIES7_BSCAN.bscan_inst/INTERNAL_TCK rise@0.000ns - dbg_hub/inst/BSCANID.u_xsdbm_id/SWITCH_N_EXT_BSCAN.bscan_inst/SERIES7_BSCAN.bscan_inst/INTERNAL_TCK rise@0.000ns)
  Data Path Delay:        0.138ns  (logic 0.059ns (42.906%)  route 0.079ns (57.094%))
  Logic Levels:           0  
  Clock Path Skew:        0.065ns (DCD - SCD - CPR)
    Destination Clock Delay (DCD):    7.753ns
    Source Clock Delay      (SCD):    3.230ns
    Clock Pessimism Removal (CPR):    4.459ns
  Clock Net Delay (Source):      1.743ns (routing 0.662ns, distribution 1.081ns)
  Clock Net Delay (Destination): 1.988ns (routing 0.727ns, distribution 1.261ns)

    Location             Delay type                Incr(ns)  Path(ns)    Netlist Resource(s)
  -------------------------------------------------------------------    -------------------
                         (clock dbg_hub/inst/BSCANID.u_xsdbm_id/SWITCH_N_EXT_BSCAN.bscan_inst/SERIES7_BSCAN.bscan_inst/INTERNAL_TCK rise edge)
                                                      0.000     0.000 r  
    CONFIG_SITE_X0Y0     BSCANE2                      0.000     0.000 r  dbg_hub/inst/BSCANID.u_xsdbm_id/SWITCH_N_EXT_BSCAN.bscan_inst/SERIES7_BSCAN.bscan_inst/INTERNAL_TCK
    CONFIG_SITE_X0Y0     BSCANE2 (Prop_BSCAN1_CONFIG_SITE_INTERNAL_TCK_TCK)
                                                      0.465     0.465 r  dbg_hub/inst/BSCANID.u_xsdbm_id/SWITCH_N_EXT_BSCAN.bscan_inst/SERIES7_BSCAN.bscan_inst/TCK
                         net (fo=1, routed)           0.998     1.463    dbg_hub/inst/BSCANID.u_xsdbm_id/tck_bs
    BUFGCE_X0Y59         BUFGCE (Prop_BUFCE_BUFGCE_I_O)
                                                      0.024     1.487 r  dbg_hub/inst/BSCANID.u_xsdbm_id/SWITCH_N_EXT_BSCAN.u_bufg_icon_tck/O
    X5Y3 (CLOCK_ROOT)    net (fo=490, routed)         1.743     3.230    dbg_hub/inst/BSCANID.u_xsdbm_id/CORE_XSDB.UUT_MASTER/U_ICON_INTERFACE/U_CMD6_WR/m_bscan_tck[0]
    SLICE_X100Y297       FDCE                                         r  dbg_hub/inst/BSCANID.u_xsdbm_id/CORE_XSDB.UUT_MASTER/U_ICON_INTERFACE/U_CMD6_WR/shift_reg_in_reg[4]/C
  -------------------------------------------------------------------    -------------------
    SLICE_X100Y297       FDCE (Prop_BFF_SLICEL_C_Q)
                                                      0.059     3.289 r  dbg_hub/inst/BSCANID.u_xsdbm_id/CORE_XSDB.UUT_MASTER/U_ICON_INTERFACE/U_CMD6_WR/shift_reg_in_reg[4]/Q
                         net (fo=2, routed)           0.079     3.367    dbg_hub/inst/BSCANID.u_xsdbm_id/CORE_XSDB.UUT_MASTER/U_ICON_INTERFACE/U_CMD6_WR/U_WR_FIFO/SUBCORE_FIFO.xsdbm_v3_0_0_wrfifo_inst/inst_fifo_gen/gconvfifo.rf/grf.rf/gntv_or_sync_fifo.mem/gdm.dm_gen.dm/RAM_reg_0_15_0_13/DIB1
    SLICE_X99Y297        RAMD32                                       r  dbg_hub/inst/BSCANID.u_xsdbm_id/CORE_XSDB.UUT_MASTER/U_ICON_INTERFACE/U_CMD6_WR/U_WR_FIFO/SUBCORE_FIFO.xsdbm_v3_0_0_wrfifo_inst/inst_fifo_gen/gconvfifo.rf/grf.rf/gntv_or_sync_fifo.mem/gdm.dm_gen.dm/RAM_reg_0_15_0_13/RAMB_D1/I
  -------------------------------------------------------------------    -------------------

                         (clock dbg_hub/inst/BSCANID.u_xsdbm_id/SWITCH_N_EXT_BSCAN.bscan_inst/SERIES7_BSCAN.bscan_inst/INTERNAL_TCK rise edge)
                                                      0.000     0.000 r  
    CONFIG_SITE_X0Y0     BSCANE2                      0.000     0.000 r  dbg_hub/inst/BSCANID.u_xsdbm_id/SWITCH_N_EXT_BSCAN.bscan_inst/SERIES7_BSCAN.bscan_inst/INTERNAL_TCK
    CONFIG_SITE_X0Y0     BSCANE2 (Prop_BSCAN1_CONFIG_SITE_INTERNAL_TCK_TCK)
                                                      4.300     4.300 r  dbg_hub/inst/BSCANID.u_xsdbm_id/SWITCH_N_EXT_BSCAN.bscan_inst/SERIES7_BSCAN.bscan_inst/TCK
                         net (fo=1, routed)           1.437     5.737    dbg_hub/inst/BSCANID.u_xsdbm_id/tck_bs
    BUFGCE_X0Y59         BUFGCE (Prop_BUFCE_BUFGCE_I_O)
                                                      0.028     5.765 r  dbg_hub/inst/BSCANID.u_xsdbm_id/SWITCH_N_EXT_BSCAN.u_bufg_icon_tck/O
    X5Y3 (CLOCK_ROOT)    net (fo=490, routed)         1.988     7.753    dbg_hub/inst/BSCANID.u_xsdbm_id/CORE_XSDB.UUT_MASTER/U_ICON_INTERFACE/U_CMD6_WR/U_WR_FIFO/SUBCORE_FIFO.xsdbm_v3_0_0_wrfifo_inst/inst_fifo_gen/gconvfifo.rf/grf.rf/gntv_or_sync_fifo.mem/gdm.dm_gen.dm/RAM_reg_0_15_0_13/WCLK
    SLICE_X99Y297        RAMD32                                       r  dbg_hub/inst/BSCANID.u_xsdbm_id/CORE_XSDB.UUT_MASTER/U_ICON_INTERFACE/U_CMD6_WR/U_WR_FIFO/SUBCORE_FIFO.xsdbm_v3_0_0_wrfifo_inst/inst_fifo_gen/gconvfifo.rf/grf.rf/gntv_or_sync_fifo.mem/gdm.dm_gen.dm/RAM_reg_0_15_0_13/RAMB_D1/CLK
                         clock pessimism             -4.459     3.294    
    SLICE_X99Y297        RAMD32 (Hold_B6LUT_SLICEM_CLK_I)
                                                      0.060     3.354    dbg_hub/inst/BSCANID.u_xsdbm_id/CORE_XSDB.UUT_MASTER/U_ICON_INTERFACE/U_CMD6_WR/U_WR_FIFO/SUBCORE_FIFO.xsdbm_v3_0_0_wrfifo_inst/inst_fifo_gen/gconvfifo.rf/grf.rf/gntv_or_sync_fifo.mem/gdm.dm_gen.dm/RAM_reg_0_15_0_13/RAMB_D1
  -------------------------------------------------------------------
                         required time                         -3.354    
                         arrival time                           3.367    
  -------------------------------------------------------------------
                         slack                                  0.013    





Pulse Width Checks
--------------------------------------------------------------------------------------
Clock Name:         dbg_hub/inst/BSCANID.u_xsdbm_id/SWITCH_N_EXT_BSCAN.bscan_inst/SERIES7_BSCAN.bscan_inst/INTERNAL_TCK
Waveform(ns):       { 0.000 25.000 }
Period(ns):         50.000
Sources:            { dbg_hub/inst/BSCANID.u_xsdbm_id/SWITCH_N_EXT_BSCAN.bscan_inst/SERIES7_BSCAN.bscan_inst/INTERNAL_TCK }

Check Type        Corner  Lib Pin     Reference Pin  Required(ns)  Actual(ns)  Slack(ns)  Location       Pin
Min Period        n/a     BUFGCE/I    n/a            1.290         50.000      48.710     BUFGCE_X0Y59   dbg_hub/inst/BSCANID.u_xsdbm_id/SWITCH_N_EXT_BSCAN.u_bufg_icon_tck/I
Low Pulse Width   Slow    RAMD32/CLK  n/a            0.532         25.000      24.468     SLICE_X99Y297  dbg_hub/inst/BSCANID.u_xsdbm_id/CORE_XSDB.UUT_MASTER/U_ICON_INTERFACE/U_CMD6_WR/U_WR_FIFO/SUBCORE_FIFO.xsdbm_v3_0_0_wrfifo_inst/inst_fifo_gen/gconvfifo.rf/grf.rf/gntv_or_sync_fifo.mem/gdm.dm_gen.dm/RAM_reg_0_15_0_13/RAMA/CLK
High Pulse Width  Slow    RAMD32/CLK  n/a            0.532         25.000      24.468     SLICE_X99Y297  dbg_hub/inst/BSCANID.u_xsdbm_id/CORE_XSDB.UUT_MASTER/U_ICON_INTERFACE/U_CMD6_WR/U_WR_FIFO/SUBCORE_FIFO.xsdbm_v3_0_0_wrfifo_inst/inst_fifo_gen/gconvfifo.rf/grf.rf/gntv_or_sync_fifo.mem/gdm.dm_gen.dm/RAM_reg_0_15_0_13/RAMA/CLK



---------------------------------------------------------------------------------------------------
From Clock:  GTYE4_CHANNEL_TXOUTCLKPCS[0]
  To Clock:  GTYE4_CHANNEL_TXOUTCLKPCS[0]

Setup :            0  Failing Endpoints,  Worst Slack        1.774ns,  Total Violation        0.000ns
Hold  :            0  Failing Endpoints,  Worst Slack        0.150ns,  Total Violation        0.000ns
PW    :            0  Failing Endpoints,  Worst Slack        1.277ns,  Total Violation        0.000ns
---------------------------------------------------------------------------------------------------


Max Delay Paths
--------------------------------------------------------------------------------------
Slack (MET) :             1.774ns  (required time - arrival time)
  Source:                 cmac_inst/inst/cmac_usplus_0_gt_i/inst/gen_gtwizard_gtye4_top.cmac_usplus_0_gt_gtwizard_gtye4_inst/gen_gtwizard_gtye4.gen_pwrgood_delay_inst[0].delay_powergood_inst/gen_powergood_delay.int_pwr_on_fsm_reg/C
                            (rising edge-triggered cell FDCE clocked by GTYE4_CHANNEL_TXOUTCLKPCS[0]  {rise@0.000ns fall@1.552ns period=3.103ns})
  Destination:            cmac_inst/inst/cmac_usplus_0_gt_i/inst/gen_gtwizard_gtye4_top.cmac_usplus_0_gt_gtwizard_gtye4_inst/gen_gtwizard_gtye4.gen_pwrgood_delay_inst[0].delay_powergood_inst/gen_powergood_delay.wait_cnt_reg[5]/CE
                            (rising edge-triggered cell FDRE clocked by GTYE4_CHANNEL_TXOUTCLKPCS[0]  {rise@0.000ns fall@1.552ns period=3.103ns})
  Path Group:             GTYE4_CHANNEL_TXOUTCLKPCS[0]
  Path Type:              Setup (Max at Slow Process Corner)
  Requirement:            3.103ns  (GTYE4_CHANNEL_TXOUTCLKPCS[0] rise@3.103ns - GTYE4_CHANNEL_TXOUTCLKPCS[0] rise@0.000ns)
  Data Path Delay:        1.067ns  (logic 0.116ns (10.870%)  route 0.951ns (89.130%))
  Logic Levels:           1  (LUT1=1)
  Clock Path Skew:        -0.155ns (DCD - SCD + CPR)
    Destination Clock Delay (DCD):    0.452ns = ( 3.555 - 3.103 ) 
    Source Clock Delay      (SCD):    0.666ns
    Clock Pessimism Removal (CPR):    0.059ns
  Clock Uncertainty:      0.046ns  ((TSJ^2 + DJ^2)^1/2) / 2 + PE
    Total System Jitter     (TSJ):    0.071ns
    Discrete Jitter          (DJ):    0.060ns
    Phase Error              (PE):    0.000ns

    Location             Delay type                Incr(ns)  Path(ns)    Netlist Resource(s)
  -------------------------------------------------------------------    -------------------
                         (clock GTYE4_CHANNEL_TXOUTCLKPCS[0] rise edge)
                                                      0.000     0.000 r  
    GTYE4_CHANNEL_X0Y4   GTYE4_CHANNEL                0.000     0.000 r  cmac_inst/inst/cmac_usplus_0_gt_i/inst/gen_gtwizard_gtye4_top.cmac_usplus_0_gt_gtwizard_gtye4_inst/gen_gtwizard_gtye4.gen_channel_container[1].gen_enabled_channel.gtye4_channel_wrapper_inst/channel_inst/gtye4_channel_gen.gen_gtye4_channel_inst[0].GTYE4_CHANNEL_PRIM_INST/TXOUTCLKPCS
                         net (fo=15, routed)          0.666     0.666    cmac_inst/inst/cmac_usplus_0_gt_i/inst/gen_gtwizard_gtye4_top.cmac_usplus_0_gt_gtwizard_gtye4_inst/gen_gtwizard_gtye4.gen_pwrgood_delay_inst[0].delay_powergood_inst/GTYE4_CHANNEL_TXOUTCLKPCS[0]
    SLICE_X0Y263         FDCE                                         r  cmac_inst/inst/cmac_usplus_0_gt_i/inst/gen_gtwizard_gtye4_top.cmac_usplus_0_gt_gtwizard_gtye4_inst/gen_gtwizard_gtye4.gen_pwrgood_delay_inst[0].delay_powergood_inst/gen_powergood_delay.int_pwr_on_fsm_reg/C
  -------------------------------------------------------------------    -------------------
    SLICE_X0Y263         FDCE (Prop_AFF2_SLICEL_C_Q)
                                                      0.081     0.747 f  cmac_inst/inst/cmac_usplus_0_gt_i/inst/gen_gtwizard_gtye4_top.cmac_usplus_0_gt_gtwizard_gtye4_inst/gen_gtwizard_gtye4.gen_pwrgood_delay_inst[0].delay_powergood_inst/gen_powergood_delay.int_pwr_on_fsm_reg/Q
                         net (fo=4, routed)           0.443     1.190    cmac_inst/inst/cmac_usplus_0_gt_i/inst/gen_gtwizard_gtye4_top.cmac_usplus_0_gt_gtwizard_gtye4_inst/gen_gtwizard_gtye4.gen_pwrgood_delay_inst[0].delay_powergood_inst/gen_powergood_delay.int_pwr_on_fsm
    SLICE_X0Y265         LUT1 (Prop_A6LUT_SLICEL_I0_O)
                                                      0.035     1.225 r  cmac_inst/inst/cmac_usplus_0_gt_i/inst/gen_gtwizard_gtye4_top.cmac_usplus_0_gt_gtwizard_gtye4_inst/gen_gtwizard_gtye4.gen_pwrgood_delay_inst[0].delay_powergood_inst/gen_powergood_delay.intclk_rrst_n_r[4]_i_1/O
                         net (fo=12, routed)          0.508     1.733    cmac_inst/inst/cmac_usplus_0_gt_i/inst/gen_gtwizard_gtye4_top.cmac_usplus_0_gt_gtwizard_gtye4_inst/gen_gtwizard_gtye4.gen_pwrgood_delay_inst[0].delay_powergood_inst/gen_powergood_delay.intclk_rrst_n_r[4]_i_1_n_0
    SLICE_X2Y267         FDRE                                         r  cmac_inst/inst/cmac_usplus_0_gt_i/inst/gen_gtwizard_gtye4_top.cmac_usplus_0_gt_gtwizard_gtye4_inst/gen_gtwizard_gtye4.gen_pwrgood_delay_inst[0].delay_powergood_inst/gen_powergood_delay.wait_cnt_reg[5]/CE
  -------------------------------------------------------------------    -------------------

                         (clock GTYE4_CHANNEL_TXOUTCLKPCS[0] rise edge)
                                                      3.103     3.103 r  
    GTYE4_CHANNEL_X0Y4   GTYE4_CHANNEL                0.000     3.103 r  cmac_inst/inst/cmac_usplus_0_gt_i/inst/gen_gtwizard_gtye4_top.cmac_usplus_0_gt_gtwizard_gtye4_inst/gen_gtwizard_gtye4.gen_channel_container[1].gen_enabled_channel.gtye4_channel_wrapper_inst/channel_inst/gtye4_channel_gen.gen_gtye4_channel_inst[0].GTYE4_CHANNEL_PRIM_INST/TXOUTCLKPCS
                         net (fo=15, routed)          0.452     3.555    cmac_inst/inst/cmac_usplus_0_gt_i/inst/gen_gtwizard_gtye4_top.cmac_usplus_0_gt_gtwizard_gtye4_inst/gen_gtwizard_gtye4.gen_pwrgood_delay_inst[0].delay_powergood_inst/GTYE4_CHANNEL_TXOUTCLKPCS[0]
    SLICE_X2Y267         FDRE                                         r  cmac_inst/inst/cmac_usplus_0_gt_i/inst/gen_gtwizard_gtye4_top.cmac_usplus_0_gt_gtwizard_gtye4_inst/gen_gtwizard_gtye4.gen_pwrgood_delay_inst[0].delay_powergood_inst/gen_powergood_delay.wait_cnt_reg[5]/C
                         clock pessimism              0.059     3.614    
                         clock uncertainty           -0.046     3.568    
    SLICE_X2Y267         FDRE (Setup_EFF2_SLICEL_C_CE)
                                                     -0.060     3.508    cmac_inst/inst/cmac_usplus_0_gt_i/inst/gen_gtwizard_gtye4_top.cmac_usplus_0_gt_gtwizard_gtye4_inst/gen_gtwizard_gtye4.gen_pwrgood_delay_inst[0].delay_powergood_inst/gen_powergood_delay.wait_cnt_reg[5]
  -------------------------------------------------------------------
                         required time                          3.508    
                         arrival time                          -1.733    
  -------------------------------------------------------------------
                         slack                                  1.774    





Min Delay Paths
--------------------------------------------------------------------------------------
Slack (MET) :             0.150ns  (arrival time - required time)
  Source:                 cmac_inst/inst/cmac_usplus_0_gt_i/inst/gen_gtwizard_gtye4_top.cmac_usplus_0_gt_gtwizard_gtye4_inst/gen_gtwizard_gtye4.gen_pwrgood_delay_inst[0].delay_powergood_inst/gen_powergood_delay.intclk_rrst_n_r_reg[4]/C
                            (rising edge-triggered cell FDCE clocked by GTYE4_CHANNEL_TXOUTCLKPCS[0]  {rise@0.000ns fall@1.552ns period=3.103ns})
  Destination:            cmac_inst/inst/cmac_usplus_0_gt_i/inst/gen_gtwizard_gtye4_top.cmac_usplus_0_gt_gtwizard_gtye4_inst/gen_gtwizard_gtye4.gen_pwrgood_delay_inst[0].delay_powergood_inst/gen_powergood_delay.wait_cnt_reg[0]/D
                            (rising edge-triggered cell FDRE clocked by GTYE4_CHANNEL_TXOUTCLKPCS[0]  {rise@0.000ns fall@1.552ns period=3.103ns})
  Path Group:             GTYE4_CHANNEL_TXOUTCLKPCS[0]
  Path Type:              Hold (Min at Slow Process Corner)
  Requirement:            0.000ns  (GTYE4_CHANNEL_TXOUTCLKPCS[0] rise@0.000ns - GTYE4_CHANNEL_TXOUTCLKPCS[0] rise@0.000ns)
  Data Path Delay:        0.269ns  (logic 0.060ns (22.334%)  route 0.209ns (77.666%))
  Logic Levels:           0  
  Clock Path Skew:        0.056ns (DCD - SCD - CPR)
    Destination Clock Delay (DCD):    0.643ns
    Source Clock Delay      (SCD):    0.452ns
    Clock Pessimism Removal (CPR):    0.135ns

    Location             Delay type                Incr(ns)  Path(ns)    Netlist Resource(s)
  -------------------------------------------------------------------    -------------------
                         (clock GTYE4_CHANNEL_TXOUTCLKPCS[0] rise edge)
                                                      0.000     0.000 r  
    GTYE4_CHANNEL_X0Y4   GTYE4_CHANNEL                0.000     0.000 r  cmac_inst/inst/cmac_usplus_0_gt_i/inst/gen_gtwizard_gtye4_top.cmac_usplus_0_gt_gtwizard_gtye4_inst/gen_gtwizard_gtye4.gen_channel_container[1].gen_enabled_channel.gtye4_channel_wrapper_inst/channel_inst/gtye4_channel_gen.gen_gtye4_channel_inst[0].GTYE4_CHANNEL_PRIM_INST/TXOUTCLKPCS
                         net (fo=15, routed)          0.452     0.452    cmac_inst/inst/cmac_usplus_0_gt_i/inst/gen_gtwizard_gtye4_top.cmac_usplus_0_gt_gtwizard_gtye4_inst/gen_gtwizard_gtye4.gen_pwrgood_delay_inst[0].delay_powergood_inst/GTYE4_CHANNEL_TXOUTCLKPCS[0]
    SLICE_X2Y265         FDCE                                         r  cmac_inst/inst/cmac_usplus_0_gt_i/inst/gen_gtwizard_gtye4_top.cmac_usplus_0_gt_gtwizard_gtye4_inst/gen_gtwizard_gtye4.gen_pwrgood_delay_inst[0].delay_powergood_inst/gen_powergood_delay.intclk_rrst_n_r_reg[4]/C
  -------------------------------------------------------------------    -------------------
    SLICE_X2Y265         FDCE (Prop_EFF2_SLICEL_C_Q)
                                                      0.060     0.512 r  cmac_inst/inst/cmac_usplus_0_gt_i/inst/gen_gtwizard_gtye4_top.cmac_usplus_0_gt_gtwizard_gtye4_inst/gen_gtwizard_gtye4.gen_pwrgood_delay_inst[0].delay_powergood_inst/gen_powergood_delay.intclk_rrst_n_r_reg[4]/Q
                         net (fo=9, routed)           0.209     0.721    cmac_inst/inst/cmac_usplus_0_gt_i/inst/gen_gtwizard_gtye4_top.cmac_usplus_0_gt_gtwizard_gtye4_inst/gen_gtwizard_gtye4.gen_pwrgood_delay_inst[0].delay_powergood_inst/gen_powergood_delay.intclk_rrst_n_r[4]
    SLICE_X2Y266         FDRE                                         r  cmac_inst/inst/cmac_usplus_0_gt_i/inst/gen_gtwizard_gtye4_top.cmac_usplus_0_gt_gtwizard_gtye4_inst/gen_gtwizard_gtye4.gen_pwrgood_delay_inst[0].delay_powergood_inst/gen_powergood_delay.wait_cnt_reg[0]/D
  -------------------------------------------------------------------    -------------------

                         (clock GTYE4_CHANNEL_TXOUTCLKPCS[0] rise edge)
                                                      0.000     0.000 r  
    GTYE4_CHANNEL_X0Y4   GTYE4_CHANNEL                0.000     0.000 r  cmac_inst/inst/cmac_usplus_0_gt_i/inst/gen_gtwizard_gtye4_top.cmac_usplus_0_gt_gtwizard_gtye4_inst/gen_gtwizard_gtye4.gen_channel_container[1].gen_enabled_channel.gtye4_channel_wrapper_inst/channel_inst/gtye4_channel_gen.gen_gtye4_channel_inst[0].GTYE4_CHANNEL_PRIM_INST/TXOUTCLKPCS
                         net (fo=15, routed)          0.643     0.643    cmac_inst/inst/cmac_usplus_0_gt_i/inst/gen_gtwizard_gtye4_top.cmac_usplus_0_gt_gtwizard_gtye4_inst/gen_gtwizard_gtye4.gen_pwrgood_delay_inst[0].delay_powergood_inst/GTYE4_CHANNEL_TXOUTCLKPCS[0]
    SLICE_X2Y266         FDRE                                         r  cmac_inst/inst/cmac_usplus_0_gt_i/inst/gen_gtwizard_gtye4_top.cmac_usplus_0_gt_gtwizard_gtye4_inst/gen_gtwizard_gtye4.gen_pwrgood_delay_inst[0].delay_powergood_inst/gen_powergood_delay.wait_cnt_reg[0]/C
                         clock pessimism             -0.135     0.508    
    SLICE_X2Y266         FDRE (Hold_AFF2_SLICEL_C_D)
                                                      0.062     0.570    cmac_inst/inst/cmac_usplus_0_gt_i/inst/gen_gtwizard_gtye4_top.cmac_usplus_0_gt_gtwizard_gtye4_inst/gen_gtwizard_gtye4.gen_pwrgood_delay_inst[0].delay_powergood_inst/gen_powergood_delay.wait_cnt_reg[0]
  -------------------------------------------------------------------
                         required time                         -0.570    
                         arrival time                           0.721    
  -------------------------------------------------------------------
                         slack                                  0.150    





Pulse Width Checks
--------------------------------------------------------------------------------------
Clock Name:         GTYE4_CHANNEL_TXOUTCLKPCS[0]
Waveform(ns):       { 0.000 1.552 }
Period(ns):         3.103
Sources:            { cmac_inst/inst/cmac_usplus_0_gt_i/inst/gen_gtwizard_gtye4_top.cmac_usplus_0_gt_gtwizard_gtye4_inst/gen_gtwizard_gtye4.gen_channel_container[1].gen_enabled_channel.gtye4_channel_wrapper_inst/channel_inst/gtye4_channel_gen.gen_gtye4_channel_inst[0].GTYE4_CHANNEL_PRIM_INST/TXOUTCLKPCS }

Check Type        Corner  Lib Pin  Reference Pin  Required(ns)  Actual(ns)  Slack(ns)  Location      Pin
Min Period        n/a     FDCE/C   n/a            0.550         3.103       2.553      SLICE_X0Y263  cmac_inst/inst/cmac_usplus_0_gt_i/inst/gen_gtwizard_gtye4_top.cmac_usplus_0_gt_gtwizard_gtye4_inst/gen_gtwizard_gtye4.gen_pwrgood_delay_inst[0].delay_powergood_inst/gen_powergood_delay.int_pwr_on_fsm_reg/C
Low Pulse Width   Slow    FDCE/C   n/a            0.275         1.552       1.277      SLICE_X0Y263  cmac_inst/inst/cmac_usplus_0_gt_i/inst/gen_gtwizard_gtye4_top.cmac_usplus_0_gt_gtwizard_gtye4_inst/gen_gtwizard_gtye4.gen_pwrgood_delay_inst[0].delay_powergood_inst/gen_powergood_delay.int_pwr_on_fsm_reg/C
High Pulse Width  Slow    FDCE/C   n/a            0.275         1.552       1.277      SLICE_X0Y263  cmac_inst/inst/cmac_usplus_0_gt_i/inst/gen_gtwizard_gtye4_top.cmac_usplus_0_gt_gtwizard_gtye4_inst/gen_gtwizard_gtye4.gen_pwrgood_delay_inst[0].delay_powergood_inst/gen_powergood_delay.int_pwr_on_fsm_reg/C



---------------------------------------------------------------------------------------------------
From Clock:  GTYE4_CHANNEL_TXOUTCLKPCS[1]
  To Clock:  GTYE4_CHANNEL_TXOUTCLKPCS[1]

Setup :            0  Failing Endpoints,  Worst Slack        1.892ns,  Total Violation        0.000ns
Hold  :            0  Failing Endpoints,  Worst Slack        0.116ns,  Total Violation        0.000ns
PW    :            0  Failing Endpoints,  Worst Slack        1.277ns,  Total Violation        0.000ns
---------------------------------------------------------------------------------------------------


Max Delay Paths
--------------------------------------------------------------------------------------
Slack (MET) :             1.892ns  (required time - arrival time)
  Source:                 cmac_inst/inst/cmac_usplus_0_gt_i/inst/gen_gtwizard_gtye4_top.cmac_usplus_0_gt_gtwizard_gtye4_inst/gen_gtwizard_gtye4.gen_pwrgood_delay_inst[1].delay_powergood_inst/gen_powergood_delay.intclk_rrst_n_r_reg[4]/C
                            (rising edge-triggered cell FDCE clocked by GTYE4_CHANNEL_TXOUTCLKPCS[1]  {rise@0.000ns fall@1.552ns period=3.103ns})
  Destination:            cmac_inst/inst/cmac_usplus_0_gt_i/inst/gen_gtwizard_gtye4_top.cmac_usplus_0_gt_gtwizard_gtye4_inst/gen_gtwizard_gtye4.gen_pwrgood_delay_inst[1].delay_powergood_inst/gen_powergood_delay.wait_cnt_reg[0]/CE
                            (rising edge-triggered cell FDRE clocked by GTYE4_CHANNEL_TXOUTCLKPCS[1]  {rise@0.000ns fall@1.552ns period=3.103ns})
  Path Group:             GTYE4_CHANNEL_TXOUTCLKPCS[1]
  Path Type:              Setup (Max at Slow Process Corner)
  Requirement:            3.103ns  (GTYE4_CHANNEL_TXOUTCLKPCS[1] rise@3.103ns - GTYE4_CHANNEL_TXOUTCLKPCS[1] rise@0.000ns)
  Data Path Delay:        0.966ns  (logic 0.246ns (25.465%)  route 0.720ns (74.535%))
  Logic Levels:           1  (LUT2=1)
  Clock Path Skew:        -0.139ns (DCD - SCD + CPR)
    Destination Clock Delay (DCD):    0.334ns = ( 3.437 - 3.103 ) 
    Source Clock Delay      (SCD):    0.533ns
    Clock Pessimism Removal (CPR):    0.059ns
  Clock Uncertainty:      0.046ns  ((TSJ^2 + DJ^2)^1/2) / 2 + PE
    Total System Jitter     (TSJ):    0.071ns
    Discrete Jitter          (DJ):    0.060ns
    Phase Error              (PE):    0.000ns

    Location             Delay type                Incr(ns)  Path(ns)    Netlist Resource(s)
  -------------------------------------------------------------------    -------------------
                         (clock GTYE4_CHANNEL_TXOUTCLKPCS[1] rise edge)
                                                      0.000     0.000 r  
    GTYE4_CHANNEL_X0Y5   GTYE4_CHANNEL                0.000     0.000 r  cmac_inst/inst/cmac_usplus_0_gt_i/inst/gen_gtwizard_gtye4_top.cmac_usplus_0_gt_gtwizard_gtye4_inst/gen_gtwizard_gtye4.gen_channel_container[1].gen_enabled_channel.gtye4_channel_wrapper_inst/channel_inst/gtye4_channel_gen.gen_gtye4_channel_inst[1].GTYE4_CHANNEL_PRIM_INST/TXOUTCLKPCS
                         net (fo=15, routed)          0.533     0.533    cmac_inst/inst/cmac_usplus_0_gt_i/inst/gen_gtwizard_gtye4_top.cmac_usplus_0_gt_gtwizard_gtye4_inst/gen_gtwizard_gtye4.gen_pwrgood_delay_inst[1].delay_powergood_inst/GTYE4_CHANNEL_TXOUTCLKPCS[0]
    SLICE_X0Y265         FDCE                                         r  cmac_inst/inst/cmac_usplus_0_gt_i/inst/gen_gtwizard_gtye4_top.cmac_usplus_0_gt_gtwizard_gtye4_inst/gen_gtwizard_gtye4.gen_pwrgood_delay_inst[1].delay_powergood_inst/gen_powergood_delay.intclk_rrst_n_r_reg[4]/C
  -------------------------------------------------------------------    -------------------
    SLICE_X0Y265         FDCE (Prop_EFF2_SLICEL_C_Q)
                                                      0.081     0.614 f  cmac_inst/inst/cmac_usplus_0_gt_i/inst/gen_gtwizard_gtye4_top.cmac_usplus_0_gt_gtwizard_gtye4_inst/gen_gtwizard_gtye4.gen_pwrgood_delay_inst[1].delay_powergood_inst/gen_powergood_delay.intclk_rrst_n_r_reg[4]/Q
                         net (fo=9, routed)           0.420     1.034    cmac_inst/inst/cmac_usplus_0_gt_i/inst/gen_gtwizard_gtye4_top.cmac_usplus_0_gt_gtwizard_gtye4_inst/gen_gtwizard_gtye4.gen_pwrgood_delay_inst[1].delay_powergood_inst/gen_powergood_delay.intclk_rrst_n_r[4]
    SLICE_X0Y265         LUT2 (Prop_B5LUT_SLICEL_I0_O)
                                                      0.165     1.199 r  cmac_inst/inst/cmac_usplus_0_gt_i/inst/gen_gtwizard_gtye4_top.cmac_usplus_0_gt_gtwizard_gtye4_inst/gen_gtwizard_gtye4.gen_pwrgood_delay_inst[1].delay_powergood_inst/gen_powergood_delay.wait_cnt[0]_i_1__0/O
                         net (fo=1, routed)           0.300     1.499    cmac_inst/inst/cmac_usplus_0_gt_i/inst/gen_gtwizard_gtye4_top.cmac_usplus_0_gt_gtwizard_gtye4_inst/gen_gtwizard_gtye4.gen_pwrgood_delay_inst[1].delay_powergood_inst/gen_powergood_delay.wait_cnt[0]_i_1__0_n_0
    SLICE_X0Y266         FDRE                                         r  cmac_inst/inst/cmac_usplus_0_gt_i/inst/gen_gtwizard_gtye4_top.cmac_usplus_0_gt_gtwizard_gtye4_inst/gen_gtwizard_gtye4.gen_pwrgood_delay_inst[1].delay_powergood_inst/gen_powergood_delay.wait_cnt_reg[0]/CE
  -------------------------------------------------------------------    -------------------

                         (clock GTYE4_CHANNEL_TXOUTCLKPCS[1] rise edge)
                                                      3.103     3.103 r  
    GTYE4_CHANNEL_X0Y5   GTYE4_CHANNEL                0.000     3.103 r  cmac_inst/inst/cmac_usplus_0_gt_i/inst/gen_gtwizard_gtye4_top.cmac_usplus_0_gt_gtwizard_gtye4_inst/gen_gtwizard_gtye4.gen_channel_container[1].gen_enabled_channel.gtye4_channel_wrapper_inst/channel_inst/gtye4_channel_gen.gen_gtye4_channel_inst[1].GTYE4_CHANNEL_PRIM_INST/TXOUTCLKPCS
                         net (fo=15, routed)          0.334     3.437    cmac_inst/inst/cmac_usplus_0_gt_i/inst/gen_gtwizard_gtye4_top.cmac_usplus_0_gt_gtwizard_gtye4_inst/gen_gtwizard_gtye4.gen_pwrgood_delay_inst[1].delay_powergood_inst/GTYE4_CHANNEL_TXOUTCLKPCS[0]
    SLICE_X0Y266         FDRE                                         r  cmac_inst/inst/cmac_usplus_0_gt_i/inst/gen_gtwizard_gtye4_top.cmac_usplus_0_gt_gtwizard_gtye4_inst/gen_gtwizard_gtye4.gen_pwrgood_delay_inst[1].delay_powergood_inst/gen_powergood_delay.wait_cnt_reg[0]/C
                         clock pessimism              0.059     3.496    
                         clock uncertainty           -0.046     3.450    
    SLICE_X0Y266         FDRE (Setup_AFF2_SLICEL_C_CE)
                                                     -0.059     3.391    cmac_inst/inst/cmac_usplus_0_gt_i/inst/gen_gtwizard_gtye4_top.cmac_usplus_0_gt_gtwizard_gtye4_inst/gen_gtwizard_gtye4.gen_pwrgood_delay_inst[1].delay_powergood_inst/gen_powergood_delay.wait_cnt_reg[0]
  -------------------------------------------------------------------
                         required time                          3.391    
                         arrival time                          -1.499    
  -------------------------------------------------------------------
                         slack                                  1.892    





Min Delay Paths
--------------------------------------------------------------------------------------
Slack (MET) :             0.116ns  (arrival time - required time)
  Source:                 cmac_inst/inst/cmac_usplus_0_gt_i/inst/gen_gtwizard_gtye4_top.cmac_usplus_0_gt_gtwizard_gtye4_inst/gen_gtwizard_gtye4.gen_pwrgood_delay_inst[1].delay_powergood_inst/gen_powergood_delay.int_pwr_on_fsm_reg/C
                            (rising edge-triggered cell FDCE clocked by GTYE4_CHANNEL_TXOUTCLKPCS[1]  {rise@0.000ns fall@1.552ns period=3.103ns})
  Destination:            cmac_inst/inst/cmac_usplus_0_gt_i/inst/gen_gtwizard_gtye4_top.cmac_usplus_0_gt_gtwizard_gtye4_inst/gen_gtwizard_gtye4.gen_pwrgood_delay_inst[1].delay_powergood_inst/gen_powergood_delay.intclk_rrst_n_r_reg[0]/CE
                            (rising edge-triggered cell FDCE clocked by GTYE4_CHANNEL_TXOUTCLKPCS[1]  {rise@0.000ns fall@1.552ns period=3.103ns})
  Path Group:             GTYE4_CHANNEL_TXOUTCLKPCS[1]
  Path Type:              Hold (Min at Slow Process Corner)
  Requirement:            0.000ns  (GTYE4_CHANNEL_TXOUTCLKPCS[1] rise@0.000ns - GTYE4_CHANNEL_TXOUTCLKPCS[1] rise@0.000ns)
  Data Path Delay:        0.234ns  (logic 0.095ns (40.562%)  route 0.139ns (59.438%))
  Logic Levels:           1  (LUT1=1)
  Clock Path Skew:        0.131ns (DCD - SCD - CPR)
    Destination Clock Delay (DCD):    0.528ns
    Source Clock Delay      (SCD):    0.341ns
    Clock Pessimism Removal (CPR):    0.055ns

    Location             Delay type                Incr(ns)  Path(ns)    Netlist Resource(s)
  -------------------------------------------------------------------    -------------------
                         (clock GTYE4_CHANNEL_TXOUTCLKPCS[1] rise edge)
                                                      0.000     0.000 r  
    GTYE4_CHANNEL_X0Y5   GTYE4_CHANNEL                0.000     0.000 r  cmac_inst/inst/cmac_usplus_0_gt_i/inst/gen_gtwizard_gtye4_top.cmac_usplus_0_gt_gtwizard_gtye4_inst/gen_gtwizard_gtye4.gen_channel_container[1].gen_enabled_channel.gtye4_channel_wrapper_inst/channel_inst/gtye4_channel_gen.gen_gtye4_channel_inst[1].GTYE4_CHANNEL_PRIM_INST/TXOUTCLKPCS
                         net (fo=15, routed)          0.341     0.341    cmac_inst/inst/cmac_usplus_0_gt_i/inst/gen_gtwizard_gtye4_top.cmac_usplus_0_gt_gtwizard_gtye4_inst/gen_gtwizard_gtye4.gen_pwrgood_delay_inst[1].delay_powergood_inst/GTYE4_CHANNEL_TXOUTCLKPCS[0]
    SLICE_X1Y265         FDCE                                         r  cmac_inst/inst/cmac_usplus_0_gt_i/inst/gen_gtwizard_gtye4_top.cmac_usplus_0_gt_gtwizard_gtye4_inst/gen_gtwizard_gtye4.gen_pwrgood_delay_inst[1].delay_powergood_inst/gen_powergood_delay.int_pwr_on_fsm_reg/C
  -------------------------------------------------------------------    -------------------
    SLICE_X1Y265         FDCE (Prop_AFF2_SLICEM_C_Q)
                                                      0.060     0.401 f  cmac_inst/inst/cmac_usplus_0_gt_i/inst/gen_gtwizard_gtye4_top.cmac_usplus_0_gt_gtwizard_gtye4_inst/gen_gtwizard_gtye4.gen_pwrgood_delay_inst[1].delay_powergood_inst/gen_powergood_delay.int_pwr_on_fsm_reg/Q
                         net (fo=4, routed)           0.070     0.471    cmac_inst/inst/cmac_usplus_0_gt_i/inst/gen_gtwizard_gtye4_top.cmac_usplus_0_gt_gtwizard_gtye4_inst/gen_gtwizard_gtye4.gen_pwrgood_delay_inst[1].delay_powergood_inst/gen_powergood_delay.int_pwr_on_fsm
    SLICE_X0Y265         LUT1 (Prop_G6LUT_SLICEL_I0_O)
                                                      0.035     0.506 r  cmac_inst/inst/cmac_usplus_0_gt_i/inst/gen_gtwizard_gtye4_top.cmac_usplus_0_gt_gtwizard_gtye4_inst/gen_gtwizard_gtye4.gen_pwrgood_delay_inst[1].delay_powergood_inst/gen_powergood_delay.intclk_rrst_n_r[4]_i_1__0/O
                         net (fo=12, routed)          0.069     0.576    cmac_inst/inst/cmac_usplus_0_gt_i/inst/gen_gtwizard_gtye4_top.cmac_usplus_0_gt_gtwizard_gtye4_inst/gen_gtwizard_gtye4.gen_pwrgood_delay_inst[1].delay_powergood_inst/gen_powergood_delay.intclk_rrst_n_r[4]_i_1__0_n_0
    SLICE_X0Y265         FDCE                                         r  cmac_inst/inst/cmac_usplus_0_gt_i/inst/gen_gtwizard_gtye4_top.cmac_usplus_0_gt_gtwizard_gtye4_inst/gen_gtwizard_gtye4.gen_pwrgood_delay_inst[1].delay_powergood_inst/gen_powergood_delay.intclk_rrst_n_r_reg[0]/CE
  -------------------------------------------------------------------    -------------------

                         (clock GTYE4_CHANNEL_TXOUTCLKPCS[1] rise edge)
                                                      0.000     0.000 r  
    GTYE4_CHANNEL_X0Y5   GTYE4_CHANNEL                0.000     0.000 r  cmac_inst/inst/cmac_usplus_0_gt_i/inst/gen_gtwizard_gtye4_top.cmac_usplus_0_gt_gtwizard_gtye4_inst/gen_gtwizard_gtye4.gen_channel_container[1].gen_enabled_channel.gtye4_channel_wrapper_inst/channel_inst/gtye4_channel_gen.gen_gtye4_channel_inst[1].GTYE4_CHANNEL_PRIM_INST/TXOUTCLKPCS
                         net (fo=15, routed)          0.528     0.528    cmac_inst/inst/cmac_usplus_0_gt_i/inst/gen_gtwizard_gtye4_top.cmac_usplus_0_gt_gtwizard_gtye4_inst/gen_gtwizard_gtye4.gen_pwrgood_delay_inst[1].delay_powergood_inst/GTYE4_CHANNEL_TXOUTCLKPCS[0]
    SLICE_X0Y265         FDCE                                         r  cmac_inst/inst/cmac_usplus_0_gt_i/inst/gen_gtwizard_gtye4_top.cmac_usplus_0_gt_gtwizard_gtye4_inst/gen_gtwizard_gtye4.gen_pwrgood_delay_inst[1].delay_powergood_inst/gen_powergood_delay.intclk_rrst_n_r_reg[0]/C
                         clock pessimism             -0.055     0.473    
    SLICE_X0Y265         FDCE (Hold_AFF2_SLICEL_C_CE)
                                                     -0.013     0.460    cmac_inst/inst/cmac_usplus_0_gt_i/inst/gen_gtwizard_gtye4_top.cmac_usplus_0_gt_gtwizard_gtye4_inst/gen_gtwizard_gtye4.gen_pwrgood_delay_inst[1].delay_powergood_inst/gen_powergood_delay.intclk_rrst_n_r_reg[0]
  -------------------------------------------------------------------
                         required time                         -0.460    
                         arrival time                           0.576    
  -------------------------------------------------------------------
                         slack                                  0.116    





Pulse Width Checks
--------------------------------------------------------------------------------------
Clock Name:         GTYE4_CHANNEL_TXOUTCLKPCS[1]
Waveform(ns):       { 0.000 1.552 }
Period(ns):         3.103
Sources:            { cmac_inst/inst/cmac_usplus_0_gt_i/inst/gen_gtwizard_gtye4_top.cmac_usplus_0_gt_gtwizard_gtye4_inst/gen_gtwizard_gtye4.gen_channel_container[1].gen_enabled_channel.gtye4_channel_wrapper_inst/channel_inst/gtye4_channel_gen.gen_gtye4_channel_inst[1].GTYE4_CHANNEL_PRIM_INST/TXOUTCLKPCS }

Check Type        Corner  Lib Pin  Reference Pin  Required(ns)  Actual(ns)  Slack(ns)  Location      Pin
Min Period        n/a     FDCE/C   n/a            0.550         3.103       2.553      SLICE_X1Y265  cmac_inst/inst/cmac_usplus_0_gt_i/inst/gen_gtwizard_gtye4_top.cmac_usplus_0_gt_gtwizard_gtye4_inst/gen_gtwizard_gtye4.gen_pwrgood_delay_inst[1].delay_powergood_inst/gen_powergood_delay.int_pwr_on_fsm_reg/C
Low Pulse Width   Slow    FDCE/C   n/a            0.275         1.552       1.277      SLICE_X1Y265  cmac_inst/inst/cmac_usplus_0_gt_i/inst/gen_gtwizard_gtye4_top.cmac_usplus_0_gt_gtwizard_gtye4_inst/gen_gtwizard_gtye4.gen_pwrgood_delay_inst[1].delay_powergood_inst/gen_powergood_delay.int_pwr_on_fsm_reg/C
High Pulse Width  Slow    FDCE/C   n/a            0.275         1.552       1.277      SLICE_X1Y265  cmac_inst/inst/cmac_usplus_0_gt_i/inst/gen_gtwizard_gtye4_top.cmac_usplus_0_gt_gtwizard_gtye4_inst/gen_gtwizard_gtye4.gen_pwrgood_delay_inst[1].delay_powergood_inst/gen_powergood_delay.int_pwr_on_fsm_reg/C



---------------------------------------------------------------------------------------------------
From Clock:  GTYE4_CHANNEL_TXOUTCLKPCS[2]
  To Clock:  GTYE4_CHANNEL_TXOUTCLKPCS[2]

Setup :            0  Failing Endpoints,  Worst Slack        1.887ns,  Total Violation        0.000ns
Hold  :            0  Failing Endpoints,  Worst Slack        0.116ns,  Total Violation        0.000ns
PW    :            0  Failing Endpoints,  Worst Slack        1.277ns,  Total Violation        0.000ns
---------------------------------------------------------------------------------------------------


Max Delay Paths
--------------------------------------------------------------------------------------
Slack (MET) :             1.887ns  (required time - arrival time)
  Source:                 cmac_inst/inst/cmac_usplus_0_gt_i/inst/gen_gtwizard_gtye4_top.cmac_usplus_0_gt_gtwizard_gtye4_inst/gen_gtwizard_gtye4.gen_pwrgood_delay_inst[2].delay_powergood_inst/gen_powergood_delay.int_pwr_on_fsm_reg/C
                            (rising edge-triggered cell FDCE clocked by GTYE4_CHANNEL_TXOUTCLKPCS[2]  {rise@0.000ns fall@1.552ns period=3.103ns})
  Destination:            cmac_inst/inst/cmac_usplus_0_gt_i/inst/gen_gtwizard_gtye4_top.cmac_usplus_0_gt_gtwizard_gtye4_inst/gen_gtwizard_gtye4.gen_pwrgood_delay_inst[2].delay_powergood_inst/gen_powergood_delay.wait_cnt_reg[5]/CE
                            (rising edge-triggered cell FDRE clocked by GTYE4_CHANNEL_TXOUTCLKPCS[2]  {rise@0.000ns fall@1.552ns period=3.103ns})
  Path Group:             GTYE4_CHANNEL_TXOUTCLKPCS[2]
  Path Type:              Setup (Max at Slow Process Corner)
  Requirement:            3.103ns  (GTYE4_CHANNEL_TXOUTCLKPCS[2] rise@3.103ns - GTYE4_CHANNEL_TXOUTCLKPCS[2] rise@0.000ns)
  Data Path Delay:        0.943ns  (logic 0.132ns (13.994%)  route 0.811ns (86.006%))
  Logic Levels:           1  (LUT1=1)
  Clock Path Skew:        -0.167ns (DCD - SCD + CPR)
    Destination Clock Delay (DCD):    0.424ns = ( 3.527 - 3.103 ) 
    Source Clock Delay      (SCD):    0.649ns
    Clock Pessimism Removal (CPR):    0.059ns
  Clock Uncertainty:      0.046ns  ((TSJ^2 + DJ^2)^1/2) / 2 + PE
    Total System Jitter     (TSJ):    0.071ns
    Discrete Jitter          (DJ):    0.060ns
    Phase Error              (PE):    0.000ns

    Location             Delay type                Incr(ns)  Path(ns)    Netlist Resource(s)
  -------------------------------------------------------------------    -------------------
                         (clock GTYE4_CHANNEL_TXOUTCLKPCS[2] rise edge)
                                                      0.000     0.000 r  
    GTYE4_CHANNEL_X0Y6   GTYE4_CHANNEL                0.000     0.000 r  cmac_inst/inst/cmac_usplus_0_gt_i/inst/gen_gtwizard_gtye4_top.cmac_usplus_0_gt_gtwizard_gtye4_inst/gen_gtwizard_gtye4.gen_channel_container[1].gen_enabled_channel.gtye4_channel_wrapper_inst/channel_inst/gtye4_channel_gen.gen_gtye4_channel_inst[2].GTYE4_CHANNEL_PRIM_INST/TXOUTCLKPCS
                         net (fo=15, routed)          0.649     0.649    cmac_inst/inst/cmac_usplus_0_gt_i/inst/gen_gtwizard_gtye4_top.cmac_usplus_0_gt_gtwizard_gtye4_inst/gen_gtwizard_gtye4.gen_pwrgood_delay_inst[2].delay_powergood_inst/GTYE4_CHANNEL_TXOUTCLKPCS[0]
    SLICE_X0Y282         FDCE                                         r  cmac_inst/inst/cmac_usplus_0_gt_i/inst/gen_gtwizard_gtye4_top.cmac_usplus_0_gt_gtwizard_gtye4_inst/gen_gtwizard_gtye4.gen_pwrgood_delay_inst[2].delay_powergood_inst/gen_powergood_delay.int_pwr_on_fsm_reg/C
  -------------------------------------------------------------------    -------------------
    SLICE_X0Y282         FDCE (Prop_AFF2_SLICEL_C_Q)
                                                      0.081     0.730 f  cmac_inst/inst/cmac_usplus_0_gt_i/inst/gen_gtwizard_gtye4_top.cmac_usplus_0_gt_gtwizard_gtye4_inst/gen_gtwizard_gtye4.gen_pwrgood_delay_inst[2].delay_powergood_inst/gen_powergood_delay.int_pwr_on_fsm_reg/Q
                         net (fo=4, routed)           0.344     1.074    cmac_inst/inst/cmac_usplus_0_gt_i/inst/gen_gtwizard_gtye4_top.cmac_usplus_0_gt_gtwizard_gtye4_inst/gen_gtwizard_gtye4.gen_pwrgood_delay_inst[2].delay_powergood_inst/gen_powergood_delay.int_pwr_on_fsm
    SLICE_X0Y281         LUT1 (Prop_H6LUT_SLICEL_I0_O)
                                                      0.051     1.125 r  cmac_inst/inst/cmac_usplus_0_gt_i/inst/gen_gtwizard_gtye4_top.cmac_usplus_0_gt_gtwizard_gtye4_inst/gen_gtwizard_gtye4.gen_pwrgood_delay_inst[2].delay_powergood_inst/gen_powergood_delay.intclk_rrst_n_r[4]_i_1__1/O
                         net (fo=12, routed)          0.468     1.593    cmac_inst/inst/cmac_usplus_0_gt_i/inst/gen_gtwizard_gtye4_top.cmac_usplus_0_gt_gtwizard_gtye4_inst/gen_gtwizard_gtye4.gen_pwrgood_delay_inst[2].delay_powergood_inst/gen_powergood_delay.intclk_rrst_n_r[4]_i_1__1_n_0
    SLICE_X0Y281         FDRE                                         r  cmac_inst/inst/cmac_usplus_0_gt_i/inst/gen_gtwizard_gtye4_top.cmac_usplus_0_gt_gtwizard_gtye4_inst/gen_gtwizard_gtye4.gen_pwrgood_delay_inst[2].delay_powergood_inst/gen_powergood_delay.wait_cnt_reg[5]/CE
  -------------------------------------------------------------------    -------------------

                         (clock GTYE4_CHANNEL_TXOUTCLKPCS[2] rise edge)
                                                      3.103     3.103 r  
    GTYE4_CHANNEL_X0Y6   GTYE4_CHANNEL                0.000     3.103 r  cmac_inst/inst/cmac_usplus_0_gt_i/inst/gen_gtwizard_gtye4_top.cmac_usplus_0_gt_gtwizard_gtye4_inst/gen_gtwizard_gtye4.gen_channel_container[1].gen_enabled_channel.gtye4_channel_wrapper_inst/channel_inst/gtye4_channel_gen.gen_gtye4_channel_inst[2].GTYE4_CHANNEL_PRIM_INST/TXOUTCLKPCS
                         net (fo=15, routed)          0.424     3.527    cmac_inst/inst/cmac_usplus_0_gt_i/inst/gen_gtwizard_gtye4_top.cmac_usplus_0_gt_gtwizard_gtye4_inst/gen_gtwizard_gtye4.gen_pwrgood_delay_inst[2].delay_powergood_inst/GTYE4_CHANNEL_TXOUTCLKPCS[0]
    SLICE_X0Y281         FDRE                                         r  cmac_inst/inst/cmac_usplus_0_gt_i/inst/gen_gtwizard_gtye4_top.cmac_usplus_0_gt_gtwizard_gtye4_inst/gen_gtwizard_gtye4.gen_pwrgood_delay_inst[2].delay_powergood_inst/gen_powergood_delay.wait_cnt_reg[5]/C
                         clock pessimism              0.059     3.586    
                         clock uncertainty           -0.046     3.539    
    SLICE_X0Y281         FDRE (Setup_EFF2_SLICEL_C_CE)
                                                     -0.060     3.479    cmac_inst/inst/cmac_usplus_0_gt_i/inst/gen_gtwizard_gtye4_top.cmac_usplus_0_gt_gtwizard_gtye4_inst/gen_gtwizard_gtye4.gen_pwrgood_delay_inst[2].delay_powergood_inst/gen_powergood_delay.wait_cnt_reg[5]
  -------------------------------------------------------------------
                         required time                          3.479    
                         arrival time                          -1.593    
  -------------------------------------------------------------------
                         slack                                  1.887    





Min Delay Paths
--------------------------------------------------------------------------------------
Slack (MET) :             0.116ns  (arrival time - required time)
  Source:                 cmac_inst/inst/cmac_usplus_0_gt_i/inst/gen_gtwizard_gtye4_top.cmac_usplus_0_gt_gtwizard_gtye4_inst/gen_gtwizard_gtye4.gen_pwrgood_delay_inst[2].delay_powergood_inst/gen_powergood_delay.wait_cnt_reg[0]/C
                            (rising edge-triggered cell FDRE clocked by GTYE4_CHANNEL_TXOUTCLKPCS[2]  {rise@0.000ns fall@1.552ns period=3.103ns})
  Destination:            cmac_inst/inst/cmac_usplus_0_gt_i/inst/gen_gtwizard_gtye4_top.cmac_usplus_0_gt_gtwizard_gtye4_inst/gen_gtwizard_gtye4.gen_pwrgood_delay_inst[2].delay_powergood_inst/gen_powergood_delay.wait_cnt_reg[1]/D
                            (rising edge-triggered cell FDRE clocked by GTYE4_CHANNEL_TXOUTCLKPCS[2]  {rise@0.000ns fall@1.552ns period=3.103ns})
  Path Group:             GTYE4_CHANNEL_TXOUTCLKPCS[2]
  Path Type:              Hold (Min at Slow Process Corner)
  Requirement:            0.000ns  (GTYE4_CHANNEL_TXOUTCLKPCS[2] rise@0.000ns - GTYE4_CHANNEL_TXOUTCLKPCS[2] rise@0.000ns)
  Data Path Delay:        0.372ns  (logic 0.060ns (16.129%)  route 0.312ns (83.871%))
  Logic Levels:           0  
  Clock Path Skew:        0.194ns (DCD - SCD - CPR)
    Destination Clock Delay (DCD):    0.648ns
    Source Clock Delay      (SCD):    0.395ns
    Clock Pessimism Removal (CPR):    0.059ns

    Location             Delay type                Incr(ns)  Path(ns)    Netlist Resource(s)
  -------------------------------------------------------------------    -------------------
                         (clock GTYE4_CHANNEL_TXOUTCLKPCS[2] rise edge)
                                                      0.000     0.000 r  
    GTYE4_CHANNEL_X0Y6   GTYE4_CHANNEL                0.000     0.000 r  cmac_inst/inst/cmac_usplus_0_gt_i/inst/gen_gtwizard_gtye4_top.cmac_usplus_0_gt_gtwizard_gtye4_inst/gen_gtwizard_gtye4.gen_channel_container[1].gen_enabled_channel.gtye4_channel_wrapper_inst/channel_inst/gtye4_channel_gen.gen_gtye4_channel_inst[2].GTYE4_CHANNEL_PRIM_INST/TXOUTCLKPCS
                         net (fo=15, routed)          0.395     0.395    cmac_inst/inst/cmac_usplus_0_gt_i/inst/gen_gtwizard_gtye4_top.cmac_usplus_0_gt_gtwizard_gtye4_inst/gen_gtwizard_gtye4.gen_pwrgood_delay_inst[2].delay_powergood_inst/GTYE4_CHANNEL_TXOUTCLKPCS[0]
    SLICE_X0Y280         FDRE                                         r  cmac_inst/inst/cmac_usplus_0_gt_i/inst/gen_gtwizard_gtye4_top.cmac_usplus_0_gt_gtwizard_gtye4_inst/gen_gtwizard_gtye4.gen_pwrgood_delay_inst[2].delay_powergood_inst/gen_powergood_delay.wait_cnt_reg[0]/C
  -------------------------------------------------------------------    -------------------
    SLICE_X0Y280         FDRE (Prop_AFF2_SLICEL_C_Q)
                                                      0.060     0.455 r  cmac_inst/inst/cmac_usplus_0_gt_i/inst/gen_gtwizard_gtye4_top.cmac_usplus_0_gt_gtwizard_gtye4_inst/gen_gtwizard_gtye4.gen_pwrgood_delay_inst[2].delay_powergood_inst/gen_powergood_delay.wait_cnt_reg[0]/Q
                         net (fo=1, routed)           0.312     0.767    cmac_inst/inst/cmac_usplus_0_gt_i/inst/gen_gtwizard_gtye4_top.cmac_usplus_0_gt_gtwizard_gtye4_inst/gen_gtwizard_gtye4.gen_pwrgood_delay_inst[2].delay_powergood_inst/gen_powergood_delay.wait_cnt[0]
    SLICE_X0Y281         FDRE                                         r  cmac_inst/inst/cmac_usplus_0_gt_i/inst/gen_gtwizard_gtye4_top.cmac_usplus_0_gt_gtwizard_gtye4_inst/gen_gtwizard_gtye4.gen_pwrgood_delay_inst[2].delay_powergood_inst/gen_powergood_delay.wait_cnt_reg[1]/D
  -------------------------------------------------------------------    -------------------

                         (clock GTYE4_CHANNEL_TXOUTCLKPCS[2] rise edge)
                                                      0.000     0.000 r  
    GTYE4_CHANNEL_X0Y6   GTYE4_CHANNEL                0.000     0.000 r  cmac_inst/inst/cmac_usplus_0_gt_i/inst/gen_gtwizard_gtye4_top.cmac_usplus_0_gt_gtwizard_gtye4_inst/gen_gtwizard_gtye4.gen_channel_container[1].gen_enabled_channel.gtye4_channel_wrapper_inst/channel_inst/gtye4_channel_gen.gen_gtye4_channel_inst[2].GTYE4_CHANNEL_PRIM_INST/TXOUTCLKPCS
                         net (fo=15, routed)          0.648     0.648    cmac_inst/inst/cmac_usplus_0_gt_i/inst/gen_gtwizard_gtye4_top.cmac_usplus_0_gt_gtwizard_gtye4_inst/gen_gtwizard_gtye4.gen_pwrgood_delay_inst[2].delay_powergood_inst/GTYE4_CHANNEL_TXOUTCLKPCS[0]
    SLICE_X0Y281         FDRE                                         r  cmac_inst/inst/cmac_usplus_0_gt_i/inst/gen_gtwizard_gtye4_top.cmac_usplus_0_gt_gtwizard_gtye4_inst/gen_gtwizard_gtye4.gen_pwrgood_delay_inst[2].delay_powergood_inst/gen_powergood_delay.wait_cnt_reg[1]/C
                         clock pessimism             -0.059     0.589    
    SLICE_X0Y281         FDRE (Hold_AFF2_SLICEL_C_D)
                                                      0.062     0.651    cmac_inst/inst/cmac_usplus_0_gt_i/inst/gen_gtwizard_gtye4_top.cmac_usplus_0_gt_gtwizard_gtye4_inst/gen_gtwizard_gtye4.gen_pwrgood_delay_inst[2].delay_powergood_inst/gen_powergood_delay.wait_cnt_reg[1]
  -------------------------------------------------------------------
                         required time                         -0.651    
                         arrival time                           0.767    
  -------------------------------------------------------------------
                         slack                                  0.116    





Pulse Width Checks
--------------------------------------------------------------------------------------
Clock Name:         GTYE4_CHANNEL_TXOUTCLKPCS[2]
Waveform(ns):       { 0.000 1.552 }
Period(ns):         3.103
Sources:            { cmac_inst/inst/cmac_usplus_0_gt_i/inst/gen_gtwizard_gtye4_top.cmac_usplus_0_gt_gtwizard_gtye4_inst/gen_gtwizard_gtye4.gen_channel_container[1].gen_enabled_channel.gtye4_channel_wrapper_inst/channel_inst/gtye4_channel_gen.gen_gtye4_channel_inst[2].GTYE4_CHANNEL_PRIM_INST/TXOUTCLKPCS }

Check Type        Corner  Lib Pin  Reference Pin  Required(ns)  Actual(ns)  Slack(ns)  Location      Pin
Min Period        n/a     FDCE/C   n/a            0.550         3.103       2.553      SLICE_X0Y282  cmac_inst/inst/cmac_usplus_0_gt_i/inst/gen_gtwizard_gtye4_top.cmac_usplus_0_gt_gtwizard_gtye4_inst/gen_gtwizard_gtye4.gen_pwrgood_delay_inst[2].delay_powergood_inst/gen_powergood_delay.int_pwr_on_fsm_reg/C
Low Pulse Width   Slow    FDCE/C   n/a            0.275         1.552       1.277      SLICE_X0Y282  cmac_inst/inst/cmac_usplus_0_gt_i/inst/gen_gtwizard_gtye4_top.cmac_usplus_0_gt_gtwizard_gtye4_inst/gen_gtwizard_gtye4.gen_pwrgood_delay_inst[2].delay_powergood_inst/gen_powergood_delay.int_pwr_on_fsm_reg/C
High Pulse Width  Slow    FDCE/C   n/a            0.275         1.552       1.277      SLICE_X0Y282  cmac_inst/inst/cmac_usplus_0_gt_i/inst/gen_gtwizard_gtye4_top.cmac_usplus_0_gt_gtwizard_gtye4_inst/gen_gtwizard_gtye4.gen_pwrgood_delay_inst[2].delay_powergood_inst/gen_powergood_delay.int_pwr_on_fsm_reg/C



---------------------------------------------------------------------------------------------------
From Clock:  GTYE4_CHANNEL_TXOUTCLKPCS[3]
  To Clock:  GTYE4_CHANNEL_TXOUTCLKPCS[3]

Setup :            0  Failing Endpoints,  Worst Slack        1.995ns,  Total Violation        0.000ns
Hold  :            0  Failing Endpoints,  Worst Slack        0.098ns,  Total Violation        0.000ns
PW    :            0  Failing Endpoints,  Worst Slack        1.277ns,  Total Violation        0.000ns
---------------------------------------------------------------------------------------------------


Max Delay Paths
--------------------------------------------------------------------------------------
Slack (MET) :             1.995ns  (required time - arrival time)
  Source:                 cmac_inst/inst/cmac_usplus_0_gt_i/inst/gen_gtwizard_gtye4_top.cmac_usplus_0_gt_gtwizard_gtye4_inst/gen_gtwizard_gtye4.gen_pwrgood_delay_inst[3].delay_powergood_inst/gen_powergood_delay.intclk_rrst_n_r_reg[4]/C
                            (rising edge-triggered cell FDCE clocked by GTYE4_CHANNEL_TXOUTCLKPCS[3]  {rise@0.000ns fall@1.552ns period=3.103ns})
  Destination:            cmac_inst/inst/cmac_usplus_0_gt_i/inst/gen_gtwizard_gtye4_top.cmac_usplus_0_gt_gtwizard_gtye4_inst/gen_gtwizard_gtye4.gen_pwrgood_delay_inst[3].delay_powergood_inst/gen_powergood_delay.wait_cnt_reg[0]/CE
                            (rising edge-triggered cell FDRE clocked by GTYE4_CHANNEL_TXOUTCLKPCS[3]  {rise@0.000ns fall@1.552ns period=3.103ns})
  Path Group:             GTYE4_CHANNEL_TXOUTCLKPCS[3]
  Path Type:              Setup (Max at Slow Process Corner)
  Requirement:            3.103ns  (GTYE4_CHANNEL_TXOUTCLKPCS[3] rise@3.103ns - GTYE4_CHANNEL_TXOUTCLKPCS[3] rise@0.000ns)
  Data Path Delay:        0.852ns  (logic 0.176ns (20.658%)  route 0.676ns (79.342%))
  Logic Levels:           1  (LUT2=1)
  Clock Path Skew:        -0.150ns (DCD - SCD + CPR)
    Destination Clock Delay (DCD):    0.403ns = ( 3.506 - 3.103 ) 
    Source Clock Delay      (SCD):    0.667ns
    Clock Pessimism Removal (CPR):    0.115ns
  Clock Uncertainty:      0.046ns  ((TSJ^2 + DJ^2)^1/2) / 2 + PE
    Total System Jitter     (TSJ):    0.071ns
    Discrete Jitter          (DJ):    0.060ns
    Phase Error              (PE):    0.000ns

    Location             Delay type                Incr(ns)  Path(ns)    Netlist Resource(s)
  -------------------------------------------------------------------    -------------------
                         (clock GTYE4_CHANNEL_TXOUTCLKPCS[3] rise edge)
                                                      0.000     0.000 r  
    GTYE4_CHANNEL_X0Y7   GTYE4_CHANNEL                0.000     0.000 r  cmac_inst/inst/cmac_usplus_0_gt_i/inst/gen_gtwizard_gtye4_top.cmac_usplus_0_gt_gtwizard_gtye4_inst/gen_gtwizard_gtye4.gen_channel_container[1].gen_enabled_channel.gtye4_channel_wrapper_inst/channel_inst/gtye4_channel_gen.gen_gtye4_channel_inst[3].GTYE4_CHANNEL_PRIM_INST/TXOUTCLKPCS
                         net (fo=15, routed)          0.667     0.667    cmac_inst/inst/cmac_usplus_0_gt_i/inst/gen_gtwizard_gtye4_top.cmac_usplus_0_gt_gtwizard_gtye4_inst/gen_gtwizard_gtye4.gen_pwrgood_delay_inst[3].delay_powergood_inst/GTYE4_CHANNEL_TXOUTCLKPCS[0]
    SLICE_X1Y280         FDCE                                         r  cmac_inst/inst/cmac_usplus_0_gt_i/inst/gen_gtwizard_gtye4_top.cmac_usplus_0_gt_gtwizard_gtye4_inst/gen_gtwizard_gtye4.gen_pwrgood_delay_inst[3].delay_powergood_inst/gen_powergood_delay.intclk_rrst_n_r_reg[4]/C
  -------------------------------------------------------------------    -------------------
    SLICE_X1Y280         FDCE (Prop_EFF2_SLICEM_C_Q)
                                                      0.079     0.746 f  cmac_inst/inst/cmac_usplus_0_gt_i/inst/gen_gtwizard_gtye4_top.cmac_usplus_0_gt_gtwizard_gtye4_inst/gen_gtwizard_gtye4.gen_pwrgood_delay_inst[3].delay_powergood_inst/gen_powergood_delay.intclk_rrst_n_r_reg[4]/Q
                         net (fo=9, routed)           0.404     1.150    cmac_inst/inst/cmac_usplus_0_gt_i/inst/gen_gtwizard_gtye4_top.cmac_usplus_0_gt_gtwizard_gtye4_inst/gen_gtwizard_gtye4.gen_pwrgood_delay_inst[3].delay_powergood_inst/gen_powergood_delay.intclk_rrst_n_r[4]
    SLICE_X1Y281         LUT2 (Prop_D5LUT_SLICEM_I0_O)
                                                      0.097     1.247 r  cmac_inst/inst/cmac_usplus_0_gt_i/inst/gen_gtwizard_gtye4_top.cmac_usplus_0_gt_gtwizard_gtye4_inst/gen_gtwizard_gtye4.gen_pwrgood_delay_inst[3].delay_powergood_inst/gen_powergood_delay.wait_cnt[0]_i_1__2/O
                         net (fo=1, routed)           0.272     1.519    cmac_inst/inst/cmac_usplus_0_gt_i/inst/gen_gtwizard_gtye4_top.cmac_usplus_0_gt_gtwizard_gtye4_inst/gen_gtwizard_gtye4.gen_pwrgood_delay_inst[3].delay_powergood_inst/gen_powergood_delay.wait_cnt[0]_i_1__2_n_0
    SLICE_X1Y281         FDRE                                         r  cmac_inst/inst/cmac_usplus_0_gt_i/inst/gen_gtwizard_gtye4_top.cmac_usplus_0_gt_gtwizard_gtye4_inst/gen_gtwizard_gtye4.gen_pwrgood_delay_inst[3].delay_powergood_inst/gen_powergood_delay.wait_cnt_reg[0]/CE
  -------------------------------------------------------------------    -------------------

                         (clock GTYE4_CHANNEL_TXOUTCLKPCS[3] rise edge)
                                                      3.103     3.103 r  
    GTYE4_CHANNEL_X0Y7   GTYE4_CHANNEL                0.000     3.103 r  cmac_inst/inst/cmac_usplus_0_gt_i/inst/gen_gtwizard_gtye4_top.cmac_usplus_0_gt_gtwizard_gtye4_inst/gen_gtwizard_gtye4.gen_channel_container[1].gen_enabled_channel.gtye4_channel_wrapper_inst/channel_inst/gtye4_channel_gen.gen_gtye4_channel_inst[3].GTYE4_CHANNEL_PRIM_INST/TXOUTCLKPCS
                         net (fo=15, routed)          0.403     3.506    cmac_inst/inst/cmac_usplus_0_gt_i/inst/gen_gtwizard_gtye4_top.cmac_usplus_0_gt_gtwizard_gtye4_inst/gen_gtwizard_gtye4.gen_pwrgood_delay_inst[3].delay_powergood_inst/GTYE4_CHANNEL_TXOUTCLKPCS[0]
    SLICE_X1Y281         FDRE                                         r  cmac_inst/inst/cmac_usplus_0_gt_i/inst/gen_gtwizard_gtye4_top.cmac_usplus_0_gt_gtwizard_gtye4_inst/gen_gtwizard_gtye4.gen_pwrgood_delay_inst[3].delay_powergood_inst/gen_powergood_delay.wait_cnt_reg[0]/C
                         clock pessimism              0.115     3.620    
                         clock uncertainty           -0.046     3.574    
    SLICE_X1Y281         FDRE (Setup_AFF2_SLICEM_C_CE)
                                                     -0.060     3.514    cmac_inst/inst/cmac_usplus_0_gt_i/inst/gen_gtwizard_gtye4_top.cmac_usplus_0_gt_gtwizard_gtye4_inst/gen_gtwizard_gtye4.gen_pwrgood_delay_inst[3].delay_powergood_inst/gen_powergood_delay.wait_cnt_reg[0]
  -------------------------------------------------------------------
                         required time                          3.514    
                         arrival time                          -1.519    
  -------------------------------------------------------------------
                         slack                                  1.995    





Min Delay Paths
--------------------------------------------------------------------------------------
Slack (MET) :             0.098ns  (arrival time - required time)
  Source:                 cmac_inst/inst/cmac_usplus_0_gt_i/inst/gen_gtwizard_gtye4_top.cmac_usplus_0_gt_gtwizard_gtye4_inst/gen_gtwizard_gtye4.gen_pwrgood_delay_inst[3].delay_powergood_inst/gen_powergood_delay.wait_cnt_reg[0]/C
                            (rising edge-triggered cell FDRE clocked by GTYE4_CHANNEL_TXOUTCLKPCS[3]  {rise@0.000ns fall@1.552ns period=3.103ns})
  Destination:            cmac_inst/inst/cmac_usplus_0_gt_i/inst/gen_gtwizard_gtye4_top.cmac_usplus_0_gt_gtwizard_gtye4_inst/gen_gtwizard_gtye4.gen_pwrgood_delay_inst[3].delay_powergood_inst/gen_powergood_delay.wait_cnt_reg[1]/D
                            (rising edge-triggered cell FDRE clocked by GTYE4_CHANNEL_TXOUTCLKPCS[3]  {rise@0.000ns fall@1.552ns period=3.103ns})
  Path Group:             GTYE4_CHANNEL_TXOUTCLKPCS[3]
  Path Type:              Hold (Min at Slow Process Corner)
  Requirement:            0.000ns  (GTYE4_CHANNEL_TXOUTCLKPCS[3] rise@0.000ns - GTYE4_CHANNEL_TXOUTCLKPCS[3] rise@0.000ns)
  Data Path Delay:        0.400ns  (logic 0.060ns (15.000%)  route 0.340ns (85.000%))
  Logic Levels:           0  
  Clock Path Skew:        0.240ns (DCD - SCD - CPR)
    Destination Clock Delay (DCD):    0.699ns
    Source Clock Delay      (SCD):    0.403ns
    Clock Pessimism Removal (CPR):    0.056ns

    Location             Delay type                Incr(ns)  Path(ns)    Netlist Resource(s)
  -------------------------------------------------------------------    -------------------
                         (clock GTYE4_CHANNEL_TXOUTCLKPCS[3] rise edge)
                                                      0.000     0.000 r  
    GTYE4_CHANNEL_X0Y7   GTYE4_CHANNEL                0.000     0.000 r  cmac_inst/inst/cmac_usplus_0_gt_i/inst/gen_gtwizard_gtye4_top.cmac_usplus_0_gt_gtwizard_gtye4_inst/gen_gtwizard_gtye4.gen_channel_container[1].gen_enabled_channel.gtye4_channel_wrapper_inst/channel_inst/gtye4_channel_gen.gen_gtye4_channel_inst[3].GTYE4_CHANNEL_PRIM_INST/TXOUTCLKPCS
                         net (fo=15, routed)          0.403     0.403    cmac_inst/inst/cmac_usplus_0_gt_i/inst/gen_gtwizard_gtye4_top.cmac_usplus_0_gt_gtwizard_gtye4_inst/gen_gtwizard_gtye4.gen_pwrgood_delay_inst[3].delay_powergood_inst/GTYE4_CHANNEL_TXOUTCLKPCS[0]
    SLICE_X1Y281         FDRE                                         r  cmac_inst/inst/cmac_usplus_0_gt_i/inst/gen_gtwizard_gtye4_top.cmac_usplus_0_gt_gtwizard_gtye4_inst/gen_gtwizard_gtye4.gen_pwrgood_delay_inst[3].delay_powergood_inst/gen_powergood_delay.wait_cnt_reg[0]/C
  -------------------------------------------------------------------    -------------------
    SLICE_X1Y281         FDRE (Prop_AFF2_SLICEM_C_Q)
                                                      0.060     0.463 r  cmac_inst/inst/cmac_usplus_0_gt_i/inst/gen_gtwizard_gtye4_top.cmac_usplus_0_gt_gtwizard_gtye4_inst/gen_gtwizard_gtye4.gen_pwrgood_delay_inst[3].delay_powergood_inst/gen_powergood_delay.wait_cnt_reg[0]/Q
                         net (fo=1, routed)           0.340     0.803    cmac_inst/inst/cmac_usplus_0_gt_i/inst/gen_gtwizard_gtye4_top.cmac_usplus_0_gt_gtwizard_gtye4_inst/gen_gtwizard_gtye4.gen_pwrgood_delay_inst[3].delay_powergood_inst/gen_powergood_delay.wait_cnt[0]
    SLICE_X1Y282         FDRE                                         r  cmac_inst/inst/cmac_usplus_0_gt_i/inst/gen_gtwizard_gtye4_top.cmac_usplus_0_gt_gtwizard_gtye4_inst/gen_gtwizard_gtye4.gen_pwrgood_delay_inst[3].delay_powergood_inst/gen_powergood_delay.wait_cnt_reg[1]/D
  -------------------------------------------------------------------    -------------------

                         (clock GTYE4_CHANNEL_TXOUTCLKPCS[3] rise edge)
                                                      0.000     0.000 r  
    GTYE4_CHANNEL_X0Y7   GTYE4_CHANNEL                0.000     0.000 r  cmac_inst/inst/cmac_usplus_0_gt_i/inst/gen_gtwizard_gtye4_top.cmac_usplus_0_gt_gtwizard_gtye4_inst/gen_gtwizard_gtye4.gen_channel_container[1].gen_enabled_channel.gtye4_channel_wrapper_inst/channel_inst/gtye4_channel_gen.gen_gtye4_channel_inst[3].GTYE4_CHANNEL_PRIM_INST/TXOUTCLKPCS
                         net (fo=15, routed)          0.699     0.699    cmac_inst/inst/cmac_usplus_0_gt_i/inst/gen_gtwizard_gtye4_top.cmac_usplus_0_gt_gtwizard_gtye4_inst/gen_gtwizard_gtye4.gen_pwrgood_delay_inst[3].delay_powergood_inst/GTYE4_CHANNEL_TXOUTCLKPCS[0]
    SLICE_X1Y282         FDRE                                         r  cmac_inst/inst/cmac_usplus_0_gt_i/inst/gen_gtwizard_gtye4_top.cmac_usplus_0_gt_gtwizard_gtye4_inst/gen_gtwizard_gtye4.gen_pwrgood_delay_inst[3].delay_powergood_inst/gen_powergood_delay.wait_cnt_reg[1]/C
                         clock pessimism             -0.056     0.643    
    SLICE_X1Y282         FDRE (Hold_AFF2_SLICEM_C_D)
                                                      0.062     0.705    cmac_inst/inst/cmac_usplus_0_gt_i/inst/gen_gtwizard_gtye4_top.cmac_usplus_0_gt_gtwizard_gtye4_inst/gen_gtwizard_gtye4.gen_pwrgood_delay_inst[3].delay_powergood_inst/gen_powergood_delay.wait_cnt_reg[1]
  -------------------------------------------------------------------
                         required time                         -0.705    
                         arrival time                           0.803    
  -------------------------------------------------------------------
                         slack                                  0.098    





Pulse Width Checks
--------------------------------------------------------------------------------------
Clock Name:         GTYE4_CHANNEL_TXOUTCLKPCS[3]
Waveform(ns):       { 0.000 1.552 }
Period(ns):         3.103
Sources:            { cmac_inst/inst/cmac_usplus_0_gt_i/inst/gen_gtwizard_gtye4_top.cmac_usplus_0_gt_gtwizard_gtye4_inst/gen_gtwizard_gtye4.gen_channel_container[1].gen_enabled_channel.gtye4_channel_wrapper_inst/channel_inst/gtye4_channel_gen.gen_gtye4_channel_inst[3].GTYE4_CHANNEL_PRIM_INST/TXOUTCLKPCS }

Check Type        Corner  Lib Pin  Reference Pin  Required(ns)  Actual(ns)  Slack(ns)  Location      Pin
Min Period        n/a     FDCE/C   n/a            0.550         3.103       2.553      SLICE_X1Y283  cmac_inst/inst/cmac_usplus_0_gt_i/inst/gen_gtwizard_gtye4_top.cmac_usplus_0_gt_gtwizard_gtye4_inst/gen_gtwizard_gtye4.gen_pwrgood_delay_inst[3].delay_powergood_inst/gen_powergood_delay.int_pwr_on_fsm_reg/C
Low Pulse Width   Slow    FDCE/C   n/a            0.275         1.552       1.277      SLICE_X1Y283  cmac_inst/inst/cmac_usplus_0_gt_i/inst/gen_gtwizard_gtye4_top.cmac_usplus_0_gt_gtwizard_gtye4_inst/gen_gtwizard_gtye4.gen_pwrgood_delay_inst[3].delay_powergood_inst/gen_powergood_delay.int_pwr_on_fsm_reg/C
High Pulse Width  Slow    FDCE/C   n/a            0.275         1.552       1.277      SLICE_X1Y283  cmac_inst/inst/cmac_usplus_0_gt_i/inst/gen_gtwizard_gtye4_top.cmac_usplus_0_gt_gtwizard_gtye4_inst/gen_gtwizard_gtye4.gen_pwrgood_delay_inst[3].delay_powergood_inst/gen_powergood_delay.int_pwr_on_fsm_reg/C



---------------------------------------------------------------------------------------------------
From Clock:  rxoutclk_out[0]
  To Clock:  rxoutclk_out[0]

Setup :            0  Failing Endpoints,  Worst Slack        1.165ns,  Total Violation        0.000ns
Hold  :            0  Failing Endpoints,  Worst Slack        0.027ns,  Total Violation        0.000ns
PW    :            0  Failing Endpoints,  Worst Slack        0.454ns,  Total Violation        0.000ns
---------------------------------------------------------------------------------------------------


Max Delay Paths
--------------------------------------------------------------------------------------
Slack (MET) :             1.165ns  (required time - arrival time)
  Source:                 cmac_inst/inst/cmac_usplus_0_gt_i/inst/gen_gtwizard_gtye4_top.cmac_usplus_0_gt_gtwizard_gtye4_inst/gen_gtwizard_gtye4.gen_channel_container[1].gen_enabled_channel.gtye4_channel_wrapper_inst/channel_inst/gtye4_channel_gen.gen_gtye4_channel_inst[1].GTYE4_CHANNEL_PRIM_INST/RXUSRCLK2
                            (rising edge-triggered cell GTYE4_CHANNEL clocked by rxoutclk_out[0]  {rise@0.000ns fall@1.552ns period=3.103ns})
  Destination:            cmac_inst/inst/i_cmac_usplus_0_rx_64bit_sync_serdes_data1/data_in_d1_reg[1]/D
                            (rising edge-triggered cell FDRE clocked by rxoutclk_out[0]  {rise@0.000ns fall@1.552ns period=3.103ns})
  Path Group:             rxoutclk_out[0]
  Path Type:              Setup (Max at Slow Process Corner)
  Requirement:            3.103ns  (rxoutclk_out[0] rise@3.103ns - rxoutclk_out[0] rise@0.000ns)
  Data Path Delay:        1.753ns  (logic 0.926ns (52.824%)  route 0.827ns (47.176%))
  Logic Levels:           0  
  Clock Path Skew:        -0.164ns (DCD - SCD + CPR)
    Destination Clock Delay (DCD):    1.390ns = ( 4.493 - 3.103 ) 
    Source Clock Delay      (SCD):    1.631ns
    Clock Pessimism Removal (CPR):    0.077ns
  Clock Uncertainty:      0.046ns  ((TSJ^2 + DJ^2)^1/2) / 2 + PE
    Total System Jitter     (TSJ):    0.071ns
    Discrete Jitter          (DJ):    0.060ns
    Phase Error              (PE):    0.000ns
  Clock Net Delay (Source):      1.415ns (routing 0.551ns, distribution 0.864ns)
  Clock Net Delay (Destination): 1.197ns (routing 0.497ns, distribution 0.700ns)

    Location             Delay type                Incr(ns)  Path(ns)    Netlist Resource(s)
  -------------------------------------------------------------------    -------------------
                         (clock rxoutclk_out[0] rise edge)
                                                      0.000     0.000 r  
    GTYE4_CHANNEL_X0Y4   GTYE4_CHANNEL                0.000     0.000 r  cmac_inst/inst/cmac_usplus_0_gt_i/inst/gen_gtwizard_gtye4_top.cmac_usplus_0_gt_gtwizard_gtye4_inst/gen_gtwizard_gtye4.gen_channel_container[1].gen_enabled_channel.gtye4_channel_wrapper_inst/channel_inst/gtye4_channel_gen.gen_gtye4_channel_inst[0].GTYE4_CHANNEL_PRIM_INST/RXOUTCLK
                         net (fo=2, routed)           0.086     0.086    cmac_inst/inst/cmac_gtwiz_userclk_rx_inst/rxoutclk_out[0]
    BUFG_GT_X0Y101       BUFG_GT (Prop_BUFG_GT_I_O)
                                                      0.130     0.216 r  cmac_inst/inst/cmac_gtwiz_userclk_rx_inst/gen_gtwiz_userclk_rx_main.bufg_gt_usrclk_inst/O
    X0Y3 (CLOCK_ROOT)    net (fo=665, routed)         1.415     1.631    cmac_inst/inst/cmac_usplus_0_gt_i/inst/gen_gtwizard_gtye4_top.cmac_usplus_0_gt_gtwizard_gtye4_inst/gen_gtwizard_gtye4.gen_channel_container[1].gen_enabled_channel.gtye4_channel_wrapper_inst/channel_inst/rxusrclk_in[0]
    GTYE4_CHANNEL_X0Y5   GTYE4_CHANNEL                                r  cmac_inst/inst/cmac_usplus_0_gt_i/inst/gen_gtwizard_gtye4_top.cmac_usplus_0_gt_gtwizard_gtye4_inst/gen_gtwizard_gtye4.gen_channel_container[1].gen_enabled_channel.gtye4_channel_wrapper_inst/channel_inst/gtye4_channel_gen.gen_gtye4_channel_inst[1].GTYE4_CHANNEL_PRIM_INST/RXUSRCLK2
  -------------------------------------------------------------------    -------------------
    GTYE4_CHANNEL_X0Y5   GTYE4_CHANNEL (Prop_GTYE4_CHANNEL_RXUSRCLK2_RXDATA[1])
                                                      0.926     2.557 r  cmac_inst/inst/cmac_usplus_0_gt_i/inst/gen_gtwizard_gtye4_top.cmac_usplus_0_gt_gtwizard_gtye4_inst/gen_gtwizard_gtye4.gen_channel_container[1].gen_enabled_channel.gtye4_channel_wrapper_inst/channel_inst/gtye4_channel_gen.gen_gtye4_channel_inst[1].GTYE4_CHANNEL_PRIM_INST/RXDATA[1]
                         net (fo=1, routed)           0.827     3.384    cmac_inst/inst/i_cmac_usplus_0_rx_64bit_sync_serdes_data1/D[1]
    SLICE_X5Y229         FDRE                                         r  cmac_inst/inst/i_cmac_usplus_0_rx_64bit_sync_serdes_data1/data_in_d1_reg[1]/D
  -------------------------------------------------------------------    -------------------

                         (clock rxoutclk_out[0] rise edge)
                                                      3.103     3.103 r  
    GTYE4_CHANNEL_X0Y4   GTYE4_CHANNEL                0.000     3.103 r  cmac_inst/inst/cmac_usplus_0_gt_i/inst/gen_gtwizard_gtye4_top.cmac_usplus_0_gt_gtwizard_gtye4_inst/gen_gtwizard_gtye4.gen_channel_container[1].gen_enabled_channel.gtye4_channel_wrapper_inst/channel_inst/gtye4_channel_gen.gen_gtye4_channel_inst[0].GTYE4_CHANNEL_PRIM_INST/RXOUTCLK
                         net (fo=2, routed)           0.079     3.182    cmac_inst/inst/cmac_gtwiz_userclk_rx_inst/rxoutclk_out[0]
    BUFG_GT_X0Y101       BUFG_GT (Prop_BUFG_GT_I_O)
                                                      0.114     3.296 r  cmac_inst/inst/cmac_gtwiz_userclk_rx_inst/gen_gtwiz_userclk_rx_main.bufg_gt_usrclk_inst/O
    X0Y3 (CLOCK_ROOT)    net (fo=665, routed)         1.197     4.493    cmac_inst/inst/i_cmac_usplus_0_rx_64bit_sync_serdes_data1/CLK
    SLICE_X5Y229         FDRE                                         r  cmac_inst/inst/i_cmac_usplus_0_rx_64bit_sync_serdes_data1/data_in_d1_reg[1]/C
                         clock pessimism              0.077     4.570    
                         clock uncertainty           -0.046     4.524    
    SLICE_X5Y229         FDRE (Setup_EFF_SLICEM_C_D)
                                                      0.025     4.549    cmac_inst/inst/i_cmac_usplus_0_rx_64bit_sync_serdes_data1/data_in_d1_reg[1]
  -------------------------------------------------------------------
                         required time                          4.549    
                         arrival time                          -3.384    
  -------------------------------------------------------------------
                         slack                                  1.165    





Min Delay Paths
--------------------------------------------------------------------------------------
Slack (MET) :             0.027ns  (arrival time - required time)
  Source:                 cmac_inst/inst/i_cmac_usplus_0_rx_64bit_sync_serdes_data1/data_in_d1_reg[58]/C
                            (rising edge-triggered cell FDRE clocked by rxoutclk_out[0]  {rise@0.000ns fall@1.552ns period=3.103ns})
  Destination:            cmac_inst/inst/i_cmac_usplus_0_rx_64bit_sync_serdes_data1/data_out_reg[58]/D
                            (rising edge-triggered cell FDRE clocked by rxoutclk_out[0]  {rise@0.000ns fall@1.552ns period=3.103ns})
  Path Group:             rxoutclk_out[0]
  Path Type:              Hold (Min at Slow Process Corner)
  Requirement:            0.000ns  (rxoutclk_out[0] rise@0.000ns - rxoutclk_out[0] rise@0.000ns)
  Data Path Delay:        0.180ns  (logic 0.059ns (32.778%)  route 0.121ns (67.222%))
  Logic Levels:           0  
  Clock Path Skew:        0.091ns (DCD - SCD - CPR)
    Destination Clock Delay (DCD):    1.594ns
    Source Clock Delay      (SCD):    1.391ns
    Clock Pessimism Removal (CPR):    0.112ns
  Clock Net Delay (Source):      1.198ns (routing 0.497ns, distribution 0.701ns)
  Clock Net Delay (Destination): 1.378ns (routing 0.551ns, distribution 0.827ns)

    Location             Delay type                Incr(ns)  Path(ns)    Netlist Resource(s)
  -------------------------------------------------------------------    -------------------
                         (clock rxoutclk_out[0] rise edge)
                                                      0.000     0.000 r  
    GTYE4_CHANNEL_X0Y4   GTYE4_CHANNEL                0.000     0.000 r  cmac_inst/inst/cmac_usplus_0_gt_i/inst/gen_gtwizard_gtye4_top.cmac_usplus_0_gt_gtwizard_gtye4_inst/gen_gtwizard_gtye4.gen_channel_container[1].gen_enabled_channel.gtye4_channel_wrapper_inst/channel_inst/gtye4_channel_gen.gen_gtye4_channel_inst[0].GTYE4_CHANNEL_PRIM_INST/RXOUTCLK
                         net (fo=2, routed)           0.079     0.079    cmac_inst/inst/cmac_gtwiz_userclk_rx_inst/rxoutclk_out[0]
    BUFG_GT_X0Y101       BUFG_GT (Prop_BUFG_GT_I_O)
                                                      0.114     0.193 r  cmac_inst/inst/cmac_gtwiz_userclk_rx_inst/gen_gtwiz_userclk_rx_main.bufg_gt_usrclk_inst/O
    X0Y3 (CLOCK_ROOT)    net (fo=665, routed)         1.198     1.391    cmac_inst/inst/i_cmac_usplus_0_rx_64bit_sync_serdes_data1/CLK
    SLICE_X3Y236         FDRE                                         r  cmac_inst/inst/i_cmac_usplus_0_rx_64bit_sync_serdes_data1/data_in_d1_reg[58]/C
  -------------------------------------------------------------------    -------------------
    SLICE_X3Y236         FDRE (Prop_CFF2_SLICEL_C_Q)
                                                      0.059     1.450 r  cmac_inst/inst/i_cmac_usplus_0_rx_64bit_sync_serdes_data1/data_in_d1_reg[58]/Q
                         net (fo=1, routed)           0.121     1.571    cmac_inst/inst/i_cmac_usplus_0_rx_64bit_sync_serdes_data1/data_in_d1_reg_n_0_[58]
    SLICE_X5Y235         FDRE                                         r  cmac_inst/inst/i_cmac_usplus_0_rx_64bit_sync_serdes_data1/data_out_reg[58]/D
  -------------------------------------------------------------------    -------------------

                         (clock rxoutclk_out[0] rise edge)
                                                      0.000     0.000 r  
    GTYE4_CHANNEL_X0Y4   GTYE4_CHANNEL                0.000     0.000 r  cmac_inst/inst/cmac_usplus_0_gt_i/inst/gen_gtwizard_gtye4_top.cmac_usplus_0_gt_gtwizard_gtye4_inst/gen_gtwizard_gtye4.gen_channel_container[1].gen_enabled_channel.gtye4_channel_wrapper_inst/channel_inst/gtye4_channel_gen.gen_gtye4_channel_inst[0].GTYE4_CHANNEL_PRIM_INST/RXOUTCLK
                         net (fo=2, routed)           0.086     0.086    cmac_inst/inst/cmac_gtwiz_userclk_rx_inst/rxoutclk_out[0]
    BUFG_GT_X0Y101       BUFG_GT (Prop_BUFG_GT_I_O)
                                                      0.130     0.216 r  cmac_inst/inst/cmac_gtwiz_userclk_rx_inst/gen_gtwiz_userclk_rx_main.bufg_gt_usrclk_inst/O
    X0Y3 (CLOCK_ROOT)    net (fo=665, routed)         1.378     1.594    cmac_inst/inst/i_cmac_usplus_0_rx_64bit_sync_serdes_data1/CLK
    SLICE_X5Y235         FDRE                                         r  cmac_inst/inst/i_cmac_usplus_0_rx_64bit_sync_serdes_data1/data_out_reg[58]/C
                         clock pessimism             -0.112     1.482    
    SLICE_X5Y235         FDRE (Hold_GFF2_SLICEM_C_D)
                                                      0.062     1.544    cmac_inst/inst/i_cmac_usplus_0_rx_64bit_sync_serdes_data1/data_out_reg[58]
  -------------------------------------------------------------------
                         required time                         -1.544    
                         arrival time                           1.571    
  -------------------------------------------------------------------
                         slack                                  0.027    





Pulse Width Checks
--------------------------------------------------------------------------------------
Clock Name:         rxoutclk_out[0]
Waveform(ns):       { 0.000 1.552 }
Period(ns):         3.103
Sources:            { cmac_inst/inst/cmac_usplus_0_gt_i/inst/gen_gtwizard_gtye4_top.cmac_usplus_0_gt_gtwizard_gtye4_inst/gen_gtwizard_gtye4.gen_channel_container[1].gen_enabled_channel.gtye4_channel_wrapper_inst/channel_inst/gtye4_channel_gen.gen_gtye4_channel_inst[0].GTYE4_CHANNEL_PRIM_INST/RXOUTCLK }

Check Type        Corner  Lib Pin                  Reference Pin            Required(ns)  Actual(ns)  Slack(ns)  Location            Pin
Min Period        n/a     CMACE4/RX_SERDES_CLK[3]  n/a                      2.560         3.103       0.543      CMACE4_X0Y0         cmac_inst/inst/i_cmac_usplus_0_top/obsibdaaf4ker2wujpra0sjb/RX_SERDES_CLK[3]
Low Pulse Width   Slow    GTYE4_CHANNEL/RXUSRCLK   n/a                      0.880         1.552       0.672      GTYE4_CHANNEL_X0Y4  cmac_inst/inst/cmac_usplus_0_gt_i/inst/gen_gtwizard_gtye4_top.cmac_usplus_0_gt_gtwizard_gtye4_inst/gen_gtwizard_gtye4.gen_channel_container[1].gen_enabled_channel.gtye4_channel_wrapper_inst/channel_inst/gtye4_channel_gen.gen_gtye4_channel_inst[0].GTYE4_CHANNEL_PRIM_INST/RXUSRCLK
High Pulse Width  Slow    GTYE4_CHANNEL/RXUSRCLK   n/a                      0.880         1.552       0.672      GTYE4_CHANNEL_X0Y4  cmac_inst/inst/cmac_usplus_0_gt_i/inst/gen_gtwizard_gtye4_top.cmac_usplus_0_gt_gtwizard_gtye4_inst/gen_gtwizard_gtye4.gen_channel_container[1].gen_enabled_channel.gtye4_channel_wrapper_inst/channel_inst/gtye4_channel_gen.gen_gtye4_channel_inst[0].GTYE4_CHANNEL_PRIM_INST/RXUSRCLK
Max Skew          Slow    GTYE4_CHANNEL/RXUSRCLK   GTYE4_CHANNEL/RXUSRCLK2  0.478         0.024       0.454      GTYE4_CHANNEL_X0Y4  cmac_inst/inst/cmac_usplus_0_gt_i/inst/gen_gtwizard_gtye4_top.cmac_usplus_0_gt_gtwizard_gtye4_inst/gen_gtwizard_gtye4.gen_channel_container[1].gen_enabled_channel.gtye4_channel_wrapper_inst/channel_inst/gtye4_channel_gen.gen_gtye4_channel_inst[0].GTYE4_CHANNEL_PRIM_INST/RXUSRCLK



---------------------------------------------------------------------------------------------------
From Clock:  txoutclk_out[0]
  To Clock:  txoutclk_out[0]

Setup :            0  Failing Endpoints,  Worst Slack        0.017ns,  Total Violation        0.000ns
Hold  :            0  Failing Endpoints,  Worst Slack        0.012ns,  Total Violation        0.000ns
PW    :            0  Failing Endpoints,  Worst Slack        0.543ns,  Total Violation        0.000ns
---------------------------------------------------------------------------------------------------


Max Delay Paths
--------------------------------------------------------------------------------------
Slack (MET) :             0.017ns  (required time - arrival time)
  Source:                 cmac_inst/inst/i_cmac_usplus_0_lbus2axis/i_cmac_usplus_0_lbus2axis_segmented_corelogic/axis_tdata_reg[111]/C
                            (rising edge-triggered cell FDRE clocked by txoutclk_out[0]  {rise@0.000ns fall@1.552ns period=3.103ns})
  Destination:            rx_filter/roce_frame_reg/D
                            (rising edge-triggered cell FDRE clocked by txoutclk_out[0]  {rise@0.000ns fall@1.552ns period=3.103ns})
  Path Group:             txoutclk_out[0]
  Path Type:              Setup (Max at Slow Process Corner)
  Requirement:            3.103ns  (txoutclk_out[0] rise@3.103ns - txoutclk_out[0] rise@0.000ns)
  Data Path Delay:        2.746ns  (logic 0.412ns (15.006%)  route 2.334ns (84.994%))
  Logic Levels:           4  (LUT4=1 LUT6=3)
  Clock Path Skew:        -0.319ns (DCD - SCD + CPR)
    Destination Clock Delay (DCD):    2.083ns = ( 5.186 - 3.103 ) 
    Source Clock Delay      (SCD):    2.528ns
    Clock Pessimism Removal (CPR):    0.127ns
  Clock Uncertainty:      0.046ns  ((TSJ^2 + DJ^2)^1/2) / 2 + PE
    Total System Jitter     (TSJ):    0.071ns
    Discrete Jitter          (DJ):    0.060ns
    Phase Error              (PE):    0.000ns
  Clock Net Delay (Source):      2.313ns (routing 0.914ns, distribution 1.399ns)
  Clock Net Delay (Destination): 1.891ns (routing 0.832ns, distribution 1.059ns)

    Location             Delay type                Incr(ns)  Path(ns)    Netlist Resource(s)
  -------------------------------------------------------------------    -------------------
                         (clock txoutclk_out[0] rise edge)
                                                      0.000     0.000 r  
    GTYE4_CHANNEL_X0Y4   GTYE4_CHANNEL                0.000     0.000 r  cmac_inst/inst/cmac_usplus_0_gt_i/inst/gen_gtwizard_gtye4_top.cmac_usplus_0_gt_gtwizard_gtye4_inst/gen_gtwizard_gtye4.gen_channel_container[1].gen_enabled_channel.gtye4_channel_wrapper_inst/channel_inst/gtye4_channel_gen.gen_gtye4_channel_inst[0].GTYE4_CHANNEL_PRIM_INST/TXOUTCLK
                         net (fo=2, routed)           0.085     0.085    cmac_inst/inst/cmac_gtwiz_userclk_tx_inst/txoutclk_out[0]
    BUFG_GT_X0Y99        BUFG_GT (Prop_BUFG_GT_I_O)
                                                      0.130     0.215 r  cmac_inst/inst/cmac_gtwiz_userclk_tx_inst/gen_gtwiz_userclk_tx_main.bufg_gt_usrclk_inst/O
    X2Y5 (CLOCK_ROOT)    net (fo=10048, routed)       2.313     2.528    cmac_inst/inst/i_cmac_usplus_0_lbus2axis/i_cmac_usplus_0_lbus2axis_segmented_corelogic/rx_clk
    SLICE_X16Y228        FDRE                                         r  cmac_inst/inst/i_cmac_usplus_0_lbus2axis/i_cmac_usplus_0_lbus2axis_segmented_corelogic/axis_tdata_reg[111]/C
  -------------------------------------------------------------------    -------------------
    SLICE_X16Y228        FDRE (Prop_DFF_SLICEL_C_Q)
                                                      0.079     2.607 f  cmac_inst/inst/i_cmac_usplus_0_lbus2axis/i_cmac_usplus_0_lbus2axis_segmented_corelogic/axis_tdata_reg[111]/Q
                         net (fo=3, routed)           0.644     3.251    rx_filter/rx_axis_tdata[111]
    SLICE_X17Y251        LUT4 (Prop_B6LUT_SLICEL_I0_O)
                                                      0.051     3.302 r  rx_filter/roce_frame_i_9/O
                         net (fo=1, routed)           0.236     3.538    rx_filter/roce_frame_i_9_n_0
    SLICE_X19Y251        LUT6 (Prop_G6LUT_SLICEL_I2_O)
                                                      0.097     3.635 f  rx_filter/roce_frame_i_7/O
                         net (fo=1, routed)           0.389     4.024    rx_filter/roce_frame_i_7_n_0
    SLICE_X31Y247        LUT6 (Prop_G6LUT_SLICEM_I1_O)
                                                      0.037     4.061 f  rx_filter/roce_frame_i_4/O
                         net (fo=1, routed)           0.102     4.163    rx_filter/roce_frame_i_4_n_0
    SLICE_X32Y247        LUT6 (Prop_B6LUT_SLICEL_I5_O)
                                                      0.148     4.311 r  rx_filter/roce_frame_i_2/O
                         net (fo=4, routed)           0.963     5.274    rx_filter/is_roce
    SLICE_X59Y265        FDRE                                         r  rx_filter/roce_frame_reg/D
  -------------------------------------------------------------------    -------------------

                         (clock txoutclk_out[0] rise edge)
                                                      3.103     3.103 r  
    GTYE4_CHANNEL_X0Y4   GTYE4_CHANNEL                0.000     3.103 r  cmac_inst/inst/cmac_usplus_0_gt_i/inst/gen_gtwizard_gtye4_top.cmac_usplus_0_gt_gtwizard_gtye4_inst/gen_gtwizard_gtye4.gen_channel_container[1].gen_enabled_channel.gtye4_channel_wrapper_inst/channel_inst/gtye4_channel_gen.gen_gtye4_channel_inst[0].GTYE4_CHANNEL_PRIM_INST/TXOUTCLK
                         net (fo=2, routed)           0.078     3.181    cmac_inst/inst/cmac_gtwiz_userclk_tx_inst/txoutclk_out[0]
    BUFG_GT_X0Y99        BUFG_GT (Prop_BUFG_GT_I_O)
                                                      0.114     3.295 r  cmac_inst/inst/cmac_gtwiz_userclk_tx_inst/gen_gtwiz_userclk_tx_main.bufg_gt_usrclk_inst/O
    X2Y5 (CLOCK_ROOT)    net (fo=10048, routed)       1.891     5.186    rx_filter/gt_txusrclk2
    SLICE_X59Y265        FDRE                                         r  rx_filter/roce_frame_reg/C
                         clock pessimism              0.127     5.313    
                         clock uncertainty           -0.046     5.266    
    SLICE_X59Y265        FDRE (Setup_EFF_SLICEL_C_D)
                                                      0.025     5.291    rx_filter/roce_frame_reg
  -------------------------------------------------------------------
                         required time                          5.291    
                         arrival time                          -5.274    
  -------------------------------------------------------------------
                         slack                                  0.017    





Min Delay Paths
--------------------------------------------------------------------------------------
Slack (MET) :             0.012ns  (arrival time - required time)
  Source:                 tx_mux/m_axis_tkeep_reg_reg[38]/C
                            (rising edge-triggered cell FDRE clocked by txoutclk_out[0]  {rise@0.000ns fall@1.552ns period=3.103ns})
  Destination:            tx_fifo/mem_reg_7/DINBDIN[14]
                            (rising edge-triggered cell RAMB36E2 clocked by txoutclk_out[0]  {rise@0.000ns fall@1.552ns period=3.103ns})
  Path Group:             txoutclk_out[0]
  Path Type:              Hold (Min at Slow Process Corner)
  Requirement:            0.000ns  (txoutclk_out[0] rise@0.000ns - txoutclk_out[0] rise@0.000ns)
  Data Path Delay:        0.301ns  (logic 0.059ns (19.601%)  route 0.242ns (80.399%))
  Logic Levels:           0  
  Clock Path Skew:        0.317ns (DCD - SCD - CPR)
    Destination Clock Delay (DCD):    2.674ns
    Source Clock Delay      (SCD):    2.230ns
    Clock Pessimism Removal (CPR):    0.127ns
  Clock Net Delay (Source):      2.038ns (routing 0.832ns, distribution 1.206ns)
  Clock Net Delay (Destination): 2.459ns (routing 0.914ns, distribution 1.545ns)

    Location             Delay type                Incr(ns)  Path(ns)    Netlist Resource(s)
  -------------------------------------------------------------------    -------------------
                         (clock txoutclk_out[0] rise edge)
                                                      0.000     0.000 r  
    GTYE4_CHANNEL_X0Y4   GTYE4_CHANNEL                0.000     0.000 r  cmac_inst/inst/cmac_usplus_0_gt_i/inst/gen_gtwizard_gtye4_top.cmac_usplus_0_gt_gtwizard_gtye4_inst/gen_gtwizard_gtye4.gen_channel_container[1].gen_enabled_channel.gtye4_channel_wrapper_inst/channel_inst/gtye4_channel_gen.gen_gtye4_channel_inst[0].GTYE4_CHANNEL_PRIM_INST/TXOUTCLK
                         net (fo=2, routed)           0.078     0.078    cmac_inst/inst/cmac_gtwiz_userclk_tx_inst/txoutclk_out[0]
    BUFG_GT_X0Y99        BUFG_GT (Prop_BUFG_GT_I_O)
                                                      0.114     0.192 r  cmac_inst/inst/cmac_gtwiz_userclk_tx_inst/gen_gtwiz_userclk_tx_main.bufg_gt_usrclk_inst/O
    X2Y5 (CLOCK_ROOT)    net (fo=10048, routed)       2.038     2.230    tx_mux/gt_txusrclk2
    SLICE_X16Y264        FDRE                                         r  tx_mux/m_axis_tkeep_reg_reg[38]/C
  -------------------------------------------------------------------    -------------------
    SLICE_X16Y264        FDRE (Prop_EFF_SLICEL_C_Q)
                                                      0.059     2.289 r  tx_mux/m_axis_tkeep_reg_reg[38]/Q
                         net (fo=1, routed)           0.242     2.531    tx_fifo/s_axis[550]
    RAMB36_X1Y47         RAMB36E2                                     r  tx_fifo/mem_reg_7/DINBDIN[14]
  -------------------------------------------------------------------    -------------------

                         (clock txoutclk_out[0] rise edge)
                                                      0.000     0.000 r  
    GTYE4_CHANNEL_X0Y4   GTYE4_CHANNEL                0.000     0.000 r  cmac_inst/inst/cmac_usplus_0_gt_i/inst/gen_gtwizard_gtye4_top.cmac_usplus_0_gt_gtwizard_gtye4_inst/gen_gtwizard_gtye4.gen_channel_container[1].gen_enabled_channel.gtye4_channel_wrapper_inst/channel_inst/gtye4_channel_gen.gen_gtye4_channel_inst[0].GTYE4_CHANNEL_PRIM_INST/TXOUTCLK
                         net (fo=2, routed)           0.085     0.085    cmac_inst/inst/cmac_gtwiz_userclk_tx_inst/txoutclk_out[0]
    BUFG_GT_X0Y99        BUFG_GT (Prop_BUFG_GT_I_O)
                                                      0.130     0.215 r  cmac_inst/inst/cmac_gtwiz_userclk_tx_inst/gen_gtwiz_userclk_tx_main.bufg_gt_usrclk_inst/O
    X2Y5 (CLOCK_ROOT)    net (fo=10048, routed)       2.459     2.674    tx_fifo/gt_txusrclk2
    RAMB36_X1Y47         RAMB36E2                                     r  tx_fifo/mem_reg_7/CLKBWRCLK
                         clock pessimism             -0.127     2.547    
    RAMB36_X1Y47         RAMB36E2 (Hold_RAMB36E2_RAMB36_CLKBWRCLK_DINBDIN[14])
                                                     -0.028     2.519    tx_fifo/mem_reg_7
  -------------------------------------------------------------------
                         required time                         -2.519    
                         arrival time                           2.531    
  -------------------------------------------------------------------
                         slack                                  0.012    





Pulse Width Checks
--------------------------------------------------------------------------------------
Clock Name:         txoutclk_out[0]
Waveform(ns):       { 0.000 1.552 }
Period(ns):         3.103
Sources:            { cmac_inst/inst/cmac_usplus_0_gt_i/inst/gen_gtwizard_gtye4_top.cmac_usplus_0_gt_gtwizard_gtye4_inst/gen_gtwizard_gtye4.gen_channel_container[1].gen_enabled_channel.gtye4_channel_wrapper_inst/channel_inst/gtye4_channel_gen.gen_gtye4_channel_inst[0].GTYE4_CHANNEL_PRIM_INST/TXOUTCLK }

Check Type        Corner  Lib Pin                 Reference Pin            Required(ns)  Actual(ns)  Slack(ns)  Location            Pin
Min Period        n/a     CMACE4/RX_CLK           n/a                      2.560         3.103       0.543      CMACE4_X0Y0         cmac_inst/inst/i_cmac_usplus_0_top/obsibdaaf4ker2wujpra0sjb/RX_CLK
Low Pulse Width   Slow    GTYE4_CHANNEL/TXUSRCLK  n/a                      0.880         1.552       0.672      GTYE4_CHANNEL_X0Y4  cmac_inst/inst/cmac_usplus_0_gt_i/inst/gen_gtwizard_gtye4_top.cmac_usplus_0_gt_gtwizard_gtye4_inst/gen_gtwizard_gtye4.gen_channel_container[1].gen_enabled_channel.gtye4_channel_wrapper_inst/channel_inst/gtye4_channel_gen.gen_gtye4_channel_inst[0].GTYE4_CHANNEL_PRIM_INST/TXUSRCLK
High Pulse Width  Slow    GTYE4_CHANNEL/TXUSRCLK  n/a                      0.880         1.552       0.672      GTYE4_CHANNEL_X0Y4  cmac_inst/inst/cmac_usplus_0_gt_i/inst/gen_gtwizard_gtye4_top.cmac_usplus_0_gt_gtwizard_gtye4_inst/gen_gtwizard_gtye4.gen_channel_container[1].gen_enabled_channel.gtye4_channel_wrapper_inst/channel_inst/gtye4_channel_gen.gen_gtye4_channel_inst[0].GTYE4_CHANNEL_PRIM_INST/TXUSRCLK
Max Skew          Slow    GTYE4_CHANNEL/TXUSRCLK  GTYE4_CHANNEL/TXUSRCLK2  0.624         0.024       0.600      GTYE4_CHANNEL_X0Y5  cmac_inst/inst/cmac_usplus_0_gt_i/inst/gen_gtwizard_gtye4_top.cmac_usplus_0_gt_gtwizard_gtye4_inst/gen_gtwizard_gtye4.gen_channel_container[1].gen_enabled_channel.gtye4_channel_wrapper_inst/channel_inst/gtye4_channel_gen.gen_gtye4_channel_inst[1].GTYE4_CHANNEL_PRIM_INST/TXUSRCLK



---------------------------------------------------------------------------------------------------
From Clock:  PL_CLK
  To Clock:  clk_out1_mts_mmcm_rf_0

Setup :            0  Failing Endpoints,  Worst Slack        0.726ns,  Total Violation        0.000ns
Hold  :            0  Failing Endpoints,  Worst Slack        0.453ns,  Total Violation        0.000ns
---------------------------------------------------------------------------------------------------


Max Delay Paths
--------------------------------------------------------------------------------------
Slack (MET) :             0.726ns  (required time - arrival time)
  Source:                 rf_bd/mts_i/mts_sync_0/inst/sysref_pl_reg/C
                            (rising edge-triggered cell FDRE clocked by PL_CLK  {rise@0.000ns fall@1.000ns period=2.000ns})
  Destination:            rf_bd/mts_i/mts_sync_0/inst/sysref_rf_r_reg/D
                            (rising edge-triggered cell FDRE clocked by clk_out1_mts_mmcm_rf_0  {rise@0.000ns fall@1.000ns period=2.000ns})
  Path Group:             clk_out1_mts_mmcm_rf_0
  Path Type:              Setup (Max at Slow Process Corner)
  Requirement:            2.000ns  (clk_out1_mts_mmcm_rf_0 rise@2.000ns - PL_CLK rise@0.000ns)
  Data Path Delay:        1.346ns  (logic 0.079ns (5.870%)  route 1.267ns (94.130%))
  Logic Levels:           0  
  Clock Path Skew:        0.168ns (DCD - SCD + CPR)
    Destination Clock Delay (DCD):    2.758ns = ( 4.758 - 2.000 ) 
    Source Clock Delay      (SCD):    2.835ns
    Clock Pessimism Removal (CPR):    0.245ns
  Clock Uncertainty:      0.122ns  ((TSJ^2 + DJ^2)^1/2) / 2 + PE
    Total System Jitter     (TSJ):    0.071ns
    Discrete Jitter          (DJ):    0.070ns
    Phase Error              (PE):    0.072ns
  Clock Net Delay (Source):      1.655ns (routing 0.671ns, distribution 0.984ns)
  Clock Net Delay (Destination): 2.313ns (routing 0.890ns, distribution 1.423ns)

    Location             Delay type                Incr(ns)  Path(ns)    Netlist Resource(s)
  -------------------------------------------------------------------    -------------------
                         (clock PL_CLK rise edge)     0.000     0.000 r  
    AN11                                              0.000     0.000 r  PL_CLK_clk_p[0] (IN)
                         net (fo=0)                   0.100     0.100    rf_bd/mts_i/ibufds_pl_clk/U0/USE_IBUFDS.GEN_IBUFDS[0].IBUFDS_I/I
    HPIOBDIFFINBUF_X0Y34 DIFFINBUF (Prop_DIFFINBUF_HPIOBDIFFINBUF_DIFF_IN_P_O)
                                                      0.666     0.766 r  rf_bd/mts_i/ibufds_pl_clk/U0/USE_IBUFDS.GEN_IBUFDS[0].IBUFDS_I/DIFFINBUF_INST/O
                         net (fo=1, routed)           0.050     0.816    rf_bd/mts_i/ibufds_pl_clk/U0/USE_IBUFDS.GEN_IBUFDS[0].IBUFDS_I/OUT
    AN11                 IBUFCTRL (Prop_IBUFCTRL_HPIOB_M_I_O)
                                                      0.000     0.816 r  rf_bd/mts_i/ibufds_pl_clk/U0/USE_IBUFDS.GEN_IBUFDS[0].IBUFDS_I/IBUFCTRL_INST/O
                         net (fo=1, routed)           0.336     1.152    rf_bd/mts_i/bufg_pl_clk/U0/BUFG_I[0]
    BUFGCE_X0Y36         BUFGCE (Prop_BUFCE_BUFGCE_I_O)
                                                      0.028     1.180 r  rf_bd/mts_i/bufg_pl_clk/U0/USE_BUFG.GEN_BUFG[0].BUFG_U/O
    X3Y2 (CLOCK_ROOT)    net (fo=132, routed)         1.655     2.835    rf_bd/mts_i/mts_sync_0/inst/pl_clk
    SLICE_X68Y172        FDRE                                         r  rf_bd/mts_i/mts_sync_0/inst/sysref_pl_reg/C
  -------------------------------------------------------------------    -------------------
    SLICE_X68Y172        FDRE (Prop_EFF_SLICEL_C_Q)
                                                      0.079     2.914 r  rf_bd/mts_i/mts_sync_0/inst/sysref_pl_reg/Q
                         net (fo=3, routed)           1.267     4.181    rf_bd/mts_i/mts_sync_0/inst/sysref_pl
    SLICE_X107Y180       FDRE                                         r  rf_bd/mts_i/mts_sync_0/inst/sysref_rf_r_reg/D
  -------------------------------------------------------------------    -------------------

                         (clock clk_out1_mts_mmcm_rf_0 rise edge)
                                                      2.000     2.000 r  
    AN11                                              0.000     2.000 r  PL_CLK_clk_p[0] (IN)
                         net (fo=0)                   0.079     2.079    rf_bd/mts_i/ibufds_pl_clk/U0/USE_IBUFDS.GEN_IBUFDS[0].IBUFDS_I/I
    HPIOBDIFFINBUF_X0Y34 DIFFINBUF (Prop_DIFFINBUF_HPIOBDIFFINBUF_DIFF_IN_P_O)
                                                      0.556     2.635 r  rf_bd/mts_i/ibufds_pl_clk/U0/USE_IBUFDS.GEN_IBUFDS[0].IBUFDS_I/DIFFINBUF_INST/O
                         net (fo=1, routed)           0.040     2.675    rf_bd/mts_i/ibufds_pl_clk/U0/USE_IBUFDS.GEN_IBUFDS[0].IBUFDS_I/OUT
    AN11                 IBUFCTRL (Prop_IBUFCTRL_HPIOB_M_I_O)
                                                      0.000     2.675 r  rf_bd/mts_i/ibufds_pl_clk/U0/USE_IBUFDS.GEN_IBUFDS[0].IBUFDS_I/IBUFCTRL_INST/O
                         net (fo=1, routed)           0.300     2.975    rf_bd/mts_i/bufg_pl_clk/U0/BUFG_I[0]
    BUFGCE_X0Y36         BUFGCE (Prop_BUFCE_BUFGCE_I_O)
                                                      0.024     2.999 r  rf_bd/mts_i/bufg_pl_clk/U0/USE_BUFG.GEN_BUFG[0].BUFG_U/O
                         net (fo=132, routed)         1.430     4.429    rf_bd/mts_i/mmcm_rf/inst/clk_in1
    MMCM_X0Y1            MMCME4_ADV (Prop_MMCM_CLKIN1_CLKOUT0)
                                                     -2.222     2.207 r  rf_bd/mts_i/mmcm_rf/inst/mmcme4_adv_inst/CLKOUT0
                         net (fo=1, routed)           0.214     2.421    rf_bd/mts_i/mmcm_rf/inst/clk_out1_mts_mmcm_rf_0
    BUFGCE_X0Y26         BUFGCE (Prop_BUFCE_BUFGCE_I_O)
                                                      0.024     2.445 r  rf_bd/mts_i/mmcm_rf/inst/clkout1_buf/O
    X3Y3 (CLOCK_ROOT)    net (fo=7744, routed)        2.313     4.758    rf_bd/mts_i/mts_sync_0/inst/clk_rf
    SLICE_X107Y180       FDRE                                         r  rf_bd/mts_i/mts_sync_0/inst/sysref_rf_r_reg/C
                         clock pessimism              0.245     5.003    
                         clock uncertainty           -0.122     4.881    
    SLICE_X107Y180       FDRE (Setup_EFF_SLICEM_C_D)
                                                      0.025     4.906    rf_bd/mts_i/mts_sync_0/inst/sysref_rf_r_reg
  -------------------------------------------------------------------
                         required time                          4.906    
                         arrival time                          -4.181    
  -------------------------------------------------------------------
                         slack                                  0.726    





Min Delay Paths
--------------------------------------------------------------------------------------
Slack (MET) :             0.453ns  (arrival time - required time)
  Source:                 rf_bd/mts_i/mts_sync_0/inst/sysref_pl_reg/C
                            (rising edge-triggered cell FDRE clocked by PL_CLK  {rise@0.000ns fall@1.000ns period=2.000ns})
  Destination:            rf_bd/mts_i/mts_sync_0/inst/sysref_rf_r_reg/D
                            (rising edge-triggered cell FDRE clocked by clk_out1_mts_mmcm_rf_0  {rise@0.000ns fall@1.000ns period=2.000ns})
  Path Group:             clk_out1_mts_mmcm_rf_0
  Path Type:              Hold (Min at Fast Process Corner)
  Requirement:            0.000ns  (clk_out1_mts_mmcm_rf_0 rise@0.000ns - PL_CLK rise@0.000ns)
  Data Path Delay:        0.673ns  (logic 0.039ns (5.794%)  route 0.634ns (94.206%))
  Logic Levels:           0  
  Clock Path Skew:        0.053ns (DCD - SCD - CPR)
    Destination Clock Delay (DCD):    1.856ns
    Source Clock Delay      (SCD):    1.580ns
    Clock Pessimism Removal (CPR):    0.223ns
  Clock Uncertainty:      0.122ns  ((TSJ^2 + DJ^2)^1/2) / 2 + PE
    Total System Jitter     (TSJ):    0.071ns
    Discrete Jitter          (DJ):    0.070ns
    Phase Error              (PE):    0.072ns
  Clock Net Delay (Source):      0.918ns (routing 0.370ns, distribution 0.548ns)
  Clock Net Delay (Destination): 1.586ns (routing 0.597ns, distribution 0.989ns)

    Location             Delay type                Incr(ns)  Path(ns)    Netlist Resource(s)
  -------------------------------------------------------------------    -------------------
                         (clock PL_CLK rise edge)     0.000     0.000 r  
    AN11                                              0.000     0.000 r  PL_CLK_clk_p[0] (IN)
                         net (fo=0)                   0.079     0.079    rf_bd/mts_i/ibufds_pl_clk/U0/USE_IBUFDS.GEN_IBUFDS[0].IBUFDS_I/I
    HPIOBDIFFINBUF_X0Y34 DIFFINBUF (Prop_DIFFINBUF_HPIOBDIFFINBUF_DIFF_IN_P_O)
                                                      0.332     0.411 r  rf_bd/mts_i/ibufds_pl_clk/U0/USE_IBUFDS.GEN_IBUFDS[0].IBUFDS_I/DIFFINBUF_INST/O
                         net (fo=1, routed)           0.040     0.451    rf_bd/mts_i/ibufds_pl_clk/U0/USE_IBUFDS.GEN_IBUFDS[0].IBUFDS_I/OUT
    AN11                 IBUFCTRL (Prop_IBUFCTRL_HPIOB_M_I_O)
                                                      0.000     0.451 r  rf_bd/mts_i/ibufds_pl_clk/U0/USE_IBUFDS.GEN_IBUFDS[0].IBUFDS_I/IBUFCTRL_INST/O
                         net (fo=1, routed)           0.194     0.645    rf_bd/mts_i/bufg_pl_clk/U0/BUFG_I[0]
    BUFGCE_X0Y36         BUFGCE (Prop_BUFCE_BUFGCE_I_O)
                                                      0.017     0.662 r  rf_bd/mts_i/bufg_pl_clk/U0/USE_BUFG.GEN_BUFG[0].BUFG_U/O
    X3Y2 (CLOCK_ROOT)    net (fo=132, routed)         0.918     1.580    rf_bd/mts_i/mts_sync_0/inst/pl_clk
    SLICE_X68Y172        FDRE                                         r  rf_bd/mts_i/mts_sync_0/inst/sysref_pl_reg/C
  -------------------------------------------------------------------    -------------------
    SLICE_X68Y172        FDRE (Prop_EFF_SLICEL_C_Q)
                                                      0.039     1.619 r  rf_bd/mts_i/mts_sync_0/inst/sysref_pl_reg/Q
                         net (fo=3, routed)           0.634     2.253    rf_bd/mts_i/mts_sync_0/inst/sysref_pl
    SLICE_X107Y180       FDRE                                         r  rf_bd/mts_i/mts_sync_0/inst/sysref_rf_r_reg/D
  -------------------------------------------------------------------    -------------------

                         (clock clk_out1_mts_mmcm_rf_0 rise edge)
                                                      0.000     0.000 r  
    AN11                                              0.000     0.000 r  PL_CLK_clk_p[0] (IN)
                         net (fo=0)                   0.100     0.100    rf_bd/mts_i/ibufds_pl_clk/U0/USE_IBUFDS.GEN_IBUFDS[0].IBUFDS_I/I
    HPIOBDIFFINBUF_X0Y34 DIFFINBUF (Prop_DIFFINBUF_HPIOBDIFFINBUF_DIFF_IN_P_O)
                                                      0.437     0.537 r  rf_bd/mts_i/ibufds_pl_clk/U0/USE_IBUFDS.GEN_IBUFDS[0].IBUFDS_I/DIFFINBUF_INST/O
                         net (fo=1, routed)           0.050     0.587    rf_bd/mts_i/ibufds_pl_clk/U0/USE_IBUFDS.GEN_IBUFDS[0].IBUFDS_I/OUT
    AN11                 IBUFCTRL (Prop_IBUFCTRL_HPIOB_M_I_O)
                                                      0.000     0.587 r  rf_bd/mts_i/ibufds_pl_clk/U0/USE_IBUFDS.GEN_IBUFDS[0].IBUFDS_I/IBUFCTRL_INST/O
                         net (fo=1, routed)           0.235     0.822    rf_bd/mts_i/bufg_pl_clk/U0/BUFG_I[0]
    BUFGCE_X0Y36         BUFGCE (Prop_BUFCE_BUFGCE_I_O)
                                                      0.019     0.841 r  rf_bd/mts_i/bufg_pl_clk/U0/USE_BUFG.GEN_BUFG[0].BUFG_U/O
                         net (fo=132, routed)         0.988     1.829    rf_bd/mts_i/mmcm_rf/inst/clk_in1
    MMCM_X0Y1            MMCME4_ADV (Prop_MMCM_CLKIN1_CLKOUT0)
                                                     -1.743     0.086 r  rf_bd/mts_i/mmcm_rf/inst/mmcme4_adv_inst/CLKOUT0
                         net (fo=1, routed)           0.165     0.251    rf_bd/mts_i/mmcm_rf/inst/clk_out1_mts_mmcm_rf_0
    BUFGCE_X0Y26         BUFGCE (Prop_BUFCE_BUFGCE_I_O)
                                                      0.019     0.270 r  rf_bd/mts_i/mmcm_rf/inst/clkout1_buf/O
    X3Y3 (CLOCK_ROOT)    net (fo=7744, routed)        1.586     1.856    rf_bd/mts_i/mts_sync_0/inst/clk_rf
    SLICE_X107Y180       FDRE                                         r  rf_bd/mts_i/mts_sync_0/inst/sysref_rf_r_reg/C
                         clock pessimism             -0.223     1.633    
                         clock uncertainty            0.122     1.754    
    SLICE_X107Y180       FDRE (Hold_EFF_SLICEM_C_D)
                                                      0.046     1.800    rf_bd/mts_i/mts_sync_0/inst/sysref_rf_r_reg
  -------------------------------------------------------------------
                         required time                         -1.800    
                         arrival time                           2.253    
  -------------------------------------------------------------------
                         slack                                  0.453    





---------------------------------------------------------------------------------------------------
From Clock:  clk_out2_mts_mmcm_rf_0
  To Clock:  clk_out1_mts_mmcm_rf_0

Setup :            0  Failing Endpoints,  Worst Slack        0.230ns,  Total Violation        0.000ns
Hold  :            0  Failing Endpoints,  Worst Slack        0.019ns,  Total Violation        0.000ns
---------------------------------------------------------------------------------------------------


Max Delay Paths
--------------------------------------------------------------------------------------
Slack (MET) :             0.230ns  (required time - arrival time)
  Source:                 stream_inst/tx_on_rf_reg/C
                            (rising edge-triggered cell FDRE clocked by clk_out2_mts_mmcm_rf_0  {rise@0.000ns fall@2.000ns period=4.000ns})
  Destination:            g_gear.gear/dac_sel_fast_reg/D
                            (rising edge-triggered cell FDRE clocked by clk_out1_mts_mmcm_rf_0  {rise@0.000ns fall@1.000ns period=2.000ns})
  Path Group:             clk_out1_mts_mmcm_rf_0
  Path Type:              Setup (Max at Slow Process Corner)
  Requirement:            2.000ns  (clk_out1_mts_mmcm_rf_0 rise@2.000ns - clk_out2_mts_mmcm_rf_0 rise@0.000ns)
  Data Path Delay:        1.309ns  (logic 0.076ns (5.807%)  route 1.233ns (94.193%))
  Logic Levels:           0  
  Clock Path Skew:        -0.313ns (DCD - SCD + CPR)
    Destination Clock Delay (DCD):    2.739ns = ( 4.739 - 2.000 ) 
    Source Clock Delay      (SCD):    2.900ns
    Clock Pessimism Removal (CPR):    -0.152ns
  Clock Uncertainty:      0.174ns  ((TSJ^2 + DJ^2)^1/2) / 2 + PE
    Total System Jitter     (TSJ):    0.071ns
    Discrete Jitter          (DJ):    0.081ns
    Phase Error              (PE):    0.120ns
  Clock Net Delay (Source):      2.566ns (routing 1.068ns, distribution 1.498ns)
  Clock Net Delay (Destination): 2.294ns (routing 0.890ns, distribution 1.404ns)

    Location             Delay type                Incr(ns)  Path(ns)    Netlist Resource(s)
  -------------------------------------------------------------------    -------------------
                         (clock clk_out2_mts_mmcm_rf_0 rise edge)
                                                      0.000     0.000 r  
    AN11                                              0.000     0.000 r  PL_CLK_clk_p[0] (IN)
                         net (fo=0)                   0.100     0.100    rf_bd/mts_i/ibufds_pl_clk/U0/USE_IBUFDS.GEN_IBUFDS[0].IBUFDS_I/I
    HPIOBDIFFINBUF_X0Y34 DIFFINBUF (Prop_DIFFINBUF_HPIOBDIFFINBUF_DIFF_IN_P_O)
                                                      0.666     0.766 r  rf_bd/mts_i/ibufds_pl_clk/U0/USE_IBUFDS.GEN_IBUFDS[0].IBUFDS_I/DIFFINBUF_INST/O
                         net (fo=1, routed)           0.050     0.816    rf_bd/mts_i/ibufds_pl_clk/U0/USE_IBUFDS.GEN_IBUFDS[0].IBUFDS_I/OUT
    AN11                 IBUFCTRL (Prop_IBUFCTRL_HPIOB_M_I_O)
                                                      0.000     0.816 r  rf_bd/mts_i/ibufds_pl_clk/U0/USE_IBUFDS.GEN_IBUFDS[0].IBUFDS_I/IBUFCTRL_INST/O
                         net (fo=1, routed)           0.336     1.152    rf_bd/mts_i/bufg_pl_clk/U0/BUFG_I[0]
    BUFGCE_X0Y36         BUFGCE (Prop_BUFCE_BUFGCE_I_O)
                                                      0.028     1.180 r  rf_bd/mts_i/bufg_pl_clk/U0/USE_BUFG.GEN_BUFG[0].BUFG_U/O
                         net (fo=132, routed)         1.596     2.776    rf_bd/mts_i/mmcm_rf/inst/clk_in1
    MMCM_X0Y1            MMCME4_ADV (Prop_MMCM_CLKIN1_CLKOUT1)
                                                     -2.721     0.055 r  rf_bd/mts_i/mmcm_rf/inst/mmcme4_adv_inst/CLKOUT1
                         net (fo=1, routed)           0.251     0.306    rf_bd/mts_i/mmcm_rf/inst/clk_out2_mts_mmcm_rf_0
    BUFGCE_X0Y39         BUFGCE (Prop_BUFCE_BUFGCE_I_O)
                                                      0.028     0.334 r  rf_bd/mts_i/mmcm_rf/inst/clkout2_buf/O
    X2Y3 (CLOCK_ROOT)    net (fo=165851, routed)      2.566     2.900    stream_inst/clk_half
    SLICE_X66Y325        FDRE                                         r  stream_inst/tx_on_rf_reg/C
  -------------------------------------------------------------------    -------------------
    SLICE_X66Y325        FDRE (Prop_EFF_SLICEM_C_Q)
                                                      0.076     2.976 r  stream_inst/tx_on_rf_reg/Q
                         net (fo=5, routed)           1.233     4.209    g_gear.gear/st_dac_sel
    SLICE_X93Y309        FDRE                                         r  g_gear.gear/dac_sel_fast_reg/D
  -------------------------------------------------------------------    -------------------

                         (clock clk_out1_mts_mmcm_rf_0 rise edge)
                                                      2.000     2.000 r  
    AN11                                              0.000     2.000 r  PL_CLK_clk_p[0] (IN)
                         net (fo=0)                   0.079     2.079    rf_bd/mts_i/ibufds_pl_clk/U0/USE_IBUFDS.GEN_IBUFDS[0].IBUFDS_I/I
    HPIOBDIFFINBUF_X0Y34 DIFFINBUF (Prop_DIFFINBUF_HPIOBDIFFINBUF_DIFF_IN_P_O)
                                                      0.556     2.635 r  rf_bd/mts_i/ibufds_pl_clk/U0/USE_IBUFDS.GEN_IBUFDS[0].IBUFDS_I/DIFFINBUF_INST/O
                         net (fo=1, routed)           0.040     2.675    rf_bd/mts_i/ibufds_pl_clk/U0/USE_IBUFDS.GEN_IBUFDS[0].IBUFDS_I/OUT
    AN11                 IBUFCTRL (Prop_IBUFCTRL_HPIOB_M_I_O)
                                                      0.000     2.675 r  rf_bd/mts_i/ibufds_pl_clk/U0/USE_IBUFDS.GEN_IBUFDS[0].IBUFDS_I/IBUFCTRL_INST/O
                         net (fo=1, routed)           0.300     2.975    rf_bd/mts_i/bufg_pl_clk/U0/BUFG_I[0]
    BUFGCE_X0Y36         BUFGCE (Prop_BUFCE_BUFGCE_I_O)
                                                      0.024     2.999 r  rf_bd/mts_i/bufg_pl_clk/U0/USE_BUFG.GEN_BUFG[0].BUFG_U/O
                         net (fo=132, routed)         1.430     4.429    rf_bd/mts_i/mmcm_rf/inst/clk_in1
    MMCM_X0Y1            MMCME4_ADV (Prop_MMCM_CLKIN1_CLKOUT0)
                                                     -2.222     2.207 r  rf_bd/mts_i/mmcm_rf/inst/mmcme4_adv_inst/CLKOUT0
                         net (fo=1, routed)           0.214     2.421    rf_bd/mts_i/mmcm_rf/inst/clk_out1_mts_mmcm_rf_0
    BUFGCE_X0Y26         BUFGCE (Prop_BUFCE_BUFGCE_I_O)
                                                      0.024     2.445 r  rf_bd/mts_i/mmcm_rf/inst/clkout1_buf/O
    X3Y3 (CLOCK_ROOT)    net (fo=7744, routed)        2.294     4.739    g_gear.gear/CLK
    SLICE_X93Y309        FDRE                                         r  g_gear.gear/dac_sel_fast_reg/C
                         clock pessimism             -0.152     4.587    
                         clock uncertainty           -0.174     4.413    
    SLICE_X93Y309        FDRE (Setup_AFF_SLICEM_C_D)
                                                      0.025     4.438    g_gear.gear/dac_sel_fast_reg
  -------------------------------------------------------------------
                         required time                          4.438    
                         arrival time                          -4.209    
  -------------------------------------------------------------------
                         slack                                  0.230    





Min Delay Paths
--------------------------------------------------------------------------------------
Slack (MET) :             0.019ns  (arrival time - required time)
  Source:                 stream_inst/dac_tdata_reg[108]/C
                            (rising edge-triggered cell FDRE clocked by clk_out2_mts_mmcm_rf_0  {rise@0.000ns fall@2.000ns period=4.000ns})
  Destination:            g_gear.gear/d_f_reg[108]/D
                            (rising edge-triggered cell FDRE clocked by clk_out1_mts_mmcm_rf_0  {rise@0.000ns fall@1.000ns period=2.000ns})
  Path Group:             clk_out1_mts_mmcm_rf_0
  Path Type:              Hold (Min at Fast Process Corner)
  Requirement:            0.000ns  (clk_out1_mts_mmcm_rf_0 rise@0.000ns - clk_out2_mts_mmcm_rf_0 rise@0.000ns)
  Data Path Delay:        0.379ns  (logic 0.039ns (10.290%)  route 0.340ns (89.710%))
  Logic Levels:           0  
  Clock Path Skew:        0.139ns (DCD - SCD - CPR)
    Destination Clock Delay (DCD):    1.813ns
    Source Clock Delay      (SCD):    1.732ns
    Clock Pessimism Removal (CPR):    -0.059ns
  Clock Uncertainty:      0.174ns  ((TSJ^2 + DJ^2)^1/2) / 2 + PE
    Total System Jitter     (TSJ):    0.071ns
    Discrete Jitter          (DJ):    0.081ns
    Phase Error              (PE):    0.120ns
  Clock Net Delay (Source):      1.422ns (routing 0.585ns, distribution 0.837ns)
  Clock Net Delay (Destination): 1.543ns (routing 0.597ns, distribution 0.946ns)

    Location             Delay type                Incr(ns)  Path(ns)    Netlist Resource(s)
  -------------------------------------------------------------------    -------------------
                         (clock clk_out2_mts_mmcm_rf_0 rise edge)
                                                      0.000     0.000 r  
    AN11                                              0.000     0.000 r  PL_CLK_clk_p[0] (IN)
                         net (fo=0)                   0.079     0.079    rf_bd/mts_i/ibufds_pl_clk/U0/USE_IBUFDS.GEN_IBUFDS[0].IBUFDS_I/I
    HPIOBDIFFINBUF_X0Y34 DIFFINBUF (Prop_DIFFINBUF_HPIOBDIFFINBUF_DIFF_IN_P_O)
                                                      0.332     0.411 r  rf_bd/mts_i/ibufds_pl_clk/U0/USE_IBUFDS.GEN_IBUFDS[0].IBUFDS_I/DIFFINBUF_INST/O
                         net (fo=1, routed)           0.040     0.451    rf_bd/mts_i/ibufds_pl_clk/U0/USE_IBUFDS.GEN_IBUFDS[0].IBUFDS_I/OUT
    AN11                 IBUFCTRL (Prop_IBUFCTRL_HPIOB_M_I_O)
                                                      0.000     0.451 r  rf_bd/mts_i/ibufds_pl_clk/U0/USE_IBUFDS.GEN_IBUFDS[0].IBUFDS_I/IBUFCTRL_INST/O
                         net (fo=1, routed)           0.194     0.645    rf_bd/mts_i/bufg_pl_clk/U0/BUFG_I[0]
    BUFGCE_X0Y36         BUFGCE (Prop_BUFCE_BUFGCE_I_O)
                                                      0.017     0.662 r  rf_bd/mts_i/bufg_pl_clk/U0/USE_BUFG.GEN_BUFG[0].BUFG_U/O
                         net (fo=132, routed)         0.883     1.545    rf_bd/mts_i/mmcm_rf/inst/clk_in1
    MMCM_X0Y1            MMCME4_ADV (Prop_MMCM_CLKIN1_CLKOUT1)
                                                     -1.400     0.145 r  rf_bd/mts_i/mmcm_rf/inst/mmcme4_adv_inst/CLKOUT1
                         net (fo=1, routed)           0.149     0.294    rf_bd/mts_i/mmcm_rf/inst/clk_out2_mts_mmcm_rf_0
    BUFGCE_X0Y39         BUFGCE (Prop_BUFCE_BUFGCE_I_O)
                                                      0.017     0.311 r  rf_bd/mts_i/mmcm_rf/inst/clkout2_buf/O
    X2Y3 (CLOCK_ROOT)    net (fo=165851, routed)      1.422     1.732    stream_inst/clk_half
    SLICE_X77Y257        FDRE                                         r  stream_inst/dac_tdata_reg[108]/C
  -------------------------------------------------------------------    -------------------
    SLICE_X77Y257        FDRE (Prop_CFF_SLICEL_C_Q)
                                                      0.039     1.771 r  stream_inst/dac_tdata_reg[108]/Q
                         net (fo=1, routed)           0.340     2.111    g_gear.gear/Q[108]
    SLICE_X85Y257        FDRE                                         r  g_gear.gear/d_f_reg[108]/D
  -------------------------------------------------------------------    -------------------

                         (clock clk_out1_mts_mmcm_rf_0 rise edge)
                                                      0.000     0.000 r  
    AN11                                              0.000     0.000 r  PL_CLK_clk_p[0] (IN)
                         net (fo=0)                   0.100     0.100    rf_bd/mts_i/ibufds_pl_clk/U0/USE_IBUFDS.GEN_IBUFDS[0].IBUFDS_I/I
    HPIOBDIFFINBUF_X0Y34 DIFFINBUF (Prop_DIFFINBUF_HPIOBDIFFINBUF_DIFF_IN_P_O)
                                                      0.437     0.537 r  rf_bd/mts_i/ibufds_pl_clk/U0/USE_IBUFDS.GEN_IBUFDS[0].IBUFDS_I/DIFFINBUF_INST/O
                         net (fo=1, routed)           0.050     0.587    rf_bd/mts_i/ibufds_pl_clk/U0/USE_IBUFDS.GEN_IBUFDS[0].IBUFDS_I/OUT
    AN11                 IBUFCTRL (Prop_IBUFCTRL_HPIOB_M_I_O)
                                                      0.000     0.587 r  rf_bd/mts_i/ibufds_pl_clk/U0/USE_IBUFDS.GEN_IBUFDS[0].IBUFDS_I/IBUFCTRL_INST/O
                         net (fo=1, routed)           0.235     0.822    rf_bd/mts_i/bufg_pl_clk/U0/BUFG_I[0]
    BUFGCE_X0Y36         BUFGCE (Prop_BUFCE_BUFGCE_I_O)
                                                      0.019     0.841 r  rf_bd/mts_i/bufg_pl_clk/U0/USE_BUFG.GEN_BUFG[0].BUFG_U/O
                         net (fo=132, routed)         0.988     1.829    rf_bd/mts_i/mmcm_rf/inst/clk_in1
    MMCM_X0Y1            MMCME4_ADV (Prop_MMCM_CLKIN1_CLKOUT0)
                                                     -1.743     0.086 r  rf_bd/mts_i/mmcm_rf/inst/mmcme4_adv_inst/CLKOUT0
                         net (fo=1, routed)           0.165     0.251    rf_bd/mts_i/mmcm_rf/inst/clk_out1_mts_mmcm_rf_0
    BUFGCE_X0Y26         BUFGCE (Prop_BUFCE_BUFGCE_I_O)
                                                      0.019     0.270 r  rf_bd/mts_i/mmcm_rf/inst/clkout1_buf/O
    X3Y3 (CLOCK_ROOT)    net (fo=7744, routed)        1.543     1.813    g_gear.gear/CLK
    SLICE_X85Y257        FDRE                                         r  g_gear.gear/d_f_reg[108]/C
                         clock pessimism              0.059     1.872    
                         clock uncertainty            0.174     2.045    
    SLICE_X85Y257        FDRE (Hold_AFF2_SLICEL_C_D)
                                                      0.047     2.092    g_gear.gear/d_f_reg[108]
  -------------------------------------------------------------------
                         required time                         -2.092    
                         arrival time                           2.111    
  -------------------------------------------------------------------
                         slack                                  0.019    





---------------------------------------------------------------------------------------------------
From Clock:  clk_out1_mts_mmcm_rf_0
  To Clock:  clk_out2_mts_mmcm_rf_0

Setup :            0  Failing Endpoints,  Worst Slack        0.009ns,  Total Violation        0.000ns
Hold  :            0  Failing Endpoints,  Worst Slack        0.033ns,  Total Violation        0.000ns
---------------------------------------------------------------------------------------------------


Max Delay Paths
--------------------------------------------------------------------------------------
Slack (MET) :             0.009ns  (required time - arrival time)
  Source:                 g_gear.gear/pq_reg[246]/C
                            (rising edge-triggered cell FDRE clocked by clk_out1_mts_mmcm_rf_0  {rise@0.000ns fall@1.000ns period=2.000ns})
  Destination:            g_gear.gear/adc_q_slow_reg[246]/D
                            (rising edge-triggered cell FDRE clocked by clk_out2_mts_mmcm_rf_0  {rise@0.000ns fall@2.000ns period=4.000ns})
  Path Group:             clk_out2_mts_mmcm_rf_0
  Path Type:              Setup (Max at Slow Process Corner)
  Requirement:            2.000ns  (clk_out2_mts_mmcm_rf_0 rise@4.000ns - clk_out1_mts_mmcm_rf_0 rise@2.000ns)
  Data Path Delay:        1.576ns  (logic 0.081ns (5.140%)  route 1.495ns (94.860%))
  Logic Levels:           0  
  Clock Path Skew:        -0.266ns (DCD - SCD + CPR)
    Destination Clock Delay (DCD):    2.708ns = ( 6.708 - 4.000 ) 
    Source Clock Delay      (SCD):    2.823ns = ( 4.823 - 2.000 ) 
    Clock Pessimism Removal (CPR):    -0.152ns
  Clock Uncertainty:      0.174ns  ((TSJ^2 + DJ^2)^1/2) / 2 + PE
    Total System Jitter     (TSJ):    0.071ns
    Discrete Jitter          (DJ):    0.081ns
    Phase Error              (PE):    0.120ns
  Clock Net Delay (Source):      2.496ns (routing 0.979ns, distribution 1.517ns)
  Clock Net Delay (Destination): 2.258ns (routing 0.972ns, distribution 1.286ns)

    Location             Delay type                Incr(ns)  Path(ns)    Netlist Resource(s)
  -------------------------------------------------------------------    -------------------
                         (clock clk_out1_mts_mmcm_rf_0 rise edge)
                                                      2.000     2.000 r  
    AN11                                              0.000     2.000 r  PL_CLK_clk_p[0] (IN)
                         net (fo=0)                   0.100     2.100    rf_bd/mts_i/ibufds_pl_clk/U0/USE_IBUFDS.GEN_IBUFDS[0].IBUFDS_I/I
    HPIOBDIFFINBUF_X0Y34 DIFFINBUF (Prop_DIFFINBUF_HPIOBDIFFINBUF_DIFF_IN_P_O)
                                                      0.666     2.766 r  rf_bd/mts_i/ibufds_pl_clk/U0/USE_IBUFDS.GEN_IBUFDS[0].IBUFDS_I/DIFFINBUF_INST/O
                         net (fo=1, routed)           0.050     2.816    rf_bd/mts_i/ibufds_pl_clk/U0/USE_IBUFDS.GEN_IBUFDS[0].IBUFDS_I/OUT
    AN11                 IBUFCTRL (Prop_IBUFCTRL_HPIOB_M_I_O)
                                                      0.000     2.816 r  rf_bd/mts_i/ibufds_pl_clk/U0/USE_IBUFDS.GEN_IBUFDS[0].IBUFDS_I/IBUFCTRL_INST/O
                         net (fo=1, routed)           0.336     3.152    rf_bd/mts_i/bufg_pl_clk/U0/BUFG_I[0]
    BUFGCE_X0Y36         BUFGCE (Prop_BUFCE_BUFGCE_I_O)
                                                      0.028     3.180 r  rf_bd/mts_i/bufg_pl_clk/U0/USE_BUFG.GEN_BUFG[0].BUFG_U/O
                         net (fo=132, routed)         1.596     4.776    rf_bd/mts_i/mmcm_rf/inst/clk_in1
    MMCM_X0Y1            MMCME4_ADV (Prop_MMCM_CLKIN1_CLKOUT0)
                                                     -2.721     2.055 r  rf_bd/mts_i/mmcm_rf/inst/mmcme4_adv_inst/CLKOUT0
                         net (fo=1, routed)           0.244     2.299    rf_bd/mts_i/mmcm_rf/inst/clk_out1_mts_mmcm_rf_0
    BUFGCE_X0Y26         BUFGCE (Prop_BUFCE_BUFGCE_I_O)
                                                      0.028     2.327 r  rf_bd/mts_i/mmcm_rf/inst/clkout1_buf/O
    X3Y3 (CLOCK_ROOT)    net (fo=7744, routed)        2.496     4.823    g_gear.gear/CLK
    SLICE_X88Y125        FDRE                                         r  g_gear.gear/pq_reg[246]/C
  -------------------------------------------------------------------    -------------------
    SLICE_X88Y125        FDRE (Prop_DFF2_SLICEL_C_Q)
                                                      0.081     4.904 r  g_gear.gear/pq_reg[246]/Q
                         net (fo=1, routed)           1.495     6.399    g_gear.gear/pq[246]
    SLICE_X70Y203        FDRE                                         r  g_gear.gear/adc_q_slow_reg[246]/D
  -------------------------------------------------------------------    -------------------

                         (clock clk_out2_mts_mmcm_rf_0 rise edge)
                                                      4.000     4.000 r  
    AN11                                              0.000     4.000 r  PL_CLK_clk_p[0] (IN)
                         net (fo=0)                   0.079     4.079    rf_bd/mts_i/ibufds_pl_clk/U0/USE_IBUFDS.GEN_IBUFDS[0].IBUFDS_I/I
    HPIOBDIFFINBUF_X0Y34 DIFFINBUF (Prop_DIFFINBUF_HPIOBDIFFINBUF_DIFF_IN_P_O)
                                                      0.556     4.635 r  rf_bd/mts_i/ibufds_pl_clk/U0/USE_IBUFDS.GEN_IBUFDS[0].IBUFDS_I/DIFFINBUF_INST/O
                         net (fo=1, routed)           0.040     4.675    rf_bd/mts_i/ibufds_pl_clk/U0/USE_IBUFDS.GEN_IBUFDS[0].IBUFDS_I/OUT
    AN11                 IBUFCTRL (Prop_IBUFCTRL_HPIOB_M_I_O)
                                                      0.000     4.675 r  rf_bd/mts_i/ibufds_pl_clk/U0/USE_IBUFDS.GEN_IBUFDS[0].IBUFDS_I/IBUFCTRL_INST/O
                         net (fo=1, routed)           0.300     4.975    rf_bd/mts_i/bufg_pl_clk/U0/BUFG_I[0]
    BUFGCE_X0Y36         BUFGCE (Prop_BUFCE_BUFGCE_I_O)
                                                      0.024     4.999 r  rf_bd/mts_i/bufg_pl_clk/U0/USE_BUFG.GEN_BUFG[0].BUFG_U/O
                         net (fo=132, routed)         1.430     6.429    rf_bd/mts_i/mmcm_rf/inst/clk_in1
    MMCM_X0Y1            MMCME4_ADV (Prop_MMCM_CLKIN1_CLKOUT1)
                                                     -2.222     4.207 r  rf_bd/mts_i/mmcm_rf/inst/mmcme4_adv_inst/CLKOUT1
                         net (fo=1, routed)           0.220     4.427    rf_bd/mts_i/mmcm_rf/inst/clk_out2_mts_mmcm_rf_0
    BUFGCE_X0Y39         BUFGCE (Prop_BUFCE_BUFGCE_I_O)
                                                      0.024     4.451 r  rf_bd/mts_i/mmcm_rf/inst/clkout2_buf/O
    X2Y3 (CLOCK_ROOT)    net (fo=165851, routed)      2.258     6.708    g_gear.gear/clk_half
    SLICE_X70Y203        FDRE                                         r  g_gear.gear/adc_q_slow_reg[246]/C
                         clock pessimism             -0.152     6.557    
                         clock uncertainty           -0.174     6.383    
    SLICE_X70Y203        FDRE (Setup_CFF_SLICEM_C_D)
                                                      0.025     6.408    g_gear.gear/adc_q_slow_reg[246]
  -------------------------------------------------------------------
                         required time                          6.408    
                         arrival time                          -6.399    
  -------------------------------------------------------------------
                         slack                                  0.009    





Min Delay Paths
--------------------------------------------------------------------------------------
Slack (MET) :             0.033ns  (arrival time - required time)
  Source:                 g_gear.gear/pi_reg[119]/C
                            (rising edge-triggered cell FDRE clocked by clk_out1_mts_mmcm_rf_0  {rise@0.000ns fall@1.000ns period=2.000ns})
  Destination:            g_gear.gear/adc_i_slow_reg[119]/D
                            (rising edge-triggered cell FDRE clocked by clk_out2_mts_mmcm_rf_0  {rise@0.000ns fall@2.000ns period=4.000ns})
  Path Group:             clk_out2_mts_mmcm_rf_0
  Path Type:              Hold (Min at Slow Process Corner)
  Requirement:            0.000ns  (clk_out2_mts_mmcm_rf_0 rise@0.000ns - clk_out1_mts_mmcm_rf_0 rise@0.000ns)
  Data Path Delay:        0.681ns  (logic 0.058ns (8.517%)  route 0.623ns (91.483%))
  Logic Levels:           0  
  Clock Path Skew:        0.414ns (DCD - SCD - CPR)
    Destination Clock Delay (DCD):    2.829ns
    Source Clock Delay      (SCD):    2.567ns
    Clock Pessimism Removal (CPR):    -0.152ns
  Clock Uncertainty:      0.174ns  ((TSJ^2 + DJ^2)^1/2) / 2 + PE
    Total System Jitter     (TSJ):    0.071ns
    Discrete Jitter          (DJ):    0.081ns
    Phase Error              (PE):    0.120ns
  Clock Net Delay (Source):      2.122ns (routing 0.890ns, distribution 1.232ns)
  Clock Net Delay (Destination): 2.495ns (routing 1.068ns, distribution 1.427ns)

    Location             Delay type                Incr(ns)  Path(ns)    Netlist Resource(s)
  -------------------------------------------------------------------    -------------------
                         (clock clk_out1_mts_mmcm_rf_0 rise edge)
                                                      0.000     0.000 r  
    AN11                                              0.000     0.000 r  PL_CLK_clk_p[0] (IN)
                         net (fo=0)                   0.079     0.079    rf_bd/mts_i/ibufds_pl_clk/U0/USE_IBUFDS.GEN_IBUFDS[0].IBUFDS_I/I
    HPIOBDIFFINBUF_X0Y34 DIFFINBUF (Prop_DIFFINBUF_HPIOBDIFFINBUF_DIFF_IN_P_O)
                                                      0.556     0.635 r  rf_bd/mts_i/ibufds_pl_clk/U0/USE_IBUFDS.GEN_IBUFDS[0].IBUFDS_I/DIFFINBUF_INST/O
                         net (fo=1, routed)           0.040     0.675    rf_bd/mts_i/ibufds_pl_clk/U0/USE_IBUFDS.GEN_IBUFDS[0].IBUFDS_I/OUT
    AN11                 IBUFCTRL (Prop_IBUFCTRL_HPIOB_M_I_O)
                                                      0.000     0.675 r  rf_bd/mts_i/ibufds_pl_clk/U0/USE_IBUFDS.GEN_IBUFDS[0].IBUFDS_I/IBUFCTRL_INST/O
                         net (fo=1, routed)           0.300     0.975    rf_bd/mts_i/bufg_pl_clk/U0/BUFG_I[0]
    BUFGCE_X0Y36         BUFGCE (Prop_BUFCE_BUFGCE_I_O)
                                                      0.024     0.999 r  rf_bd/mts_i/bufg_pl_clk/U0/USE_BUFG.GEN_BUFG[0].BUFG_U/O
                         net (fo=132, routed)         1.430     2.429    rf_bd/mts_i/mmcm_rf/inst/clk_in1
    MMCM_X0Y1            MMCME4_ADV (Prop_MMCM_CLKIN1_CLKOUT0)
                                                     -2.222     0.207 r  rf_bd/mts_i/mmcm_rf/inst/mmcme4_adv_inst/CLKOUT0
                         net (fo=1, routed)           0.214     0.421    rf_bd/mts_i/mmcm_rf/inst/clk_out1_mts_mmcm_rf_0
    BUFGCE_X0Y26         BUFGCE (Prop_BUFCE_BUFGCE_I_O)
                                                      0.024     0.445 r  rf_bd/mts_i/mmcm_rf/inst/clkout1_buf/O
    X3Y3 (CLOCK_ROOT)    net (fo=7744, routed)        2.122     2.567    g_gear.gear/CLK
    SLICE_X79Y187        FDRE                                         r  g_gear.gear/pi_reg[119]/C
  -------------------------------------------------------------------    -------------------
    SLICE_X79Y187        FDRE (Prop_EFF_SLICEM_C_Q)
                                                      0.058     2.625 r  g_gear.gear/pi_reg[119]/Q
                         net (fo=1, routed)           0.623     3.248    g_gear.gear/pi[119]
    SLICE_X58Y248        FDRE                                         r  g_gear.gear/adc_i_slow_reg[119]/D
  -------------------------------------------------------------------    -------------------

                         (clock clk_out2_mts_mmcm_rf_0 rise edge)
                                                      0.000     0.000 r  
    AN11                                              0.000     0.000 r  PL_CLK_clk_p[0] (IN)
                         net (fo=0)                   0.100     0.100    rf_bd/mts_i/ibufds_pl_clk/U0/USE_IBUFDS.GEN_IBUFDS[0].IBUFDS_I/I
    HPIOBDIFFINBUF_X0Y34 DIFFINBUF (Prop_DIFFINBUF_HPIOBDIFFINBUF_DIFF_IN_P_O)
                                                      0.666     0.766 r  rf_bd/mts_i/ibufds_pl_clk/U0/USE_IBUFDS.GEN_IBUFDS[0].IBUFDS_I/DIFFINBUF_INST/O
                         net (fo=1, routed)           0.050     0.816    rf_bd/mts_i/ibufds_pl_clk/U0/USE_IBUFDS.GEN_IBUFDS[0].IBUFDS_I/OUT
    AN11                 IBUFCTRL (Prop_IBUFCTRL_HPIOB_M_I_O)
                                                      0.000     0.816 r  rf_bd/mts_i/ibufds_pl_clk/U0/USE_IBUFDS.GEN_IBUFDS[0].IBUFDS_I/IBUFCTRL_INST/O
                         net (fo=1, routed)           0.336     1.152    rf_bd/mts_i/bufg_pl_clk/U0/BUFG_I[0]
    BUFGCE_X0Y36         BUFGCE (Prop_BUFCE_BUFGCE_I_O)
                                                      0.028     1.180 r  rf_bd/mts_i/bufg_pl_clk/U0/USE_BUFG.GEN_BUFG[0].BUFG_U/O
                         net (fo=132, routed)         1.596     2.776    rf_bd/mts_i/mmcm_rf/inst/clk_in1
    MMCM_X0Y1            MMCME4_ADV (Prop_MMCM_CLKIN1_CLKOUT1)
                                                     -2.721     0.055 r  rf_bd/mts_i/mmcm_rf/inst/mmcme4_adv_inst/CLKOUT1
                         net (fo=1, routed)           0.251     0.306    rf_bd/mts_i/mmcm_rf/inst/clk_out2_mts_mmcm_rf_0
    BUFGCE_X0Y39         BUFGCE (Prop_BUFCE_BUFGCE_I_O)
                                                      0.028     0.334 r  rf_bd/mts_i/mmcm_rf/inst/clkout2_buf/O
    X2Y3 (CLOCK_ROOT)    net (fo=165851, routed)      2.495     2.829    g_gear.gear/clk_half
    SLICE_X58Y248        FDRE                                         r  g_gear.gear/adc_i_slow_reg[119]/C
                         clock pessimism              0.152     2.981    
                         clock uncertainty            0.174     3.154    
    SLICE_X58Y248        FDRE (Hold_EFF_SLICEL_C_D)
                                                      0.060     3.214    g_gear.gear/adc_i_slow_reg[119]
  -------------------------------------------------------------------
                         required time                         -3.214    
                         arrival time                           3.248    
  -------------------------------------------------------------------
                         slack                                  0.033    





---------------------------------------------------------------------------------------------------
From Clock:  clk_pl_0
  To Clock:  clk_out2_mts_mmcm_rf_0

Setup :            0  Failing Endpoints,  Worst Slack        8.853ns,  Total Violation        0.000ns
Hold  :           NA  Failing Endpoints,  Worst Slack           NA  ,  Total Violation           NA
---------------------------------------------------------------------------------------------------


Max Delay Paths
--------------------------------------------------------------------------------------
Slack (MET) :             8.853ns  (required time - arrival time)
  Source:                 rf_bd/mts_i/ctrl_interconnect/m03_couplers/auto_cc/inst/gen_clock_conv.gen_async_conv.asyncfifo_axi/inst_fifo_gen/gaxi_full_lite.gwrite_ch.gwrch2.axi_wrch/grf.rf/gntv_or_sync_fifo.gcx.clkx/rd_pntr_cdc_inst/src_gray_ff_reg[2]/C
                            (rising edge-triggered cell FDRE clocked by clk_pl_0  {rise@0.000ns fall@5.000ns period=10.000ns})
  Destination:            rf_bd/mts_i/ctrl_interconnect/m03_couplers/auto_cc/inst/gen_clock_conv.gen_async_conv.asyncfifo_axi/inst_fifo_gen/gaxi_full_lite.gwrite_ch.gwrch2.axi_wrch/grf.rf/gntv_or_sync_fifo.gcx.clkx/rd_pntr_cdc_inst/dest_graysync_ff_reg[0][2]/D
                            (rising edge-triggered cell FDRE clocked by clk_out2_mts_mmcm_rf_0  {rise@0.000ns fall@2.000ns period=4.000ns})
  Path Group:             clk_out2_mts_mmcm_rf_0
  Path Type:              Setup (Max at Slow Process Corner)
  Requirement:            10.000ns  (MaxDelay Path 10.000ns)
  Data Path Delay:        1.172ns  (logic 0.079ns (6.741%)  route 1.093ns (93.259%))
  Logic Levels:           0  
  Timing Exception:       MaxDelay Path 10.000ns -datapath_only

    Location             Delay type                Incr(ns)  Path(ns)    Netlist Resource(s)
  -------------------------------------------------------------------    -------------------
    SLICE_X38Y243                                     0.000     0.000 r  rf_bd/mts_i/ctrl_interconnect/m03_couplers/auto_cc/inst/gen_clock_conv.gen_async_conv.asyncfifo_axi/inst_fifo_gen/gaxi_full_lite.gwrite_ch.gwrch2.axi_wrch/grf.rf/gntv_or_sync_fifo.gcx.clkx/rd_pntr_cdc_inst/src_gray_ff_reg[2]/C
    SLICE_X38Y243        FDRE (Prop_DFF_SLICEL_C_Q)
                                                      0.079     0.079 r  rf_bd/mts_i/ctrl_interconnect/m03_couplers/auto_cc/inst/gen_clock_conv.gen_async_conv.asyncfifo_axi/inst_fifo_gen/gaxi_full_lite.gwrite_ch.gwrch2.axi_wrch/grf.rf/gntv_or_sync_fifo.gcx.clkx/rd_pntr_cdc_inst/src_gray_ff_reg[2]/Q
                         net (fo=1, routed)           1.093     1.172    rf_bd/mts_i/ctrl_interconnect/m03_couplers/auto_cc/inst/gen_clock_conv.gen_async_conv.asyncfifo_axi/inst_fifo_gen/gaxi_full_lite.gwrite_ch.gwrch2.axi_wrch/grf.rf/gntv_or_sync_fifo.gcx.clkx/rd_pntr_cdc_inst/async_path[2]
    SLICE_X39Y243        FDRE                                         r  rf_bd/mts_i/ctrl_interconnect/m03_couplers/auto_cc/inst/gen_clock_conv.gen_async_conv.asyncfifo_axi/inst_fifo_gen/gaxi_full_lite.gwrite_ch.gwrch2.axi_wrch/grf.rf/gntv_or_sync_fifo.gcx.clkx/rd_pntr_cdc_inst/dest_graysync_ff_reg[0][2]/D
  -------------------------------------------------------------------    -------------------

                         max delay                   10.000    10.000    
    SLICE_X39Y243        FDRE (Setup_HFF2_SLICEM_C_D)
                                                      0.025    10.025    rf_bd/mts_i/ctrl_interconnect/m03_couplers/auto_cc/inst/gen_clock_conv.gen_async_conv.asyncfifo_axi/inst_fifo_gen/gaxi_full_lite.gwrite_ch.gwrch2.axi_wrch/grf.rf/gntv_or_sync_fifo.gcx.clkx/rd_pntr_cdc_inst/dest_graysync_ff_reg[0][2]
  -------------------------------------------------------------------
                         required time                         10.025    
                         arrival time                          -1.172    
  -------------------------------------------------------------------
                         slack                                  8.853    





---------------------------------------------------------------------------------------------------
From Clock:  mmcm_clkout5
  To Clock:  mmcm_clkout0

Setup :            0  Failing Endpoints,  Worst Slack        2.231ns,  Total Violation        0.000ns
Hold  :           NA  Failing Endpoints,  Worst Slack           NA  ,  Total Violation           NA
---------------------------------------------------------------------------------------------------


Max Delay Paths
--------------------------------------------------------------------------------------
Slack (MET) :             2.231ns  (required time - arrival time)
  Source:                 ddr_inst/inst/u_ddr4_mem_intfc/u_ddr_cal_top/u_ddr_cal/u_xsdb_arbiter/slave_addr_r_reg[10]/C
                            (rising edge-triggered cell FDRE clocked by mmcm_clkout5  {rise@0.000ns fall@6.664ns period=13.328ns})
  Destination:            ddr_inst/inst/u_ddr4_mem_intfc/u_ddr_cal_top/u_ddr_cal/u_xsdb_arbiter/u_slave_addr_sync/SYNC[10].sync_reg_reg[0]/D
                            (rising edge-triggered cell FDRE clocked by mmcm_clkout0  {rise@0.000ns fall@1.666ns period=3.332ns})
  Path Group:             mmcm_clkout0
  Path Type:              Setup (Max at Slow Process Corner)
  Requirement:            3.000ns  (MaxDelay Path 3.000ns)
  Data Path Delay:        0.794ns  (logic 0.079ns (9.950%)  route 0.715ns (90.050%))
  Logic Levels:           0  
  Timing Exception:       MaxDelay Path 3.000ns -datapath_only

    Location             Delay type                Incr(ns)  Path(ns)    Netlist Resource(s)
  -------------------------------------------------------------------    -------------------
    SLICE_X92Y231                                     0.000     0.000 r  ddr_inst/inst/u_ddr4_mem_intfc/u_ddr_cal_top/u_ddr_cal/u_xsdb_arbiter/slave_addr_r_reg[10]/C
    SLICE_X92Y231        FDRE (Prop_AFF_SLICEL_C_Q)
                                                      0.079     0.079 r  ddr_inst/inst/u_ddr4_mem_intfc/u_ddr_cal_top/u_ddr_cal/u_xsdb_arbiter/slave_addr_r_reg[10]/Q
                         net (fo=1, routed)           0.715     0.794    ddr_inst/inst/u_ddr4_mem_intfc/u_ddr_cal_top/u_ddr_cal/u_xsdb_arbiter/u_slave_addr_sync/out[10]
    SLICE_X92Y208        FDRE                                         r  ddr_inst/inst/u_ddr4_mem_intfc/u_ddr_cal_top/u_ddr_cal/u_xsdb_arbiter/u_slave_addr_sync/SYNC[10].sync_reg_reg[0]/D
  -------------------------------------------------------------------    -------------------

                         max delay                    3.000     3.000    
    SLICE_X92Y208        FDRE (Setup_DFF2_SLICEL_C_D)
                                                      0.025     3.025    ddr_inst/inst/u_ddr4_mem_intfc/u_ddr_cal_top/u_ddr_cal/u_xsdb_arbiter/u_slave_addr_sync/SYNC[10].sync_reg_reg[0]
  -------------------------------------------------------------------
                         required time                          3.025    
                         arrival time                          -0.794    
  -------------------------------------------------------------------
                         slack                                  2.231    





---------------------------------------------------------------------------------------------------
From Clock:  mmcm_clkout6
  To Clock:  mmcm_clkout0

Setup :            0  Failing Endpoints,  Worst Slack        1.092ns,  Total Violation        0.000ns
Hold  :           NA  Failing Endpoints,  Worst Slack           NA  ,  Total Violation           NA
---------------------------------------------------------------------------------------------------


Max Delay Paths
--------------------------------------------------------------------------------------
Slack (MET) :             1.092ns  (required time - arrival time)
  Source:                 ddr_inst/inst/u_ddr4_mem_intfc/u_ddr_cal_riu/io_write_data_riuclk_reg[4]/C
                            (rising edge-triggered cell FDRE clocked by mmcm_clkout6  {rise@0.000ns fall@3.332ns period=6.664ns})
  Destination:            ddr_inst/inst/u_ddr4_mem_intfc/u_io_write_data_sync/SYNC[4].sync_reg_reg[0]/D
                            (rising edge-triggered cell FDRE clocked by mmcm_clkout0  {rise@0.000ns fall@1.666ns period=3.332ns})
  Path Group:             mmcm_clkout0
  Path Type:              Setup (Max at Slow Process Corner)
  Requirement:            3.000ns  (MaxDelay Path 3.000ns)
  Data Path Delay:        1.933ns  (logic 0.076ns (3.932%)  route 1.857ns (96.068%))
  Logic Levels:           0  
  Timing Exception:       MaxDelay Path 3.000ns -datapath_only

    Location             Delay type                Incr(ns)  Path(ns)    Netlist Resource(s)
  -------------------------------------------------------------------    -------------------
    SLICE_X82Y227                                     0.000     0.000 r  ddr_inst/inst/u_ddr4_mem_intfc/u_ddr_cal_riu/io_write_data_riuclk_reg[4]/C
    SLICE_X82Y227        FDRE (Prop_EFF_SLICEM_C_Q)
                                                      0.076     0.076 r  ddr_inst/inst/u_ddr4_mem_intfc/u_ddr_cal_riu/io_write_data_riuclk_reg[4]/Q
                         net (fo=2, routed)           1.857     1.933    ddr_inst/inst/u_ddr4_mem_intfc/u_io_write_data_sync/SYNC[31].sync_reg_reg[0]_0[4]
    SLICE_X82Y233        FDRE                                         r  ddr_inst/inst/u_ddr4_mem_intfc/u_io_write_data_sync/SYNC[4].sync_reg_reg[0]/D
  -------------------------------------------------------------------    -------------------

                         max delay                    3.000     3.000    
    SLICE_X82Y233        FDRE (Setup_DFF2_SLICEM_C_D)
                                                      0.025     3.025    ddr_inst/inst/u_ddr4_mem_intfc/u_io_write_data_sync/SYNC[4].sync_reg_reg[0]
  -------------------------------------------------------------------
                         required time                          3.025    
                         arrival time                          -1.933    
  -------------------------------------------------------------------
                         slack                                  1.092    





---------------------------------------------------------------------------------------------------
From Clock:  clk_200_mmcm
  To Clock:  mmcm_clkout0

Setup :            0  Failing Endpoints,  Worst Slack        3.889ns,  Total Violation        0.000ns
Hold  :           NA  Failing Endpoints,  Worst Slack           NA  ,  Total Violation           NA
---------------------------------------------------------------------------------------------------


Max Delay Paths
--------------------------------------------------------------------------------------
Slack (MET) :             3.889ns  (required time - arrival time)
  Source:                 ddr_ic/inst/axi_interconnect_inst/si_converter_bank/gen_conv_slot[5].clock_conv_inst/gen_async_readwrite.asyncfifo_rw/inst_fifo_gen/gaxi_full_lite.gread_ch.grdch2.axi_rdch/grf.rf/gntv_or_sync_fifo.gcx.clkx/rd_pntr_cdc_inst/src_gray_ff_reg[4]/C
                            (rising edge-triggered cell FDRE clocked by clk_200_mmcm  {rise@0.000ns fall@2.500ns period=5.000ns})
  Destination:            ddr_ic/inst/axi_interconnect_inst/si_converter_bank/gen_conv_slot[5].clock_conv_inst/gen_async_readwrite.asyncfifo_rw/inst_fifo_gen/gaxi_full_lite.gread_ch.grdch2.axi_rdch/grf.rf/gntv_or_sync_fifo.gcx.clkx/rd_pntr_cdc_inst/dest_graysync_ff_reg[0][4]/D
                            (rising edge-triggered cell FDRE clocked by mmcm_clkout0  {rise@0.000ns fall@1.666ns period=3.332ns})
  Path Group:             mmcm_clkout0
  Path Type:              Setup (Max at Slow Process Corner)
  Requirement:            5.000ns  (MaxDelay Path 5.000ns)
  Data Path Delay:        1.136ns  (logic 0.078ns (6.866%)  route 1.058ns (93.134%))
  Logic Levels:           0  
  Timing Exception:       MaxDelay Path 5.000ns -datapath_only

    Location             Delay type                Incr(ns)  Path(ns)    Netlist Resource(s)
  -------------------------------------------------------------------    -------------------
    SLICE_X42Y359                                     0.000     0.000 r  ddr_ic/inst/axi_interconnect_inst/si_converter_bank/gen_conv_slot[5].clock_conv_inst/gen_async_readwrite.asyncfifo_rw/inst_fifo_gen/gaxi_full_lite.gread_ch.grdch2.axi_rdch/grf.rf/gntv_or_sync_fifo.gcx.clkx/rd_pntr_cdc_inst/src_gray_ff_reg[4]/C
    SLICE_X42Y359        FDRE (Prop_CFF_SLICEM_C_Q)
                                                      0.078     0.078 r  ddr_ic/inst/axi_interconnect_inst/si_converter_bank/gen_conv_slot[5].clock_conv_inst/gen_async_readwrite.asyncfifo_rw/inst_fifo_gen/gaxi_full_lite.gread_ch.grdch2.axi_rdch/grf.rf/gntv_or_sync_fifo.gcx.clkx/rd_pntr_cdc_inst/src_gray_ff_reg[4]/Q
                         net (fo=1, routed)           1.058     1.136    ddr_ic/inst/axi_interconnect_inst/si_converter_bank/gen_conv_slot[5].clock_conv_inst/gen_async_readwrite.asyncfifo_rw/inst_fifo_gen/gaxi_full_lite.gread_ch.grdch2.axi_rdch/grf.rf/gntv_or_sync_fifo.gcx.clkx/rd_pntr_cdc_inst/async_path[4]
    SLICE_X39Y359        FDRE                                         r  ddr_ic/inst/axi_interconnect_inst/si_converter_bank/gen_conv_slot[5].clock_conv_inst/gen_async_readwrite.asyncfifo_rw/inst_fifo_gen/gaxi_full_lite.gread_ch.grdch2.axi_rdch/grf.rf/gntv_or_sync_fifo.gcx.clkx/rd_pntr_cdc_inst/dest_graysync_ff_reg[0][4]/D
  -------------------------------------------------------------------    -------------------

                         max delay                    5.000     5.000    
    SLICE_X39Y359        FDRE (Setup_DFF2_SLICEM_C_D)
                                                      0.025     5.025    ddr_ic/inst/axi_interconnect_inst/si_converter_bank/gen_conv_slot[5].clock_conv_inst/gen_async_readwrite.asyncfifo_rw/inst_fifo_gen/gaxi_full_lite.gread_ch.grdch2.axi_rdch/grf.rf/gntv_or_sync_fifo.gcx.clkx/rd_pntr_cdc_inst/dest_graysync_ff_reg[0][4]
  -------------------------------------------------------------------
                         required time                          5.025    
                         arrival time                          -1.136    
  -------------------------------------------------------------------
                         slack                                  3.889    





---------------------------------------------------------------------------------------------------
From Clock:  mmcm_clkout0
  To Clock:  pll_clk[0]_DIV

Setup :            0  Failing Endpoints,  Worst Slack        0.620ns,  Total Violation        0.000ns
Hold  :            0  Failing Endpoints,  Worst Slack        0.532ns,  Total Violation        0.000ns
---------------------------------------------------------------------------------------------------


Max Delay Paths
--------------------------------------------------------------------------------------
Slack (MET) :             0.620ns  (required time - arrival time)
  Source:                 ddr_inst/inst/u_ddr4_mem_intfc/u_ddr_cal_top/u_ddr_mc_pi/u_ddr_mc_write/genByte[4].u_ddr_mc_wr_byte/genBit[0].u_ddr_mc_wr_bit/dReg_reg[2]/C
                            (rising edge-triggered cell FDRE clocked by mmcm_clkout0  {rise@0.000ns fall@1.666ns period=3.332ns})
  Destination:            ddr_inst/inst/u_ddr4_mem_intfc/u_mig_ddr4_phy/inst/generate_block1.u_ddr_xiphy/byte_num[2].xiphy_byte_wrapper.u_xiphy_byte_wrapper/I_BITSLICE_LOWER[5].GEN_RXTX_BITSLICE_EN.u_xiphy_bitslice_lower/xiphy_rxtx_bitslice/D[2]
                            (rising edge-triggered cell RXTX_BITSLICE clocked by pll_clk[0]_DIV  {rise@0.000ns fall@1.666ns period=3.332ns})
  Path Group:             pll_clk[0]_DIV
  Path Type:              Setup (Max at Slow Process Corner)
  Requirement:            3.332ns  (pll_clk[0]_DIV rise@3.332ns - mmcm_clkout0 rise@0.000ns)
  Data Path Delay:        1.969ns  (logic 0.078ns (3.961%)  route 1.891ns (96.039%))
  Logic Levels:           0  
  Clock Path Skew:        -0.514ns (DCD - SCD + CPR)
    Destination Clock Delay (DCD):    3.049ns = ( 6.381 - 3.332 ) 
    Source Clock Delay      (SCD):    3.097ns
    Clock Pessimism Removal (CPR):    -0.465ns
  Clock Uncertainty:      0.157ns  ((TSJ^2 + DJ^2)^1/2) / 2 + PE
    Total System Jitter     (TSJ):    0.071ns
    Discrete Jitter          (DJ):    0.064ns
    Phase Error              (PE):    0.109ns
  Clock Net Delay (Source):      1.868ns (routing 0.635ns, distribution 1.233ns)

    Location             Delay type                Incr(ns)  Path(ns)    Netlist Resource(s)
  -------------------------------------------------------------------    -------------------
                         (clock mmcm_clkout0 rise edge)
                                                      0.000     0.000 r  
    G13                                               0.000     0.000 r  c0_sys_clk_p (IN)
                         net (fo=0)                   0.100     0.100    ddr_inst/inst/u_ddr4_mem_intfc/u_mig_ddr4_phy/inst/u_ddr4_phy_pll/diff_input_clk.u_ibufg_sys_clk/I
    HPIOBDIFFINBUF_X0Y108
                         DIFFINBUF (Prop_DIFFINBUF_HPIOBDIFFINBUF_DIFF_IN_P_O)
                                                      0.549     0.649 r  ddr_inst/inst/u_ddr4_mem_intfc/u_mig_ddr4_phy/inst/u_ddr4_phy_pll/diff_input_clk.u_ibufg_sys_clk/DIFFINBUF_INST/O
                         net (fo=1, routed)           0.050     0.699    ddr_inst/inst/u_ddr4_mem_intfc/u_mig_ddr4_phy/inst/u_ddr4_phy_pll/diff_input_clk.u_ibufg_sys_clk/OUT
    G13                  IBUFCTRL (Prop_IBUFCTRL_HPIOB_M_I_O)
                                                      0.000     0.699 r  ddr_inst/inst/u_ddr4_mem_intfc/u_mig_ddr4_phy/inst/u_ddr4_phy_pll/diff_input_clk.u_ibufg_sys_clk/IBUFCTRL_INST/O
                         net (fo=2, routed)           0.384     1.083    ddr_inst/inst/u_ddr4_infrastructure/mmcm_clk_in
    MMCM_X0Y4            MMCME4_ADV (Prop_MMCM_CLKIN1_CLKOUT0)
                                                     -0.127     0.956 r  ddr_inst/inst/u_ddr4_infrastructure/gen_mmcme4.u_mmcme_adv_inst/CLKOUT0
                         net (fo=1, routed)           0.245     1.201    ddr_inst/inst/u_ddr4_infrastructure/mmcm_clkout0
    BUFGCE_X0Y118        BUFGCE (Prop_BUFCE_BUFGCE_I_O)
                                                      0.028     1.229 r  ddr_inst/inst/u_ddr4_infrastructure/u_bufg_divClk/O
    X4Y5 (CLOCK_ROOT)    net (fo=50920, routed)       1.868     3.097    ddr_inst/inst/u_ddr4_mem_intfc/u_ddr_cal_top/u_ddr_mc_pi/u_ddr_mc_write/genByte[4].u_ddr_mc_wr_byte/genBit[0].u_ddr_mc_wr_bit/dReg_reg[10]_0
    SLICE_X82Y283        FDRE                                         r  ddr_inst/inst/u_ddr4_mem_intfc/u_ddr_cal_top/u_ddr_mc_pi/u_ddr_mc_write/genByte[4].u_ddr_mc_wr_byte/genBit[0].u_ddr_mc_wr_bit/dReg_reg[2]/C
  -------------------------------------------------------------------    -------------------
    SLICE_X82Y283        FDRE (Prop_CFF_SLICEM_C_Q)
                                                      0.078     3.175 r  ddr_inst/inst/u_ddr4_mem_intfc/u_ddr_cal_top/u_ddr_mc_pi/u_ddr_mc_write/genByte[4].u_ddr_mc_wr_byte/genBit[0].u_ddr_mc_wr_bit/dReg_reg[2]/Q
                         net (fo=1, routed)           1.891     5.066    ddr_inst/inst/u_ddr4_mem_intfc/u_mig_ddr4_phy/inst/generate_block1.u_ddr_xiphy/byte_num[2].xiphy_byte_wrapper.u_xiphy_byte_wrapper/I_BITSLICE_LOWER[5].GEN_RXTX_BITSLICE_EN.u_xiphy_bitslice_lower/ch0_mcal_DQOut[2]
    BITSLICE_RX_TX_X0Y187
                         RXTX_BITSLICE                                r  ddr_inst/inst/u_ddr4_mem_intfc/u_mig_ddr4_phy/inst/generate_block1.u_ddr_xiphy/byte_num[2].xiphy_byte_wrapper.u_xiphy_byte_wrapper/I_BITSLICE_LOWER[5].GEN_RXTX_BITSLICE_EN.u_xiphy_bitslice_lower/xiphy_rxtx_bitslice/D[2]
  -------------------------------------------------------------------    -------------------

                         (clock pll_clk[0]_DIV rise edge)
                                                      3.332     3.332 r  
    G13                                               0.000     3.332 r  c0_sys_clk_p (IN)
                         net (fo=0)                   0.079     3.411    ddr_inst/inst/u_ddr4_mem_intfc/u_mig_ddr4_phy/inst/u_ddr4_phy_pll/diff_input_clk.u_ibufg_sys_clk/I
    HPIOBDIFFINBUF_X0Y108
                         DIFFINBUF (Prop_DIFFINBUF_HPIOBDIFFINBUF_DIFF_IN_P_O)
                                                      0.453     3.864 r  ddr_inst/inst/u_ddr4_mem_intfc/u_mig_ddr4_phy/inst/u_ddr4_phy_pll/diff_input_clk.u_ibufg_sys_clk/DIFFINBUF_INST/O
                         net (fo=1, routed)           0.040     3.904    ddr_inst/inst/u_ddr4_mem_intfc/u_mig_ddr4_phy/inst/u_ddr4_phy_pll/diff_input_clk.u_ibufg_sys_clk/OUT
    G13                  IBUFCTRL (Prop_IBUFCTRL_HPIOB_M_I_O)
                                                      0.000     3.904 r  ddr_inst/inst/u_ddr4_mem_intfc/u_mig_ddr4_phy/inst/u_ddr4_phy_pll/diff_input_clk.u_ibufg_sys_clk/IBUFCTRL_INST/O
                         net (fo=2, routed)           0.333     4.237    ddr_inst/inst/u_ddr4_infrastructure/mmcm_clk_in
    MMCM_X0Y4            MMCME4_ADV (Prop_MMCM_CLKIN1_CLKOUT0)
                                                      0.630     4.867 r  ddr_inst/inst/u_ddr4_infrastructure/gen_mmcme4.u_mmcme_adv_inst/CLKOUT0
                         net (fo=1, routed)           0.215     5.082    ddr_inst/inst/u_ddr4_infrastructure/mmcm_clkout0
    BUFGCE_X0Y118        BUFGCE (Prop_BUFCE_BUFGCE_I_O)
                                                      0.024     5.106 r  ddr_inst/inst/u_ddr4_infrastructure/u_bufg_divClk/O
                         net (fo=50920, routed)       1.557     6.663    ddr_inst/inst/u_ddr4_mem_intfc/u_mig_ddr4_phy/inst/u_ddr4_phy_pll/div_clk
    PLL_X0Y7             PLLE4_ADV (Prop_PLL_CLKIN_CLKOUTPHY)
                                                     -0.713     5.950 r  ddr_inst/inst/u_ddr4_mem_intfc/u_mig_ddr4_phy/inst/u_ddr4_phy_pll/plle_loop[0].gen_plle4.PLLE4_BASE_INST_OTHER/CLKOUTPHY
                         net (fo=8, routed)           0.093     6.043    ddr_inst/inst/u_ddr4_mem_intfc/u_mig_ddr4_phy/inst/generate_block1.u_ddr_xiphy/byte_num[2].xiphy_byte_wrapper.u_xiphy_byte_wrapper/I_CONTROL[0].GEN_I_CONTROL.u_xiphy_control/pll_clk[0]
    BITSLICE_CONTROL_X0Y28
                         BITSLICE_CONTROL (Prop_CONTROL_BITSLICE_CONTROL_PLL_CLK_TX_DIV2_CLK_Q)
                                                      0.117     6.160 r  ddr_inst/inst/u_ddr4_mem_intfc/u_mig_ddr4_phy/inst/generate_block1.u_ddr_xiphy/byte_num[2].xiphy_byte_wrapper.u_xiphy_byte_wrapper/I_CONTROL[0].GEN_I_CONTROL.u_xiphy_control/xiphy_control/TX_DIV2_CLK_Q
    BITSLICE_CONTROL_X0Y28
                         BITSLICE_CONTROL (Prop_CONTROL_BITSLICE_CONTROL_TX_DIV2_CLK_Q_TX_DIV4_CLK_Q)
                                                      0.075     6.235 r  ddr_inst/inst/u_ddr4_mem_intfc/u_mig_ddr4_phy/inst/generate_block1.u_ddr_xiphy/byte_num[2].xiphy_byte_wrapper.u_xiphy_byte_wrapper/I_CONTROL[0].GEN_I_CONTROL.u_xiphy_control/xiphy_control/TX_DIV4_CLK_Q
    BITSLICE_CONTROL_X0Y28
                         BITSLICE_CONTROL (Prop_CONTROL_BITSLICE_CONTROL_TX_DIV4_CLK_Q_TX_BIT_CTRL_OUT5[26])
                                                      0.131     6.366 r  ddr_inst/inst/u_ddr4_mem_intfc/u_mig_ddr4_phy/inst/generate_block1.u_ddr_xiphy/byte_num[2].xiphy_byte_wrapper.u_xiphy_byte_wrapper/I_CONTROL[0].GEN_I_CONTROL.u_xiphy_control/xiphy_control/TX_BIT_CTRL_OUT5[26]
                         net (fo=1, routed)           0.015     6.381    ddr_inst/inst/u_ddr4_mem_intfc/u_mig_ddr4_phy/inst/generate_block1.u_ddr_xiphy/byte_num[2].xiphy_byte_wrapper.u_xiphy_byte_wrapper/I_BITSLICE_LOWER[5].GEN_RXTX_BITSLICE_EN.u_xiphy_bitslice_lower/TX_BIT_CTRL_OUT5[26]
    BITSLICE_RX_TX_X0Y187
                         RXTX_BITSLICE                                r  ddr_inst/inst/u_ddr4_mem_intfc/u_mig_ddr4_phy/inst/generate_block1.u_ddr_xiphy/byte_num[2].xiphy_byte_wrapper.u_xiphy_byte_wrapper/I_BITSLICE_LOWER[5].GEN_RXTX_BITSLICE_EN.u_xiphy_bitslice_lower/xiphy_rxtx_bitslice/TX_BIT_CTRL_IN[26]
                         clock pessimism             -0.465     5.915    
                         clock uncertainty           -0.157     5.758    
    BITSLICE_RX_TX_X0Y187
                         RXTX_BITSLICE (Setup_RXTX_BITSLICE_BITSLICE_RX_TX_TX_BIT_CTRL_IN[26]_D[2])
                                                     -0.072     5.686    ddr_inst/inst/u_ddr4_mem_intfc/u_mig_ddr4_phy/inst/generate_block1.u_ddr_xiphy/byte_num[2].xiphy_byte_wrapper.u_xiphy_byte_wrapper/I_BITSLICE_LOWER[5].GEN_RXTX_BITSLICE_EN.u_xiphy_bitslice_lower/xiphy_rxtx_bitslice
  -------------------------------------------------------------------
                         required time                          5.686    
                         arrival time                          -5.066    
  -------------------------------------------------------------------
                         slack                                  0.620    





Min Delay Paths
--------------------------------------------------------------------------------------
Slack (MET) :             0.532ns  (arrival time - required time)
  Source:                 ddr_inst/inst/u_ddr4_mem_intfc/u_ddr_cal_top/u_ddr_mc_pi/rdEn[6].u_ddr_mc_rd_en_low/rdEn_reg[2]/C
                            (rising edge-triggered cell FDRE clocked by mmcm_clkout0  {rise@0.000ns fall@1.666ns period=3.332ns})
  Destination:            ddr_inst/inst/u_ddr4_mem_intfc/u_mig_ddr4_phy/inst/generate_block1.u_ddr_xiphy/byte_num[3].xiphy_byte_wrapper.u_xiphy_byte_wrapper/I_CONTROL[0].GEN_I_CONTROL.u_xiphy_control/xiphy_control/PHY_RDEN[2]
                            (rising edge-triggered cell BITSLICE_CONTROL clocked by pll_clk[0]_DIV  {rise@0.000ns fall@1.666ns period=3.332ns})
  Path Group:             pll_clk[0]_DIV
  Path Type:              Hold (Min at Slow Process Corner)
  Requirement:            0.000ns  (pll_clk[0]_DIV rise@0.000ns - mmcm_clkout0 rise@0.000ns)
  Data Path Delay:        0.210ns  (logic 0.058ns (27.619%)  route 0.152ns (72.381%))
  Logic Levels:           0  
  Clock Path Skew:        -0.750ns (DCD - SCD - CPR)
    Destination Clock Delay (DCD):    2.277ns
    Source Clock Delay      (SCD):    3.448ns
    Clock Pessimism Removal (CPR):    -0.421ns
  Clock Uncertainty:      0.157ns  ((TSJ^2 + DJ^2)^1/2) / 2 + PE
    Total System Jitter     (TSJ):    0.071ns
    Discrete Jitter          (DJ):    0.064ns
    Phase Error              (PE):    0.109ns
  Clock Net Delay (Source):      1.674ns (routing 0.578ns, distribution 1.096ns)
  Clock Net Delay (Destination): 1.737ns (routing 0.635ns, distribution 1.102ns)

    Location             Delay type                Incr(ns)  Path(ns)    Netlist Resource(s)
  -------------------------------------------------------------------    -------------------
                         (clock mmcm_clkout0 rise edge)
                                                      0.000     0.000 r  
    G13                                               0.000     0.000 r  c0_sys_clk_p (IN)
                         net (fo=0)                   0.079     0.079    ddr_inst/inst/u_ddr4_mem_intfc/u_mig_ddr4_phy/inst/u_ddr4_phy_pll/diff_input_clk.u_ibufg_sys_clk/I
    HPIOBDIFFINBUF_X0Y108
                         DIFFINBUF (Prop_DIFFINBUF_HPIOBDIFFINBUF_DIFF_IN_P_O)
                                                      0.453     0.532 r  ddr_inst/inst/u_ddr4_mem_intfc/u_mig_ddr4_phy/inst/u_ddr4_phy_pll/diff_input_clk.u_ibufg_sys_clk/DIFFINBUF_INST/O
                         net (fo=1, routed)           0.040     0.572    ddr_inst/inst/u_ddr4_mem_intfc/u_mig_ddr4_phy/inst/u_ddr4_phy_pll/diff_input_clk.u_ibufg_sys_clk/OUT
    G13                  IBUFCTRL (Prop_IBUFCTRL_HPIOB_M_I_O)
                                                      0.000     0.572 r  ddr_inst/inst/u_ddr4_mem_intfc/u_mig_ddr4_phy/inst/u_ddr4_phy_pll/diff_input_clk.u_ibufg_sys_clk/IBUFCTRL_INST/O
                         net (fo=2, routed)           0.333     0.905    ddr_inst/inst/u_ddr4_infrastructure/mmcm_clk_in
    MMCM_X0Y4            MMCME4_ADV (Prop_MMCM_CLKIN1_CLKOUT0)
                                                      0.630     1.535 r  ddr_inst/inst/u_ddr4_infrastructure/gen_mmcme4.u_mmcme_adv_inst/CLKOUT0
                         net (fo=1, routed)           0.215     1.750    ddr_inst/inst/u_ddr4_infrastructure/mmcm_clkout0
    BUFGCE_X0Y118        BUFGCE (Prop_BUFCE_BUFGCE_I_O)
                                                      0.024     1.774 r  ddr_inst/inst/u_ddr4_infrastructure/u_bufg_divClk/O
    X4Y5 (CLOCK_ROOT)    net (fo=50920, routed)       1.674     3.448    ddr_inst/inst/u_ddr4_mem_intfc/u_ddr_cal_top/u_ddr_mc_pi/rdEn[6].u_ddr_mc_rd_en_low/rsMask_reg[7][12]_0
    SLICE_X82Y229        FDRE                                         r  ddr_inst/inst/u_ddr4_mem_intfc/u_ddr_cal_top/u_ddr_mc_pi/rdEn[6].u_ddr_mc_rd_en_low/rdEn_reg[2]/C
  -------------------------------------------------------------------    -------------------
    SLICE_X82Y229        FDRE (Prop_GFF_SLICEM_C_Q)
                                                      0.058     3.506 r  ddr_inst/inst/u_ddr4_mem_intfc/u_ddr_cal_top/u_ddr_mc_pi/rdEn[6].u_ddr_mc_rd_en_low/rdEn_reg[2]/Q
                         net (fo=1, routed)           0.152     3.658    ddr_inst/inst/u_ddr4_mem_intfc/u_mig_ddr4_phy/inst/generate_block1.u_ddr_xiphy/byte_num[3].xiphy_byte_wrapper.u_xiphy_byte_wrapper/I_CONTROL[0].GEN_I_CONTROL.u_xiphy_control/ch0_mcal_clb2phy_rden_low[2]
    BITSLICE_CONTROL_X0Y30
                         BITSLICE_CONTROL                             r  ddr_inst/inst/u_ddr4_mem_intfc/u_mig_ddr4_phy/inst/generate_block1.u_ddr_xiphy/byte_num[3].xiphy_byte_wrapper.u_xiphy_byte_wrapper/I_CONTROL[0].GEN_I_CONTROL.u_xiphy_control/xiphy_control/PHY_RDEN[2]
  -------------------------------------------------------------------    -------------------

                         (clock pll_clk[0]_DIV rise edge)
                                                      0.000     0.000 r  
    G13                                               0.000     0.000 r  c0_sys_clk_p (IN)
                         net (fo=0)                   0.100     0.100    ddr_inst/inst/u_ddr4_mem_intfc/u_mig_ddr4_phy/inst/u_ddr4_phy_pll/diff_input_clk.u_ibufg_sys_clk/I
    HPIOBDIFFINBUF_X0Y108
                         DIFFINBUF (Prop_DIFFINBUF_HPIOBDIFFINBUF_DIFF_IN_P_O)
                                                      0.549     0.649 r  ddr_inst/inst/u_ddr4_mem_intfc/u_mig_ddr4_phy/inst/u_ddr4_phy_pll/diff_input_clk.u_ibufg_sys_clk/DIFFINBUF_INST/O
                         net (fo=1, routed)           0.050     0.699    ddr_inst/inst/u_ddr4_mem_intfc/u_mig_ddr4_phy/inst/u_ddr4_phy_pll/diff_input_clk.u_ibufg_sys_clk/OUT
    G13                  IBUFCTRL (Prop_IBUFCTRL_HPIOB_M_I_O)
                                                      0.000     0.699 r  ddr_inst/inst/u_ddr4_mem_intfc/u_mig_ddr4_phy/inst/u_ddr4_phy_pll/diff_input_clk.u_ibufg_sys_clk/IBUFCTRL_INST/O
                         net (fo=2, routed)           0.384     1.083    ddr_inst/inst/u_ddr4_infrastructure/mmcm_clk_in
    MMCM_X0Y4            MMCME4_ADV (Prop_MMCM_CLKIN1_CLKOUT0)
                                                     -0.127     0.956 r  ddr_inst/inst/u_ddr4_infrastructure/gen_mmcme4.u_mmcme_adv_inst/CLKOUT0
                         net (fo=1, routed)           0.245     1.201    ddr_inst/inst/u_ddr4_infrastructure/mmcm_clkout0
    BUFGCE_X0Y118        BUFGCE (Prop_BUFCE_BUFGCE_I_O)
                                                      0.028     1.229 r  ddr_inst/inst/u_ddr4_infrastructure/u_bufg_divClk/O
    X4Y5 (CLOCK_ROOT)    net (fo=50920, routed)       1.737     2.966    ddr_inst/inst/u_ddr4_mem_intfc/u_mig_ddr4_phy/inst/u_ddr4_phy_pll/div_clk
    PLL_X0Y7             PLLE4_ADV (Prop_PLL_CLKIN_CLKOUTPHY)
                                                     -1.141     1.825 r  ddr_inst/inst/u_ddr4_mem_intfc/u_mig_ddr4_phy/inst/u_ddr4_phy_pll/plle_loop[0].gen_plle4.PLLE4_BASE_INST_OTHER/CLKOUTPHY
                         net (fo=8, routed)           0.140     1.965    ddr_inst/inst/u_ddr4_mem_intfc/u_mig_ddr4_phy/inst/generate_block1.u_ddr_xiphy/byte_num[3].xiphy_byte_wrapper.u_xiphy_byte_wrapper/I_CONTROL[0].GEN_I_CONTROL.u_xiphy_control/pll_clk[0]
    BITSLICE_CONTROL_X0Y30
                         BITSLICE_CONTROL (Prop_CONTROL_BITSLICE_CONTROL_PLL_CLK_RX_DIV2_CLK_Q)
                                                      0.193     2.158 r  ddr_inst/inst/u_ddr4_mem_intfc/u_mig_ddr4_phy/inst/generate_block1.u_ddr_xiphy/byte_num[3].xiphy_byte_wrapper.u_xiphy_byte_wrapper/I_CONTROL[0].GEN_I_CONTROL.u_xiphy_control/xiphy_control/RX_DIV2_CLK_Q
    BITSLICE_CONTROL_X0Y30
                         BITSLICE_CONTROL (Prop_CONTROL_BITSLICE_CONTROL_RX_DIV2_CLK_Q_RX_DIV4_CLK_Q)
                                                      0.119     2.277 r  ddr_inst/inst/u_ddr4_mem_intfc/u_mig_ddr4_phy/inst/generate_block1.u_ddr_xiphy/byte_num[3].xiphy_byte_wrapper.u_xiphy_byte_wrapper/I_CONTROL[0].GEN_I_CONTROL.u_xiphy_control/xiphy_control/RX_DIV4_CLK_Q
                         clock pessimism              0.421     2.698    
                         clock uncertainty            0.157     2.855    
    BITSLICE_CONTROL_X0Y30
                         BITSLICE_CONTROL (Hold_CONTROL_BITSLICE_CONTROL_RX_DIV4_CLK_Q_PHY_RDEN[2])
                                                      0.270     3.125    ddr_inst/inst/u_ddr4_mem_intfc/u_mig_ddr4_phy/inst/generate_block1.u_ddr_xiphy/byte_num[3].xiphy_byte_wrapper.u_xiphy_byte_wrapper/I_CONTROL[0].GEN_I_CONTROL.u_xiphy_control/xiphy_control
  -------------------------------------------------------------------
                         required time                         -3.125    
                         arrival time                           3.658    
  -------------------------------------------------------------------
                         slack                                  0.532    





---------------------------------------------------------------------------------------------------
From Clock:  mmcm_clkout0
  To Clock:  pll_clk[1]_DIV

Setup :            0  Failing Endpoints,  Worst Slack        0.602ns,  Total Violation        0.000ns
Hold  :            0  Failing Endpoints,  Worst Slack        0.707ns,  Total Violation        0.000ns
---------------------------------------------------------------------------------------------------


Max Delay Paths
--------------------------------------------------------------------------------------
Slack (MET) :             0.602ns  (required time - arrival time)
  Source:                 ddr_inst/inst/u_ddr4_mem_intfc/u_mig_ddr4_phy/inst/clb2phy_t_b_addr_reg[1]/C
                            (rising edge-triggered cell FDRE clocked by mmcm_clkout0  {rise@0.000ns fall@1.666ns period=3.332ns})
  Destination:            ddr_inst/inst/u_ddr4_mem_intfc/u_mig_ddr4_phy/inst/generate_block1.u_ddr_xiphy/byte_num[6].xiphy_byte_wrapper.u_xiphy_byte_wrapper/I_CONTROL[0].GEN_I_CONTROL.u_xiphy_control/xiphy_control/TBYTE_IN[1]
                            (rising edge-triggered cell BITSLICE_CONTROL clocked by pll_clk[1]_DIV  {rise@0.000ns fall@1.666ns period=3.332ns})
  Path Group:             pll_clk[1]_DIV
  Path Type:              Setup (Max at Slow Process Corner)
  Requirement:            3.332ns  (pll_clk[1]_DIV rise@3.332ns - mmcm_clkout0 rise@0.000ns)
  Data Path Delay:        1.785ns  (logic 0.081ns (4.539%)  route 1.704ns (95.461%))
  Logic Levels:           0  
  Clock Path Skew:        -0.644ns (DCD - SCD + CPR)
    Destination Clock Delay (DCD):    2.885ns = ( 6.217 - 3.332 ) 
    Source Clock Delay      (SCD):    3.104ns
    Clock Pessimism Removal (CPR):    -0.425ns
  Clock Uncertainty:      0.157ns  ((TSJ^2 + DJ^2)^1/2) / 2 + PE
    Total System Jitter     (TSJ):    0.071ns
    Discrete Jitter          (DJ):    0.064ns
    Phase Error              (PE):    0.109ns
  Clock Net Delay (Source):      1.875ns (routing 0.635ns, distribution 1.240ns)
  Clock Net Delay (Destination): 1.539ns (routing 0.578ns, distribution 0.961ns)

    Location             Delay type                Incr(ns)  Path(ns)    Netlist Resource(s)
  -------------------------------------------------------------------    -------------------
                         (clock mmcm_clkout0 rise edge)
                                                      0.000     0.000 r  
    G13                                               0.000     0.000 r  c0_sys_clk_p (IN)
                         net (fo=0)                   0.100     0.100    ddr_inst/inst/u_ddr4_mem_intfc/u_mig_ddr4_phy/inst/u_ddr4_phy_pll/diff_input_clk.u_ibufg_sys_clk/I
    HPIOBDIFFINBUF_X0Y108
                         DIFFINBUF (Prop_DIFFINBUF_HPIOBDIFFINBUF_DIFF_IN_P_O)
                                                      0.549     0.649 r  ddr_inst/inst/u_ddr4_mem_intfc/u_mig_ddr4_phy/inst/u_ddr4_phy_pll/diff_input_clk.u_ibufg_sys_clk/DIFFINBUF_INST/O
                         net (fo=1, routed)           0.050     0.699    ddr_inst/inst/u_ddr4_mem_intfc/u_mig_ddr4_phy/inst/u_ddr4_phy_pll/diff_input_clk.u_ibufg_sys_clk/OUT
    G13                  IBUFCTRL (Prop_IBUFCTRL_HPIOB_M_I_O)
                                                      0.000     0.699 r  ddr_inst/inst/u_ddr4_mem_intfc/u_mig_ddr4_phy/inst/u_ddr4_phy_pll/diff_input_clk.u_ibufg_sys_clk/IBUFCTRL_INST/O
                         net (fo=2, routed)           0.384     1.083    ddr_inst/inst/u_ddr4_infrastructure/mmcm_clk_in
    MMCM_X0Y4            MMCME4_ADV (Prop_MMCM_CLKIN1_CLKOUT0)
                                                     -0.127     0.956 r  ddr_inst/inst/u_ddr4_infrastructure/gen_mmcme4.u_mmcme_adv_inst/CLKOUT0
                         net (fo=1, routed)           0.245     1.201    ddr_inst/inst/u_ddr4_infrastructure/mmcm_clkout0
    BUFGCE_X0Y118        BUFGCE (Prop_BUFCE_BUFGCE_I_O)
                                                      0.028     1.229 r  ddr_inst/inst/u_ddr4_infrastructure/u_bufg_divClk/O
    X4Y5 (CLOCK_ROOT)    net (fo=50920, routed)       1.875     3.104    ddr_inst/inst/u_ddr4_mem_intfc/u_mig_ddr4_phy/inst/div_clk
    SLICE_X81Y250        FDRE                                         r  ddr_inst/inst/u_ddr4_mem_intfc/u_mig_ddr4_phy/inst/clb2phy_t_b_addr_reg[1]/C
  -------------------------------------------------------------------    -------------------
    SLICE_X81Y250        FDRE (Prop_GFF2_SLICEL_C_Q)
                                                      0.081     3.185 r  ddr_inst/inst/u_ddr4_mem_intfc/u_mig_ddr4_phy/inst/clb2phy_t_b_addr_reg[1]/Q
                         net (fo=8, routed)           1.704     4.889    ddr_inst/inst/u_ddr4_mem_intfc/u_mig_ddr4_phy/inst/generate_block1.u_ddr_xiphy/byte_num[6].xiphy_byte_wrapper.u_xiphy_byte_wrapper/I_CONTROL[0].GEN_I_CONTROL.u_xiphy_control/clb2phy_t_b_low[1]
    BITSLICE_CONTROL_X0Y36
                         BITSLICE_CONTROL                             r  ddr_inst/inst/u_ddr4_mem_intfc/u_mig_ddr4_phy/inst/generate_block1.u_ddr_xiphy/byte_num[6].xiphy_byte_wrapper.u_xiphy_byte_wrapper/I_CONTROL[0].GEN_I_CONTROL.u_xiphy_control/xiphy_control/TBYTE_IN[1]
  -------------------------------------------------------------------    -------------------

                         (clock pll_clk[1]_DIV rise edge)
                                                      3.332     3.332 r  
    G13                                               0.000     3.332 r  c0_sys_clk_p (IN)
                         net (fo=0)                   0.079     3.411    ddr_inst/inst/u_ddr4_mem_intfc/u_mig_ddr4_phy/inst/u_ddr4_phy_pll/diff_input_clk.u_ibufg_sys_clk/I
    HPIOBDIFFINBUF_X0Y108
                         DIFFINBUF (Prop_DIFFINBUF_HPIOBDIFFINBUF_DIFF_IN_P_O)
                                                      0.453     3.864 r  ddr_inst/inst/u_ddr4_mem_intfc/u_mig_ddr4_phy/inst/u_ddr4_phy_pll/diff_input_clk.u_ibufg_sys_clk/DIFFINBUF_INST/O
                         net (fo=1, routed)           0.040     3.904    ddr_inst/inst/u_ddr4_mem_intfc/u_mig_ddr4_phy/inst/u_ddr4_phy_pll/diff_input_clk.u_ibufg_sys_clk/OUT
    G13                  IBUFCTRL (Prop_IBUFCTRL_HPIOB_M_I_O)
                                                      0.000     3.904 r  ddr_inst/inst/u_ddr4_mem_intfc/u_mig_ddr4_phy/inst/u_ddr4_phy_pll/diff_input_clk.u_ibufg_sys_clk/IBUFCTRL_INST/O
                         net (fo=2, routed)           0.333     4.237    ddr_inst/inst/u_ddr4_infrastructure/mmcm_clk_in
    MMCM_X0Y4            MMCME4_ADV (Prop_MMCM_CLKIN1_CLKOUT0)
                                                      0.630     4.867 r  ddr_inst/inst/u_ddr4_infrastructure/gen_mmcme4.u_mmcme_adv_inst/CLKOUT0
                         net (fo=1, routed)           0.215     5.082    ddr_inst/inst/u_ddr4_infrastructure/mmcm_clkout0
    BUFGCE_X0Y118        BUFGCE (Prop_BUFCE_BUFGCE_I_O)
                                                      0.024     5.106 r  ddr_inst/inst/u_ddr4_infrastructure/u_bufg_divClk/O
    X4Y5 (CLOCK_ROOT)    net (fo=50920, routed)       1.539     6.645    ddr_inst/inst/u_ddr4_mem_intfc/u_mig_ddr4_phy/inst/u_ddr4_phy_pll/div_clk
    PLL_X0Y9             PLLE4_ADV (Prop_PLL_CLKIN_CLKOUTPHY)
                                                     -0.713     5.932 r  ddr_inst/inst/u_ddr4_mem_intfc/u_mig_ddr4_phy/inst/u_ddr4_phy_pll/plle_loop[1].gen_plle4.PLLE4_BASE_INST_OTHER/CLKOUTPHY
                         net (fo=8, routed)           0.093     6.025    ddr_inst/inst/u_ddr4_mem_intfc/u_mig_ddr4_phy/inst/generate_block1.u_ddr_xiphy/byte_num[6].xiphy_byte_wrapper.u_xiphy_byte_wrapper/I_CONTROL[0].GEN_I_CONTROL.u_xiphy_control/pll_clk[0]
    BITSLICE_CONTROL_X0Y36
                         BITSLICE_CONTROL (Prop_CONTROL_BITSLICE_CONTROL_PLL_CLK_TX_DIV2_CLK_Q)
                                                      0.117     6.142 r  ddr_inst/inst/u_ddr4_mem_intfc/u_mig_ddr4_phy/inst/generate_block1.u_ddr_xiphy/byte_num[6].xiphy_byte_wrapper.u_xiphy_byte_wrapper/I_CONTROL[0].GEN_I_CONTROL.u_xiphy_control/xiphy_control/TX_DIV2_CLK_Q
    BITSLICE_CONTROL_X0Y36
                         BITSLICE_CONTROL (Prop_CONTROL_BITSLICE_CONTROL_TX_DIV2_CLK_Q_TX_DIV4_CLK_Q)
                                                      0.075     6.217 r  ddr_inst/inst/u_ddr4_mem_intfc/u_mig_ddr4_phy/inst/generate_block1.u_ddr_xiphy/byte_num[6].xiphy_byte_wrapper.u_xiphy_byte_wrapper/I_CONTROL[0].GEN_I_CONTROL.u_xiphy_control/xiphy_control/TX_DIV4_CLK_Q
                         clock pessimism             -0.425     5.792    
                         clock uncertainty           -0.157     5.635    
    BITSLICE_CONTROL_X0Y36
                         BITSLICE_CONTROL (Setup_CONTROL_BITSLICE_CONTROL_TX_DIV4_CLK_Q_TBYTE_IN[1])
                                                     -0.144     5.491    ddr_inst/inst/u_ddr4_mem_intfc/u_mig_ddr4_phy/inst/generate_block1.u_ddr_xiphy/byte_num[6].xiphy_byte_wrapper.u_xiphy_byte_wrapper/I_CONTROL[0].GEN_I_CONTROL.u_xiphy_control/xiphy_control
  -------------------------------------------------------------------
                         required time                          5.491    
                         arrival time                          -4.889    
  -------------------------------------------------------------------
                         slack                                  0.602    





Min Delay Paths
--------------------------------------------------------------------------------------
Slack (MET) :             0.707ns  (arrival time - required time)
  Source:                 ddr_inst/inst/u_ddr4_mem_intfc/u_ddr_cal_top/mcal_ADR_dly_reg[0][14]/C
                            (rising edge-triggered cell FDRE clocked by mmcm_clkout0  {rise@0.000ns fall@1.666ns period=3.332ns})
  Destination:            ddr_inst/inst/u_ddr4_mem_intfc/u_mig_ddr4_phy/inst/generate_block1.u_ddr_xiphy/byte_num[4].xiphy_byte_wrapper.u_xiphy_byte_wrapper/I_BITSLICE_UPPER[3].GEN_RXTX_BITSLICE_EN.u_xiphy_bitslice_upper/xiphy_rxtx_bitslice/D[6]
                            (rising edge-triggered cell RXTX_BITSLICE clocked by pll_clk[1]_DIV  {rise@0.000ns fall@1.666ns period=3.332ns})
  Path Group:             pll_clk[1]_DIV
  Path Type:              Hold (Min at Slow Process Corner)
  Requirement:            0.000ns  (pll_clk[1]_DIV rise@0.000ns - mmcm_clkout0 rise@0.000ns)
  Data Path Delay:        0.323ns  (logic 0.061ns (18.902%)  route 0.262ns (81.098%))
  Logic Levels:           0  
  Clock Path Skew:        -0.615ns (DCD - SCD - CPR)
    Destination Clock Delay (DCD):    2.398ns
    Source Clock Delay      (SCD):    3.438ns
    Clock Pessimism Removal (CPR):    -0.425ns
  Clock Uncertainty:      0.157ns  ((TSJ^2 + DJ^2)^1/2) / 2 + PE
    Total System Jitter     (TSJ):    0.071ns
    Discrete Jitter          (DJ):    0.064ns
    Phase Error              (PE):    0.109ns
  Clock Net Delay (Source):      1.665ns (routing 0.578ns, distribution 1.087ns)

    Location             Delay type                Incr(ns)  Path(ns)    Netlist Resource(s)
  -------------------------------------------------------------------    -------------------
                         (clock mmcm_clkout0 rise edge)
                                                      0.000     0.000 r  
    G13                                               0.000     0.000 r  c0_sys_clk_p (IN)
                         net (fo=0)                   0.079     0.079    ddr_inst/inst/u_ddr4_mem_intfc/u_mig_ddr4_phy/inst/u_ddr4_phy_pll/diff_input_clk.u_ibufg_sys_clk/I
    HPIOBDIFFINBUF_X0Y108
                         DIFFINBUF (Prop_DIFFINBUF_HPIOBDIFFINBUF_DIFF_IN_P_O)
                                                      0.453     0.532 r  ddr_inst/inst/u_ddr4_mem_intfc/u_mig_ddr4_phy/inst/u_ddr4_phy_pll/diff_input_clk.u_ibufg_sys_clk/DIFFINBUF_INST/O
                         net (fo=1, routed)           0.040     0.572    ddr_inst/inst/u_ddr4_mem_intfc/u_mig_ddr4_phy/inst/u_ddr4_phy_pll/diff_input_clk.u_ibufg_sys_clk/OUT
    G13                  IBUFCTRL (Prop_IBUFCTRL_HPIOB_M_I_O)
                                                      0.000     0.572 r  ddr_inst/inst/u_ddr4_mem_intfc/u_mig_ddr4_phy/inst/u_ddr4_phy_pll/diff_input_clk.u_ibufg_sys_clk/IBUFCTRL_INST/O
                         net (fo=2, routed)           0.333     0.905    ddr_inst/inst/u_ddr4_infrastructure/mmcm_clk_in
    MMCM_X0Y4            MMCME4_ADV (Prop_MMCM_CLKIN1_CLKOUT0)
                                                      0.630     1.535 r  ddr_inst/inst/u_ddr4_infrastructure/gen_mmcme4.u_mmcme_adv_inst/CLKOUT0
                         net (fo=1, routed)           0.215     1.750    ddr_inst/inst/u_ddr4_infrastructure/mmcm_clkout0
    BUFGCE_X0Y118        BUFGCE (Prop_BUFCE_BUFGCE_I_O)
                                                      0.024     1.774 r  ddr_inst/inst/u_ddr4_infrastructure/u_bufg_divClk/O
    X4Y5 (CLOCK_ROOT)    net (fo=50920, routed)       1.665     3.438    ddr_inst/inst/u_ddr4_mem_intfc/u_ddr_cal_top/dReg_reg[10]
    SLICE_X82Y251        FDRE                                         r  ddr_inst/inst/u_ddr4_mem_intfc/u_ddr_cal_top/mcal_ADR_dly_reg[0][14]/C
  -------------------------------------------------------------------    -------------------
    SLICE_X82Y251        FDRE (Prop_DFF2_SLICEM_C_Q)
                                                      0.061     3.499 r  ddr_inst/inst/u_ddr4_mem_intfc/u_ddr_cal_top/mcal_ADR_dly_reg[0][14]/Q
                         net (fo=4, routed)           0.262     3.761    ddr_inst/inst/u_ddr4_mem_intfc/u_mig_ddr4_phy/inst/generate_block1.u_ddr_xiphy/byte_num[4].xiphy_byte_wrapper.u_xiphy_byte_wrapper/I_BITSLICE_UPPER[3].GEN_RXTX_BITSLICE_EN.u_xiphy_bitslice_upper/mcal_ADR[6]
    BITSLICE_RX_TX_X0Y217
                         RXTX_BITSLICE                                r  ddr_inst/inst/u_ddr4_mem_intfc/u_mig_ddr4_phy/inst/generate_block1.u_ddr_xiphy/byte_num[4].xiphy_byte_wrapper.u_xiphy_byte_wrapper/I_BITSLICE_UPPER[3].GEN_RXTX_BITSLICE_EN.u_xiphy_bitslice_upper/xiphy_rxtx_bitslice/D[6]
  -------------------------------------------------------------------    -------------------

                         (clock pll_clk[1]_DIV rise edge)
                                                      0.000     0.000 r  
    G13                                               0.000     0.000 r  c0_sys_clk_p (IN)
                         net (fo=0)                   0.100     0.100    ddr_inst/inst/u_ddr4_mem_intfc/u_mig_ddr4_phy/inst/u_ddr4_phy_pll/diff_input_clk.u_ibufg_sys_clk/I
    HPIOBDIFFINBUF_X0Y108
                         DIFFINBUF (Prop_DIFFINBUF_HPIOBDIFFINBUF_DIFF_IN_P_O)
                                                      0.549     0.649 r  ddr_inst/inst/u_ddr4_mem_intfc/u_mig_ddr4_phy/inst/u_ddr4_phy_pll/diff_input_clk.u_ibufg_sys_clk/DIFFINBUF_INST/O
                         net (fo=1, routed)           0.050     0.699    ddr_inst/inst/u_ddr4_mem_intfc/u_mig_ddr4_phy/inst/u_ddr4_phy_pll/diff_input_clk.u_ibufg_sys_clk/OUT
    G13                  IBUFCTRL (Prop_IBUFCTRL_HPIOB_M_I_O)
                                                      0.000     0.699 r  ddr_inst/inst/u_ddr4_mem_intfc/u_mig_ddr4_phy/inst/u_ddr4_phy_pll/diff_input_clk.u_ibufg_sys_clk/IBUFCTRL_INST/O
                         net (fo=2, routed)           0.384     1.083    ddr_inst/inst/u_ddr4_infrastructure/mmcm_clk_in
    MMCM_X0Y4            MMCME4_ADV (Prop_MMCM_CLKIN1_CLKOUT0)
                                                     -0.127     0.956 r  ddr_inst/inst/u_ddr4_infrastructure/gen_mmcme4.u_mmcme_adv_inst/CLKOUT0
                         net (fo=1, routed)           0.245     1.201    ddr_inst/inst/u_ddr4_infrastructure/mmcm_clkout0
    BUFGCE_X0Y118        BUFGCE (Prop_BUFCE_BUFGCE_I_O)
                                                      0.028     1.229 r  ddr_inst/inst/u_ddr4_infrastructure/u_bufg_divClk/O
                         net (fo=50920, routed)       1.715     2.944    ddr_inst/inst/u_ddr4_mem_intfc/u_mig_ddr4_phy/inst/u_ddr4_phy_pll/div_clk
    PLL_X0Y9             PLLE4_ADV (Prop_PLL_CLKIN_CLKOUTPHY)
                                                     -1.141     1.803 r  ddr_inst/inst/u_ddr4_mem_intfc/u_mig_ddr4_phy/inst/u_ddr4_phy_pll/plle_loop[1].gen_plle4.PLLE4_BASE_INST_OTHER/CLKOUTPHY
                         net (fo=8, routed)           0.137     1.940    ddr_inst/inst/u_ddr4_mem_intfc/u_mig_ddr4_phy/inst/generate_block1.u_ddr_xiphy/byte_num[4].xiphy_byte_wrapper.u_xiphy_byte_wrapper/I_CONTROL[1].GEN_I_CONTROL.u_xiphy_control/pll_clk[0]
    BITSLICE_CONTROL_X0Y33
                         BITSLICE_CONTROL (Prop_CONTROL_BITSLICE_CONTROL_PLL_CLK_TX_DIV2_CLK_Q)
                                                      0.151     2.091 r  ddr_inst/inst/u_ddr4_mem_intfc/u_mig_ddr4_phy/inst/generate_block1.u_ddr_xiphy/byte_num[4].xiphy_byte_wrapper.u_xiphy_byte_wrapper/I_CONTROL[1].GEN_I_CONTROL.u_xiphy_control/xiphy_control/TX_DIV2_CLK_Q
    BITSLICE_CONTROL_X0Y33
                         BITSLICE_CONTROL (Prop_CONTROL_BITSLICE_CONTROL_TX_DIV2_CLK_Q_TX_DIV4_CLK_Q)
                                                      0.109     2.200 r  ddr_inst/inst/u_ddr4_mem_intfc/u_mig_ddr4_phy/inst/generate_block1.u_ddr_xiphy/byte_num[4].xiphy_byte_wrapper.u_xiphy_byte_wrapper/I_CONTROL[1].GEN_I_CONTROL.u_xiphy_control/xiphy_control/TX_DIV4_CLK_Q
    BITSLICE_CONTROL_X0Y33
                         BITSLICE_CONTROL (Prop_CONTROL_BITSLICE_CONTROL_TX_DIV4_CLK_Q_TX_BIT_CTRL_OUT3[26])
                                                      0.177     2.377 r  ddr_inst/inst/u_ddr4_mem_intfc/u_mig_ddr4_phy/inst/generate_block1.u_ddr_xiphy/byte_num[4].xiphy_byte_wrapper.u_xiphy_byte_wrapper/I_CONTROL[1].GEN_I_CONTROL.u_xiphy_control/xiphy_control/TX_BIT_CTRL_OUT3[26]
                         net (fo=1, routed)           0.021     2.398    ddr_inst/inst/u_ddr4_mem_intfc/u_mig_ddr4_phy/inst/generate_block1.u_ddr_xiphy/byte_num[4].xiphy_byte_wrapper.u_xiphy_byte_wrapper/I_BITSLICE_UPPER[3].GEN_RXTX_BITSLICE_EN.u_xiphy_bitslice_upper/TX_BIT_CTRL_OUT3[26]
    BITSLICE_RX_TX_X0Y217
                         RXTX_BITSLICE                                r  ddr_inst/inst/u_ddr4_mem_intfc/u_mig_ddr4_phy/inst/generate_block1.u_ddr_xiphy/byte_num[4].xiphy_byte_wrapper.u_xiphy_byte_wrapper/I_BITSLICE_UPPER[3].GEN_RXTX_BITSLICE_EN.u_xiphy_bitslice_upper/xiphy_rxtx_bitslice/TX_BIT_CTRL_IN[26]
                         clock pessimism              0.425     2.823    
                         clock uncertainty            0.157     2.980    
    BITSLICE_RX_TX_X0Y217
                         RXTX_BITSLICE (Hold_RXTX_BITSLICE_BITSLICE_RX_TX_TX_BIT_CTRL_IN[26]_D[6])
                                                      0.074     3.054    ddr_inst/inst/u_ddr4_mem_intfc/u_mig_ddr4_phy/inst/generate_block1.u_ddr_xiphy/byte_num[4].xiphy_byte_wrapper.u_xiphy_byte_wrapper/I_BITSLICE_UPPER[3].GEN_RXTX_BITSLICE_EN.u_xiphy_bitslice_upper/xiphy_rxtx_bitslice
  -------------------------------------------------------------------
                         required time                         -3.054    
                         arrival time                           3.761    
  -------------------------------------------------------------------
                         slack                                  0.707    





---------------------------------------------------------------------------------------------------
From Clock:  mmcm_clkout0
  To Clock:  pll_clk[2]_DIV

Setup :            0  Failing Endpoints,  Worst Slack        0.545ns,  Total Violation        0.000ns
Hold  :            0  Failing Endpoints,  Worst Slack        0.663ns,  Total Violation        0.000ns
---------------------------------------------------------------------------------------------------


Max Delay Paths
--------------------------------------------------------------------------------------
Slack (MET) :             0.545ns  (required time - arrival time)
  Source:                 ddr_inst/inst/u_ddr4_mem_intfc/u_ddr_cal_top/u_ddr_mc_pi/u_ddr_mc_write/oe_upp_reg[3]/C
                            (rising edge-triggered cell FDRE clocked by mmcm_clkout0  {rise@0.000ns fall@1.666ns period=3.332ns})
  Destination:            ddr_inst/inst/u_ddr4_mem_intfc/u_mig_ddr4_phy/inst/generate_block1.u_ddr_xiphy/byte_num[11].xiphy_byte_wrapper.u_xiphy_byte_wrapper/I_CONTROL[1].GEN_I_CONTROL.u_xiphy_control/xiphy_control/TBYTE_IN[3]
                            (rising edge-triggered cell BITSLICE_CONTROL clocked by pll_clk[2]_DIV  {rise@0.000ns fall@1.666ns period=3.332ns})
  Path Group:             pll_clk[2]_DIV
  Path Type:              Setup (Max at Slow Process Corner)
  Requirement:            3.332ns  (pll_clk[2]_DIV rise@3.332ns - mmcm_clkout0 rise@0.000ns)
  Data Path Delay:        1.818ns  (logic 0.079ns (4.345%)  route 1.739ns (95.655%))
  Logic Levels:           0  
  Clock Path Skew:        -0.719ns (DCD - SCD + CPR)
    Destination Clock Delay (DCD):    2.864ns = ( 6.196 - 3.332 ) 
    Source Clock Delay      (SCD):    3.090ns
    Clock Pessimism Removal (CPR):    -0.492ns
  Clock Uncertainty:      0.157ns  ((TSJ^2 + DJ^2)^1/2) / 2 + PE
    Total System Jitter     (TSJ):    0.071ns
    Discrete Jitter          (DJ):    0.064ns
    Phase Error              (PE):    0.109ns
  Clock Net Delay (Source):      1.861ns (routing 0.635ns, distribution 1.226ns)
  Clock Net Delay (Destination): 1.523ns (routing 0.578ns, distribution 0.945ns)

    Location             Delay type                Incr(ns)  Path(ns)    Netlist Resource(s)
  -------------------------------------------------------------------    -------------------
                         (clock mmcm_clkout0 rise edge)
                                                      0.000     0.000 r  
    G13                                               0.000     0.000 r  c0_sys_clk_p (IN)
                         net (fo=0)                   0.100     0.100    ddr_inst/inst/u_ddr4_mem_intfc/u_mig_ddr4_phy/inst/u_ddr4_phy_pll/diff_input_clk.u_ibufg_sys_clk/I
    HPIOBDIFFINBUF_X0Y108
                         DIFFINBUF (Prop_DIFFINBUF_HPIOBDIFFINBUF_DIFF_IN_P_O)
                                                      0.549     0.649 r  ddr_inst/inst/u_ddr4_mem_intfc/u_mig_ddr4_phy/inst/u_ddr4_phy_pll/diff_input_clk.u_ibufg_sys_clk/DIFFINBUF_INST/O
                         net (fo=1, routed)           0.050     0.699    ddr_inst/inst/u_ddr4_mem_intfc/u_mig_ddr4_phy/inst/u_ddr4_phy_pll/diff_input_clk.u_ibufg_sys_clk/OUT
    G13                  IBUFCTRL (Prop_IBUFCTRL_HPIOB_M_I_O)
                                                      0.000     0.699 r  ddr_inst/inst/u_ddr4_mem_intfc/u_mig_ddr4_phy/inst/u_ddr4_phy_pll/diff_input_clk.u_ibufg_sys_clk/IBUFCTRL_INST/O
                         net (fo=2, routed)           0.384     1.083    ddr_inst/inst/u_ddr4_infrastructure/mmcm_clk_in
    MMCM_X0Y4            MMCME4_ADV (Prop_MMCM_CLKIN1_CLKOUT0)
                                                     -0.127     0.956 r  ddr_inst/inst/u_ddr4_infrastructure/gen_mmcme4.u_mmcme_adv_inst/CLKOUT0
                         net (fo=1, routed)           0.245     1.201    ddr_inst/inst/u_ddr4_infrastructure/mmcm_clkout0
    BUFGCE_X0Y118        BUFGCE (Prop_BUFCE_BUFGCE_I_O)
                                                      0.028     1.229 r  ddr_inst/inst/u_ddr4_infrastructure/u_bufg_divClk/O
    X4Y5 (CLOCK_ROOT)    net (fo=50920, routed)       1.861     3.090    ddr_inst/inst/u_ddr4_mem_intfc/u_ddr_cal_top/u_ddr_mc_pi/u_ddr_mc_write/dReg_reg[10]
    SLICE_X81Y255        FDRE                                         r  ddr_inst/inst/u_ddr4_mem_intfc/u_ddr_cal_top/u_ddr_mc_pi/u_ddr_mc_write/oe_upp_reg[3]/C
  -------------------------------------------------------------------    -------------------
    SLICE_X81Y255        FDRE (Prop_FFF_SLICEL_C_Q)
                                                      0.079     3.169 r  ddr_inst/inst/u_ddr4_mem_intfc/u_ddr_cal_top/u_ddr_mc_pi/u_ddr_mc_write/oe_upp_reg[3]/Q
                         net (fo=8, routed)           1.739     4.908    ddr_inst/inst/u_ddr4_mem_intfc/u_mig_ddr4_phy/inst/generate_block1.u_ddr_xiphy/byte_num[11].xiphy_byte_wrapper.u_xiphy_byte_wrapper/I_CONTROL[1].GEN_I_CONTROL.u_xiphy_control/ch0_mcal_clb2phy_t_b_upp[3]
    BITSLICE_CONTROL_X0Y47
                         BITSLICE_CONTROL                             r  ddr_inst/inst/u_ddr4_mem_intfc/u_mig_ddr4_phy/inst/generate_block1.u_ddr_xiphy/byte_num[11].xiphy_byte_wrapper.u_xiphy_byte_wrapper/I_CONTROL[1].GEN_I_CONTROL.u_xiphy_control/xiphy_control/TBYTE_IN[3]
  -------------------------------------------------------------------    -------------------

                         (clock pll_clk[2]_DIV rise edge)
                                                      3.332     3.332 f  
    G13                                               0.000     3.332 f  c0_sys_clk_p (IN)
                         net (fo=0)                   0.079     3.411    ddr_inst/inst/u_ddr4_mem_intfc/u_mig_ddr4_phy/inst/u_ddr4_phy_pll/diff_input_clk.u_ibufg_sys_clk/I
    HPIOBDIFFINBUF_X0Y108
                         DIFFINBUF (Prop_DIFFINBUF_HPIOBDIFFINBUF_DIFF_IN_P_O)
                                                      0.453     3.864 f  ddr_inst/inst/u_ddr4_mem_intfc/u_mig_ddr4_phy/inst/u_ddr4_phy_pll/diff_input_clk.u_ibufg_sys_clk/DIFFINBUF_INST/O
                         net (fo=1, routed)           0.040     3.904    ddr_inst/inst/u_ddr4_mem_intfc/u_mig_ddr4_phy/inst/u_ddr4_phy_pll/diff_input_clk.u_ibufg_sys_clk/OUT
    G13                  IBUFCTRL (Prop_IBUFCTRL_HPIOB_M_I_O)
                                                      0.000     3.904 f  ddr_inst/inst/u_ddr4_mem_intfc/u_mig_ddr4_phy/inst/u_ddr4_phy_pll/diff_input_clk.u_ibufg_sys_clk/IBUFCTRL_INST/O
                         net (fo=2, routed)           0.333     4.237    ddr_inst/inst/u_ddr4_infrastructure/mmcm_clk_in
    MMCM_X0Y4            MMCME4_ADV (Prop_MMCM_CLKIN1_CLKOUT0)
                                                      0.630     4.867 f  ddr_inst/inst/u_ddr4_infrastructure/gen_mmcme4.u_mmcme_adv_inst/CLKOUT0
                         net (fo=1, routed)           0.215     5.082    ddr_inst/inst/u_ddr4_infrastructure/mmcm_clkout0
    BUFGCE_X0Y118        BUFGCE (Prop_BUFCE_BUFGCE_I_O)
                                                      0.024     5.106 f  ddr_inst/inst/u_ddr4_infrastructure/u_bufg_divClk/O
    X4Y5 (CLOCK_ROOT)    net (fo=50920, routed)       1.523     6.629    ddr_inst/inst/u_ddr4_mem_intfc/u_mig_ddr4_phy/inst/u_ddr4_phy_pll/div_clk
    PLL_X0Y11            PLLE4_ADV (Prop_PLL_CLKIN_CLKOUTPHY)
                                                     -0.713     5.916 f  ddr_inst/inst/u_ddr4_mem_intfc/u_mig_ddr4_phy/inst/u_ddr4_phy_pll/plle_loop[2].gen_plle4.PLLE4_BASE_INST_OTHER/CLKOUTPHY
                         net (fo=8, routed)           0.099     6.015    ddr_inst/inst/u_ddr4_mem_intfc/u_mig_ddr4_phy/inst/generate_block1.u_ddr_xiphy/byte_num[11].xiphy_byte_wrapper.u_xiphy_byte_wrapper/I_CONTROL[1].GEN_I_CONTROL.u_xiphy_control/pll_clk[0]
    BITSLICE_CONTROL_X0Y47
                         BITSLICE_CONTROL (Prop_CONTROL_BITSLICE_CONTROL_PLL_CLK_TX_DIV2_CLK_Q)
                                                      0.106     6.121 r  ddr_inst/inst/u_ddr4_mem_intfc/u_mig_ddr4_phy/inst/generate_block1.u_ddr_xiphy/byte_num[11].xiphy_byte_wrapper.u_xiphy_byte_wrapper/I_CONTROL[1].GEN_I_CONTROL.u_xiphy_control/xiphy_control/TX_DIV2_CLK_Q
    BITSLICE_CONTROL_X0Y47
                         BITSLICE_CONTROL (Prop_CONTROL_BITSLICE_CONTROL_TX_DIV2_CLK_Q_TX_DIV4_CLK_Q)
                                                      0.075     6.196 r  ddr_inst/inst/u_ddr4_mem_intfc/u_mig_ddr4_phy/inst/generate_block1.u_ddr_xiphy/byte_num[11].xiphy_byte_wrapper.u_xiphy_byte_wrapper/I_CONTROL[1].GEN_I_CONTROL.u_xiphy_control/xiphy_control/TX_DIV4_CLK_Q
                         clock pessimism             -0.492     5.703    
                         clock uncertainty           -0.157     5.546    
    BITSLICE_CONTROL_X0Y47
                         BITSLICE_CONTROL (Setup_CONTROL_BITSLICE_CONTROL_TX_DIV4_CLK_Q_TBYTE_IN[3])
                                                     -0.093     5.453    ddr_inst/inst/u_ddr4_mem_intfc/u_mig_ddr4_phy/inst/generate_block1.u_ddr_xiphy/byte_num[11].xiphy_byte_wrapper.u_xiphy_byte_wrapper/I_CONTROL[1].GEN_I_CONTROL.u_xiphy_control/xiphy_control
  -------------------------------------------------------------------
                         required time                          5.453    
                         arrival time                          -4.908    
  -------------------------------------------------------------------
                         slack                                  0.545    





Min Delay Paths
--------------------------------------------------------------------------------------
Slack (MET) :             0.663ns  (arrival time - required time)
  Source:                 ddr_inst/inst/u_ddr4_mem_intfc/u_ddr_cal_top/u_ddr_mc_pi/u_ddr_mc_write/genByte[1].u_ddr_mc_wr_byte/u_ddr_mc_wr_dm/dReg_reg[5]/C
                            (rising edge-triggered cell FDRE clocked by mmcm_clkout0  {rise@0.000ns fall@1.666ns period=3.332ns})
  Destination:            ddr_inst/inst/u_ddr4_mem_intfc/u_mig_ddr4_phy/inst/generate_block1.u_ddr_xiphy/byte_num[8].xiphy_byte_wrapper.u_xiphy_byte_wrapper/I_BITSLICE_LOWER[0].GEN_RXTX_BITSLICE_EN.u_xiphy_bitslice_lower/xiphy_rxtx_bitslice/D[5]
                            (rising edge-triggered cell RXTX_BITSLICE clocked by pll_clk[2]_DIV  {rise@0.000ns fall@1.666ns period=3.332ns})
  Path Group:             pll_clk[2]_DIV
  Path Type:              Hold (Min at Slow Process Corner)
  Requirement:            0.000ns  (pll_clk[2]_DIV rise@0.000ns - mmcm_clkout0 rise@0.000ns)
  Data Path Delay:        0.354ns  (logic 0.058ns (16.384%)  route 0.296ns (83.616%))
  Logic Levels:           0  
  Clock Path Skew:        -0.532ns (DCD - SCD - CPR)
    Destination Clock Delay (DCD):    2.411ns
    Source Clock Delay      (SCD):    3.436ns
    Clock Pessimism Removal (CPR):    -0.493ns
  Clock Uncertainty:      0.157ns  ((TSJ^2 + DJ^2)^1/2) / 2 + PE
    Total System Jitter     (TSJ):    0.071ns
    Discrete Jitter          (DJ):    0.064ns
    Phase Error              (PE):    0.109ns
  Clock Net Delay (Source):      1.663ns (routing 0.578ns, distribution 1.085ns)

    Location             Delay type                Incr(ns)  Path(ns)    Netlist Resource(s)
  -------------------------------------------------------------------    -------------------
                         (clock mmcm_clkout0 rise edge)
                                                      0.000     0.000 r  
    G13                                               0.000     0.000 r  c0_sys_clk_p (IN)
                         net (fo=0)                   0.079     0.079    ddr_inst/inst/u_ddr4_mem_intfc/u_mig_ddr4_phy/inst/u_ddr4_phy_pll/diff_input_clk.u_ibufg_sys_clk/I
    HPIOBDIFFINBUF_X0Y108
                         DIFFINBUF (Prop_DIFFINBUF_HPIOBDIFFINBUF_DIFF_IN_P_O)
                                                      0.453     0.532 r  ddr_inst/inst/u_ddr4_mem_intfc/u_mig_ddr4_phy/inst/u_ddr4_phy_pll/diff_input_clk.u_ibufg_sys_clk/DIFFINBUF_INST/O
                         net (fo=1, routed)           0.040     0.572    ddr_inst/inst/u_ddr4_mem_intfc/u_mig_ddr4_phy/inst/u_ddr4_phy_pll/diff_input_clk.u_ibufg_sys_clk/OUT
    G13                  IBUFCTRL (Prop_IBUFCTRL_HPIOB_M_I_O)
                                                      0.000     0.572 r  ddr_inst/inst/u_ddr4_mem_intfc/u_mig_ddr4_phy/inst/u_ddr4_phy_pll/diff_input_clk.u_ibufg_sys_clk/IBUFCTRL_INST/O
                         net (fo=2, routed)           0.333     0.905    ddr_inst/inst/u_ddr4_infrastructure/mmcm_clk_in
    MMCM_X0Y4            MMCME4_ADV (Prop_MMCM_CLKIN1_CLKOUT0)
                                                      0.630     1.535 r  ddr_inst/inst/u_ddr4_infrastructure/gen_mmcme4.u_mmcme_adv_inst/CLKOUT0
                         net (fo=1, routed)           0.215     1.750    ddr_inst/inst/u_ddr4_infrastructure/mmcm_clkout0
    BUFGCE_X0Y118        BUFGCE (Prop_BUFCE_BUFGCE_I_O)
                                                      0.024     1.774 r  ddr_inst/inst/u_ddr4_infrastructure/u_bufg_divClk/O
    X4Y5 (CLOCK_ROOT)    net (fo=50920, routed)       1.663     3.436    ddr_inst/inst/u_ddr4_mem_intfc/u_ddr_cal_top/u_ddr_mc_pi/u_ddr_mc_write/genByte[1].u_ddr_mc_wr_byte/u_ddr_mc_wr_dm/dReg_reg[10]_0
    SLICE_X82Y296        FDRE                                         r  ddr_inst/inst/u_ddr4_mem_intfc/u_ddr_cal_top/u_ddr_mc_pi/u_ddr_mc_write/genByte[1].u_ddr_mc_wr_byte/u_ddr_mc_wr_dm/dReg_reg[5]/C
  -------------------------------------------------------------------    -------------------
    SLICE_X82Y296        FDRE (Prop_GFF_SLICEM_C_Q)
                                                      0.058     3.494 r  ddr_inst/inst/u_ddr4_mem_intfc/u_ddr_cal_top/u_ddr_mc_pi/u_ddr_mc_write/genByte[1].u_ddr_mc_wr_byte/u_ddr_mc_wr_dm/dReg_reg[5]/Q
                         net (fo=1, routed)           0.296     3.790    ddr_inst/inst/u_ddr4_mem_intfc/u_mig_ddr4_phy/inst/generate_block1.u_ddr_xiphy/byte_num[8].xiphy_byte_wrapper.u_xiphy_byte_wrapper/I_BITSLICE_LOWER[0].GEN_RXTX_BITSLICE_EN.u_xiphy_bitslice_lower/clb2phy_wr_dq0[5]
    BITSLICE_RX_TX_X0Y260
                         RXTX_BITSLICE                                r  ddr_inst/inst/u_ddr4_mem_intfc/u_mig_ddr4_phy/inst/generate_block1.u_ddr_xiphy/byte_num[8].xiphy_byte_wrapper.u_xiphy_byte_wrapper/I_BITSLICE_LOWER[0].GEN_RXTX_BITSLICE_EN.u_xiphy_bitslice_lower/xiphy_rxtx_bitslice/D[5]
  -------------------------------------------------------------------    -------------------

                         (clock pll_clk[2]_DIV rise edge)
                                                      0.000     0.000 r  
    G13                                               0.000     0.000 r  c0_sys_clk_p (IN)
                         net (fo=0)                   0.100     0.100    ddr_inst/inst/u_ddr4_mem_intfc/u_mig_ddr4_phy/inst/u_ddr4_phy_pll/diff_input_clk.u_ibufg_sys_clk/I
    HPIOBDIFFINBUF_X0Y108
                         DIFFINBUF (Prop_DIFFINBUF_HPIOBDIFFINBUF_DIFF_IN_P_O)
                                                      0.549     0.649 r  ddr_inst/inst/u_ddr4_mem_intfc/u_mig_ddr4_phy/inst/u_ddr4_phy_pll/diff_input_clk.u_ibufg_sys_clk/DIFFINBUF_INST/O
                         net (fo=1, routed)           0.050     0.699    ddr_inst/inst/u_ddr4_mem_intfc/u_mig_ddr4_phy/inst/u_ddr4_phy_pll/diff_input_clk.u_ibufg_sys_clk/OUT
    G13                  IBUFCTRL (Prop_IBUFCTRL_HPIOB_M_I_O)
                                                      0.000     0.699 r  ddr_inst/inst/u_ddr4_mem_intfc/u_mig_ddr4_phy/inst/u_ddr4_phy_pll/diff_input_clk.u_ibufg_sys_clk/IBUFCTRL_INST/O
                         net (fo=2, routed)           0.384     1.083    ddr_inst/inst/u_ddr4_infrastructure/mmcm_clk_in
    MMCM_X0Y4            MMCME4_ADV (Prop_MMCM_CLKIN1_CLKOUT0)
                                                     -0.127     0.956 r  ddr_inst/inst/u_ddr4_infrastructure/gen_mmcme4.u_mmcme_adv_inst/CLKOUT0
                         net (fo=1, routed)           0.245     1.201    ddr_inst/inst/u_ddr4_infrastructure/mmcm_clkout0
    BUFGCE_X0Y118        BUFGCE (Prop_BUFCE_BUFGCE_I_O)
                                                      0.028     1.229 r  ddr_inst/inst/u_ddr4_infrastructure/u_bufg_divClk/O
                         net (fo=50920, routed)       1.693     2.922    ddr_inst/inst/u_ddr4_mem_intfc/u_mig_ddr4_phy/inst/u_ddr4_phy_pll/div_clk
    PLL_X0Y11            PLLE4_ADV (Prop_PLL_CLKIN_CLKOUTPHY)
                                                     -1.141     1.781 r  ddr_inst/inst/u_ddr4_mem_intfc/u_mig_ddr4_phy/inst/u_ddr4_phy_pll/plle_loop[2].gen_plle4.PLLE4_BASE_INST_OTHER/CLKOUTPHY
                         net (fo=8, routed)           0.139     1.920    ddr_inst/inst/u_ddr4_mem_intfc/u_mig_ddr4_phy/inst/generate_block1.u_ddr_xiphy/byte_num[8].xiphy_byte_wrapper.u_xiphy_byte_wrapper/I_CONTROL[0].GEN_I_CONTROL.u_xiphy_control/pll_clk[0]
    BITSLICE_CONTROL_X0Y40
                         BITSLICE_CONTROL (Prop_CONTROL_BITSLICE_CONTROL_PLL_CLK_TX_DIV2_CLK_Q)
                                                      0.177     2.097 r  ddr_inst/inst/u_ddr4_mem_intfc/u_mig_ddr4_phy/inst/generate_block1.u_ddr_xiphy/byte_num[8].xiphy_byte_wrapper.u_xiphy_byte_wrapper/I_CONTROL[0].GEN_I_CONTROL.u_xiphy_control/xiphy_control/TX_DIV2_CLK_Q
    BITSLICE_CONTROL_X0Y40
                         BITSLICE_CONTROL (Prop_CONTROL_BITSLICE_CONTROL_TX_DIV2_CLK_Q_TX_DIV4_CLK_Q)
                                                      0.109     2.206 r  ddr_inst/inst/u_ddr4_mem_intfc/u_mig_ddr4_phy/inst/generate_block1.u_ddr_xiphy/byte_num[8].xiphy_byte_wrapper.u_xiphy_byte_wrapper/I_CONTROL[0].GEN_I_CONTROL.u_xiphy_control/xiphy_control/TX_DIV4_CLK_Q
    BITSLICE_CONTROL_X0Y40
                         BITSLICE_CONTROL (Prop_CONTROL_BITSLICE_CONTROL_TX_DIV4_CLK_Q_TX_BIT_CTRL_OUT0[26])
                                                      0.162     2.368 r  ddr_inst/inst/u_ddr4_mem_intfc/u_mig_ddr4_phy/inst/generate_block1.u_ddr_xiphy/byte_num[8].xiphy_byte_wrapper.u_xiphy_byte_wrapper/I_CONTROL[0].GEN_I_CONTROL.u_xiphy_control/xiphy_control/TX_BIT_CTRL_OUT0[26]
                         net (fo=1, routed)           0.043     2.411    ddr_inst/inst/u_ddr4_mem_intfc/u_mig_ddr4_phy/inst/generate_block1.u_ddr_xiphy/byte_num[8].xiphy_byte_wrapper.u_xiphy_byte_wrapper/I_BITSLICE_LOWER[0].GEN_RXTX_BITSLICE_EN.u_xiphy_bitslice_lower/TX_BIT_CTRL_OUT0[26]
    BITSLICE_RX_TX_X0Y260
                         RXTX_BITSLICE                                r  ddr_inst/inst/u_ddr4_mem_intfc/u_mig_ddr4_phy/inst/generate_block1.u_ddr_xiphy/byte_num[8].xiphy_byte_wrapper.u_xiphy_byte_wrapper/I_BITSLICE_LOWER[0].GEN_RXTX_BITSLICE_EN.u_xiphy_bitslice_lower/xiphy_rxtx_bitslice/TX_BIT_CTRL_IN[26]
                         clock pessimism              0.493     2.904    
                         clock uncertainty            0.157     3.061    
    BITSLICE_RX_TX_X0Y260
                         RXTX_BITSLICE (Hold_RXTX_BITSLICE_BITSLICE_RX_TX_TX_BIT_CTRL_IN[26]_D[5])
                                                      0.066     3.127    ddr_inst/inst/u_ddr4_mem_intfc/u_mig_ddr4_phy/inst/generate_block1.u_ddr_xiphy/byte_num[8].xiphy_byte_wrapper.u_xiphy_byte_wrapper/I_BITSLICE_LOWER[0].GEN_RXTX_BITSLICE_EN.u_xiphy_bitslice_lower/xiphy_rxtx_bitslice
  -------------------------------------------------------------------
                         required time                         -3.127    
                         arrival time                           3.790    
  -------------------------------------------------------------------
                         slack                                  0.663    





---------------------------------------------------------------------------------------------------
From Clock:  mmcm_clkout0
  To Clock:  mmcm_clkout5

Setup :            0  Failing Endpoints,  Worst Slack       11.476ns,  Total Violation        0.000ns
Hold  :           NA  Failing Endpoints,  Worst Slack           NA  ,  Total Violation           NA
---------------------------------------------------------------------------------------------------


Max Delay Paths
--------------------------------------------------------------------------------------
Slack (MET) :             11.476ns  (required time - arrival time)
  Source:                 ddr_inst/inst/u_ddr4_mem_intfc/u_ddr_cal_top/u_ddr_cal/u_xsdb_arbiter/slave_do_fclk_reg[8]/C
                            (rising edge-triggered cell FDRE clocked by mmcm_clkout0  {rise@0.000ns fall@1.666ns period=3.332ns})
  Destination:            ddr_inst/inst/u_ddr4_mem_intfc/u_ddr_cal_top/u_ddr_cal/u_xsdb_arbiter/u_slave_do_sync/SYNC[8].sync_reg_reg[0]/D
                            (rising edge-triggered cell FDRE clocked by mmcm_clkout5  {rise@0.000ns fall@6.664ns period=13.328ns})
  Path Group:             mmcm_clkout5
  Path Type:              Setup (Max at Slow Process Corner)
  Requirement:            12.000ns  (MaxDelay Path 12.000ns)
  Data Path Delay:        0.549ns  (logic 0.080ns (14.572%)  route 0.469ns (85.428%))
  Logic Levels:           0  
  Timing Exception:       MaxDelay Path 12.000ns -datapath_only

    Location             Delay type                Incr(ns)  Path(ns)    Netlist Resource(s)
  -------------------------------------------------------------------    -------------------
    SLICE_X92Y227                                     0.000     0.000 r  ddr_inst/inst/u_ddr4_mem_intfc/u_ddr_cal_top/u_ddr_cal/u_xsdb_arbiter/slave_do_fclk_reg[8]/C
    SLICE_X92Y227        FDRE (Prop_HFF2_SLICEL_C_Q)
                                                      0.080     0.080 r  ddr_inst/inst/u_ddr4_mem_intfc/u_ddr_cal_top/u_ddr_cal/u_xsdb_arbiter/slave_do_fclk_reg[8]/Q
                         net (fo=1, routed)           0.469     0.549    ddr_inst/inst/u_ddr4_mem_intfc/u_ddr_cal_top/u_ddr_cal/u_xsdb_arbiter/u_slave_do_sync/out[8]
    SLICE_X96Y229        FDRE                                         r  ddr_inst/inst/u_ddr4_mem_intfc/u_ddr_cal_top/u_ddr_cal/u_xsdb_arbiter/u_slave_do_sync/SYNC[8].sync_reg_reg[0]/D
  -------------------------------------------------------------------    -------------------

                         max delay                   12.000    12.000    
    SLICE_X96Y229        FDRE (Setup_CFF2_SLICEM_C_D)
                                                      0.025    12.025    ddr_inst/inst/u_ddr4_mem_intfc/u_ddr_cal_top/u_ddr_cal/u_xsdb_arbiter/u_slave_do_sync/SYNC[8].sync_reg_reg[0]
  -------------------------------------------------------------------
                         required time                         12.025    
                         arrival time                          -0.549    
  -------------------------------------------------------------------
                         slack                                 11.476    





---------------------------------------------------------------------------------------------------
From Clock:  clk_100_mmcm
  To Clock:  mmcm_clkout5

Setup :            0  Failing Endpoints,  Worst Slack        9.436ns,  Total Violation        0.000ns
Hold  :           NA  Failing Endpoints,  Worst Slack           NA  ,  Total Violation           NA
---------------------------------------------------------------------------------------------------


Max Delay Paths
--------------------------------------------------------------------------------------
Slack (MET) :             9.436ns  (required time - arrival time)
  Source:                 jtag_lite/inst/jtag_axi_engine_u/rd_cmd_fifo_i/inst_fifo_gen/gconvfifo.rf/grf.rf/gntv_or_sync_fifo.gcx.clkx/rd_pntr_cdc_inst/src_gray_ff_reg[0]/C
                            (rising edge-triggered cell FDRE clocked by clk_100_mmcm  {rise@0.000ns fall@5.000ns period=10.000ns})
  Destination:            jtag_lite/inst/jtag_axi_engine_u/rd_cmd_fifo_i/inst_fifo_gen/gconvfifo.rf/grf.rf/gntv_or_sync_fifo.gcx.clkx/rd_pntr_cdc_inst/dest_graysync_ff_reg[0][0]/D
                            (rising edge-triggered cell FDRE clocked by mmcm_clkout5  {rise@0.000ns fall@6.664ns period=13.328ns})
  Path Group:             mmcm_clkout5
  Path Type:              Setup (Max at Slow Process Corner)
  Requirement:            10.000ns  (MaxDelay Path 10.000ns)
  Data Path Delay:        0.589ns  (logic 0.079ns (13.413%)  route 0.510ns (86.587%))
  Logic Levels:           0  
  Timing Exception:       MaxDelay Path 10.000ns -datapath_only

    Location             Delay type                Incr(ns)  Path(ns)    Netlist Resource(s)
  -------------------------------------------------------------------    -------------------
    SLICE_X74Y476                                     0.000     0.000 r  jtag_lite/inst/jtag_axi_engine_u/rd_cmd_fifo_i/inst_fifo_gen/gconvfifo.rf/grf.rf/gntv_or_sync_fifo.gcx.clkx/rd_pntr_cdc_inst/src_gray_ff_reg[0]/C
    SLICE_X74Y476        FDRE (Prop_HFF_SLICEL_C_Q)
                                                      0.079     0.079 r  jtag_lite/inst/jtag_axi_engine_u/rd_cmd_fifo_i/inst_fifo_gen/gconvfifo.rf/grf.rf/gntv_or_sync_fifo.gcx.clkx/rd_pntr_cdc_inst/src_gray_ff_reg[0]/Q
                         net (fo=1, routed)           0.510     0.589    jtag_lite/inst/jtag_axi_engine_u/rd_cmd_fifo_i/inst_fifo_gen/gconvfifo.rf/grf.rf/gntv_or_sync_fifo.gcx.clkx/rd_pntr_cdc_inst/async_path[0]
    SLICE_X77Y475        FDRE                                         r  jtag_lite/inst/jtag_axi_engine_u/rd_cmd_fifo_i/inst_fifo_gen/gconvfifo.rf/grf.rf/gntv_or_sync_fifo.gcx.clkx/rd_pntr_cdc_inst/dest_graysync_ff_reg[0][0]/D
  -------------------------------------------------------------------    -------------------

                         max delay                   10.000    10.000    
    SLICE_X77Y475        FDRE (Setup_DFF2_SLICEL_C_D)
                                                      0.025    10.025    jtag_lite/inst/jtag_axi_engine_u/rd_cmd_fifo_i/inst_fifo_gen/gconvfifo.rf/grf.rf/gntv_or_sync_fifo.gcx.clkx/rd_pntr_cdc_inst/dest_graysync_ff_reg[0][0]
  -------------------------------------------------------------------
                         required time                         10.025    
                         arrival time                          -0.589    
  -------------------------------------------------------------------
                         slack                                  9.436    





---------------------------------------------------------------------------------------------------
From Clock:  clk_200_mmcm
  To Clock:  mmcm_clkout5

Setup :            0  Failing Endpoints,  Worst Slack        4.319ns,  Total Violation        0.000ns
Hold  :           NA  Failing Endpoints,  Worst Slack           NA  ,  Total Violation           NA
---------------------------------------------------------------------------------------------------


Max Delay Paths
--------------------------------------------------------------------------------------
Slack (MET) :             4.319ns  (required time - arrival time)
  Source:                 jtag_mem/inst/jtag_axi_engine_u/rx_fifo_i/inst_fifo_gen/gconvfifo.rf/grf.rf/gntv_or_sync_fifo.gcx.clkx/wr_pntr_cdc_inst/src_gray_ff_reg[3]/C
                            (rising edge-triggered cell FDRE clocked by clk_200_mmcm  {rise@0.000ns fall@2.500ns period=5.000ns})
  Destination:            jtag_mem/inst/jtag_axi_engine_u/rx_fifo_i/inst_fifo_gen/gconvfifo.rf/grf.rf/gntv_or_sync_fifo.gcx.clkx/wr_pntr_cdc_inst/dest_graysync_ff_reg[0][3]/D
                            (rising edge-triggered cell FDRE clocked by mmcm_clkout5  {rise@0.000ns fall@6.664ns period=13.328ns})
  Path Group:             mmcm_clkout5
  Path Type:              Setup (Max at Slow Process Corner)
  Requirement:            5.000ns  (MaxDelay Path 5.000ns)
  Data Path Delay:        0.706ns  (logic 0.081ns (11.473%)  route 0.625ns (88.527%))
  Logic Levels:           0  
  Timing Exception:       MaxDelay Path 5.000ns -datapath_only

    Location             Delay type                Incr(ns)  Path(ns)    Netlist Resource(s)
  -------------------------------------------------------------------    -------------------
    SLICE_X65Y345                                     0.000     0.000 r  jtag_mem/inst/jtag_axi_engine_u/rx_fifo_i/inst_fifo_gen/gconvfifo.rf/grf.rf/gntv_or_sync_fifo.gcx.clkx/wr_pntr_cdc_inst/src_gray_ff_reg[3]/C
    SLICE_X65Y345        FDRE (Prop_GFF2_SLICEL_C_Q)
                                                      0.081     0.081 r  jtag_mem/inst/jtag_axi_engine_u/rx_fifo_i/inst_fifo_gen/gconvfifo.rf/grf.rf/gntv_or_sync_fifo.gcx.clkx/wr_pntr_cdc_inst/src_gray_ff_reg[3]/Q
                         net (fo=1, routed)           0.625     0.706    jtag_mem/inst/jtag_axi_engine_u/rx_fifo_i/inst_fifo_gen/gconvfifo.rf/grf.rf/gntv_or_sync_fifo.gcx.clkx/wr_pntr_cdc_inst/async_path[3]
    SLICE_X65Y347        FDRE                                         r  jtag_mem/inst/jtag_axi_engine_u/rx_fifo_i/inst_fifo_gen/gconvfifo.rf/grf.rf/gntv_or_sync_fifo.gcx.clkx/wr_pntr_cdc_inst/dest_graysync_ff_reg[0][3]/D
  -------------------------------------------------------------------    -------------------

                         max delay                    5.000     5.000    
    SLICE_X65Y347        FDRE (Setup_HFF2_SLICEL_C_D)
                                                      0.025     5.025    jtag_mem/inst/jtag_axi_engine_u/rx_fifo_i/inst_fifo_gen/gconvfifo.rf/grf.rf/gntv_or_sync_fifo.gcx.clkx/wr_pntr_cdc_inst/dest_graysync_ff_reg[0][3]
  -------------------------------------------------------------------
                         required time                          5.025    
                         arrival time                          -0.706    
  -------------------------------------------------------------------
                         slack                                  4.319    





---------------------------------------------------------------------------------------------------
From Clock:  dbg_hub/inst/BSCANID.u_xsdbm_id/SWITCH_N_EXT_BSCAN.bscan_inst/SERIES7_BSCAN.bscan_inst/INTERNAL_TCK
  To Clock:  mmcm_clkout5

Setup :            0  Failing Endpoints,  Worst Slack       49.531ns,  Total Violation        0.000ns
Hold  :           NA  Failing Endpoints,  Worst Slack           NA  ,  Total Violation           NA
---------------------------------------------------------------------------------------------------


Max Delay Paths
--------------------------------------------------------------------------------------
Slack (MET) :             49.531ns  (required time - arrival time)
  Source:                 dbg_hub/inst/BSCANID.u_xsdbm_id/CORE_XSDB.UUT_MASTER/U_ICON_INTERFACE/U_CMD6_RD/U_RD_FIFO/SUBCORE_FIFO.xsdbm_v3_0_0_rdfifo_inst/inst_fifo_gen/gconvfifo.rf/grf.rf/gntv_or_sync_fifo.gcx.clkx/gnxpm_cdc.rd_pntr_gc_reg[1]/C
                            (rising edge-triggered cell FDCE clocked by dbg_hub/inst/BSCANID.u_xsdbm_id/SWITCH_N_EXT_BSCAN.bscan_inst/SERIES7_BSCAN.bscan_inst/INTERNAL_TCK  {rise@0.000ns fall@25.000ns period=50.000ns})
  Destination:            dbg_hub/inst/BSCANID.u_xsdbm_id/CORE_XSDB.UUT_MASTER/U_ICON_INTERFACE/U_CMD6_RD/U_RD_FIFO/SUBCORE_FIFO.xsdbm_v3_0_0_rdfifo_inst/inst_fifo_gen/gconvfifo.rf/grf.rf/gntv_or_sync_fifo.gcx.clkx/gnxpm_cdc.gsync_stage[1].wr_stg_inst/Q_reg_reg[1]/D
                            (rising edge-triggered cell FDCE clocked by mmcm_clkout5  {rise@0.000ns fall@6.664ns period=13.328ns})
  Path Group:             mmcm_clkout5
  Path Type:              Setup (Max at Slow Process Corner)
  Requirement:            50.000ns  (MaxDelay Path 50.000ns)
  Data Path Delay:        0.494ns  (logic 0.077ns (15.587%)  route 0.417ns (84.413%))
  Logic Levels:           0  
  Timing Exception:       MaxDelay Path 50.000ns -datapath_only

    Location             Delay type                Incr(ns)  Path(ns)    Netlist Resource(s)
  -------------------------------------------------------------------    -------------------
    SLICE_X103Y302                                    0.000     0.000 r  dbg_hub/inst/BSCANID.u_xsdbm_id/CORE_XSDB.UUT_MASTER/U_ICON_INTERFACE/U_CMD6_RD/U_RD_FIFO/SUBCORE_FIFO.xsdbm_v3_0_0_rdfifo_inst/inst_fifo_gen/gconvfifo.rf/grf.rf/gntv_or_sync_fifo.gcx.clkx/gnxpm_cdc.rd_pntr_gc_reg[1]/C
    SLICE_X103Y302       FDCE (Prop_CFF2_SLICEM_C_Q)
                                                      0.077     0.077 r  dbg_hub/inst/BSCANID.u_xsdbm_id/CORE_XSDB.UUT_MASTER/U_ICON_INTERFACE/U_CMD6_RD/U_RD_FIFO/SUBCORE_FIFO.xsdbm_v3_0_0_rdfifo_inst/inst_fifo_gen/gconvfifo.rf/grf.rf/gntv_or_sync_fifo.gcx.clkx/gnxpm_cdc.rd_pntr_gc_reg[1]/Q
                         net (fo=1, routed)           0.417     0.494    dbg_hub/inst/BSCANID.u_xsdbm_id/CORE_XSDB.UUT_MASTER/U_ICON_INTERFACE/U_CMD6_RD/U_RD_FIFO/SUBCORE_FIFO.xsdbm_v3_0_0_rdfifo_inst/inst_fifo_gen/gconvfifo.rf/grf.rf/gntv_or_sync_fifo.gcx.clkx/gnxpm_cdc.gsync_stage[1].wr_stg_inst/Q[1]
    SLICE_X103Y303       FDCE                                         r  dbg_hub/inst/BSCANID.u_xsdbm_id/CORE_XSDB.UUT_MASTER/U_ICON_INTERFACE/U_CMD6_RD/U_RD_FIFO/SUBCORE_FIFO.xsdbm_v3_0_0_rdfifo_inst/inst_fifo_gen/gconvfifo.rf/grf.rf/gntv_or_sync_fifo.gcx.clkx/gnxpm_cdc.gsync_stage[1].wr_stg_inst/Q_reg_reg[1]/D
  -------------------------------------------------------------------    -------------------

                         max delay                   50.000    50.000    
    SLICE_X103Y303       FDCE (Setup_AFF2_SLICEM_C_D)
                                                      0.025    50.025    dbg_hub/inst/BSCANID.u_xsdbm_id/CORE_XSDB.UUT_MASTER/U_ICON_INTERFACE/U_CMD6_RD/U_RD_FIFO/SUBCORE_FIFO.xsdbm_v3_0_0_rdfifo_inst/inst_fifo_gen/gconvfifo.rf/grf.rf/gntv_or_sync_fifo.gcx.clkx/gnxpm_cdc.gsync_stage[1].wr_stg_inst/Q_reg_reg[1]
  -------------------------------------------------------------------
                         required time                         50.025    
                         arrival time                          -0.494    
  -------------------------------------------------------------------
                         slack                                 49.531    





---------------------------------------------------------------------------------------------------
From Clock:  mmcm_clkout0
  To Clock:  mmcm_clkout6

Setup :            0  Failing Endpoints,  Worst Slack        1.177ns,  Total Violation        0.000ns
Hold  :            0  Failing Endpoints,  Worst Slack        0.483ns,  Total Violation        0.000ns
---------------------------------------------------------------------------------------------------


Max Delay Paths
--------------------------------------------------------------------------------------
Slack (MET) :             1.177ns  (required time - arrival time)
  Source:                 ddr_inst/inst/u_ddr4_mem_intfc/u_ddr_cal_top/sample_gts_reg/C
                            (rising edge-triggered cell FDRE clocked by mmcm_clkout0  {rise@0.000ns fall@1.666ns period=3.332ns})
  Destination:            ddr_inst/inst/u_ddr4_mem_intfc/u_ddr_cal_riu/sample_gts_riu_reg/D
                            (rising edge-triggered cell FDRE clocked by mmcm_clkout6  {rise@0.000ns fall@3.332ns period=6.664ns})
  Path Group:             mmcm_clkout6
  Path Type:              Setup (Max at Slow Process Corner)
  Requirement:            3.332ns  (mmcm_clkout6 rise@6.664ns - mmcm_clkout0 rise@3.332ns)
  Data Path Delay:        1.750ns  (logic 0.079ns (4.514%)  route 1.671ns (95.486%))
  Logic Levels:           0  
  Clock Path Skew:        -0.254ns (DCD - SCD + CPR)
    Destination Clock Delay (DCD):    3.427ns = ( 10.091 - 6.664 ) 
    Source Clock Delay      (SCD):    3.102ns = ( 6.434 - 3.332 ) 
    Clock Pessimism Removal (CPR):    -0.578ns
  Clock Uncertainty:      0.176ns  ((TSJ^2 + DJ^2)^1/2) / 2 + PE
    Total System Jitter     (TSJ):    0.071ns
    Discrete Jitter          (DJ):    0.088ns
    Phase Error              (PE):    0.120ns
  Clock Net Delay (Source):      1.873ns (routing 0.635ns, distribution 1.238ns)
  Clock Net Delay (Destination): 1.642ns (routing 0.575ns, distribution 1.067ns)

    Location             Delay type                Incr(ns)  Path(ns)    Netlist Resource(s)
  -------------------------------------------------------------------    -------------------
                         (clock mmcm_clkout0 rise edge)
                                                      3.332     3.332 r  
    G13                                               0.000     3.332 r  c0_sys_clk_p (IN)
                         net (fo=0)                   0.100     3.432    ddr_inst/inst/u_ddr4_mem_intfc/u_mig_ddr4_phy/inst/u_ddr4_phy_pll/diff_input_clk.u_ibufg_sys_clk/I
    HPIOBDIFFINBUF_X0Y108
                         DIFFINBUF (Prop_DIFFINBUF_HPIOBDIFFINBUF_DIFF_IN_P_O)
                                                      0.549     3.981 r  ddr_inst/inst/u_ddr4_mem_intfc/u_mig_ddr4_phy/inst/u_ddr4_phy_pll/diff_input_clk.u_ibufg_sys_clk/DIFFINBUF_INST/O
                         net (fo=1, routed)           0.050     4.031    ddr_inst/inst/u_ddr4_mem_intfc/u_mig_ddr4_phy/inst/u_ddr4_phy_pll/diff_input_clk.u_ibufg_sys_clk/OUT
    G13                  IBUFCTRL (Prop_IBUFCTRL_HPIOB_M_I_O)
                                                      0.000     4.031 r  ddr_inst/inst/u_ddr4_mem_intfc/u_mig_ddr4_phy/inst/u_ddr4_phy_pll/diff_input_clk.u_ibufg_sys_clk/IBUFCTRL_INST/O
                         net (fo=2, routed)           0.384     4.415    ddr_inst/inst/u_ddr4_infrastructure/mmcm_clk_in
    MMCM_X0Y4            MMCME4_ADV (Prop_MMCM_CLKIN1_CLKOUT0)
                                                     -0.127     4.288 r  ddr_inst/inst/u_ddr4_infrastructure/gen_mmcme4.u_mmcme_adv_inst/CLKOUT0
                         net (fo=1, routed)           0.245     4.533    ddr_inst/inst/u_ddr4_infrastructure/mmcm_clkout0
    BUFGCE_X0Y118        BUFGCE (Prop_BUFCE_BUFGCE_I_O)
                                                      0.028     4.561 r  ddr_inst/inst/u_ddr4_infrastructure/u_bufg_divClk/O
    X4Y5 (CLOCK_ROOT)    net (fo=50920, routed)       1.873     6.434    ddr_inst/inst/u_ddr4_mem_intfc/u_ddr_cal_top/dReg_reg[10]
    SLICE_X81Y243        FDRE                                         r  ddr_inst/inst/u_ddr4_mem_intfc/u_ddr_cal_top/sample_gts_reg/C
  -------------------------------------------------------------------    -------------------
    SLICE_X81Y243        FDRE (Prop_DFF_SLICEL_C_Q)
                                                      0.079     6.513 r  ddr_inst/inst/u_ddr4_mem_intfc/u_ddr_cal_top/sample_gts_reg/Q
                         net (fo=1, routed)           1.671     8.184    ddr_inst/inst/u_ddr4_mem_intfc/u_ddr_cal_riu/sample_gts
    SLICE_X86Y249        FDRE                                         r  ddr_inst/inst/u_ddr4_mem_intfc/u_ddr_cal_riu/sample_gts_riu_reg/D
  -------------------------------------------------------------------    -------------------

                         (clock mmcm_clkout6 rise edge)
                                                      6.664     6.664 r  
    G13                                               0.000     6.664 r  c0_sys_clk_p (IN)
                         net (fo=0)                   0.079     6.743    ddr_inst/inst/u_ddr4_mem_intfc/u_mig_ddr4_phy/inst/u_ddr4_phy_pll/diff_input_clk.u_ibufg_sys_clk/I
    HPIOBDIFFINBUF_X0Y108
                         DIFFINBUF (Prop_DIFFINBUF_HPIOBDIFFINBUF_DIFF_IN_P_O)
                                                      0.453     7.196 r  ddr_inst/inst/u_ddr4_mem_intfc/u_mig_ddr4_phy/inst/u_ddr4_phy_pll/diff_input_clk.u_ibufg_sys_clk/DIFFINBUF_INST/O
                         net (fo=1, routed)           0.040     7.236    ddr_inst/inst/u_ddr4_mem_intfc/u_mig_ddr4_phy/inst/u_ddr4_phy_pll/diff_input_clk.u_ibufg_sys_clk/OUT
    G13                  IBUFCTRL (Prop_IBUFCTRL_HPIOB_M_I_O)
                                                      0.000     7.236 r  ddr_inst/inst/u_ddr4_mem_intfc/u_mig_ddr4_phy/inst/u_ddr4_phy_pll/diff_input_clk.u_ibufg_sys_clk/IBUFCTRL_INST/O
                         net (fo=2, routed)           0.333     7.569    ddr_inst/inst/u_ddr4_infrastructure/mmcm_clk_in
    MMCM_X0Y4            MMCME4_ADV (Prop_MMCM_CLKIN1_CLKOUT6)
                                                      0.630     8.199 r  ddr_inst/inst/u_ddr4_infrastructure/gen_mmcme4.u_mmcme_adv_inst/CLKOUT6
                         net (fo=1, routed)           0.226     8.425    ddr_inst/inst/u_ddr4_infrastructure/mmcm_clkout6
    BUFGCE_X0Y116        BUFGCE (Prop_BUFCE_BUFGCE_I_O)
                                                      0.024     8.449 r  ddr_inst/inst/u_ddr4_infrastructure/u_bufg_riuClk/O
    X4Y5 (CLOCK_ROOT)    net (fo=1761, routed)        1.642    10.091    ddr_inst/inst/u_ddr4_mem_intfc/u_ddr_cal_riu/CLK
    SLICE_X86Y249        FDRE                                         r  ddr_inst/inst/u_ddr4_mem_intfc/u_ddr_cal_riu/sample_gts_riu_reg/C
                         clock pessimism             -0.578     9.512    
                         clock uncertainty           -0.176     9.336    
    SLICE_X86Y249        FDRE (Setup_EFF_SLICEM_C_D)
                                                      0.025     9.361    ddr_inst/inst/u_ddr4_mem_intfc/u_ddr_cal_riu/sample_gts_riu_reg
  -------------------------------------------------------------------
                         required time                          9.361    
                         arrival time                          -8.184    
  -------------------------------------------------------------------
                         slack                                  1.177    





Min Delay Paths
--------------------------------------------------------------------------------------
Slack (MET) :             0.483ns  (arrival time - required time)
  Source:                 ddr_inst/inst/u_ddr4_mem_intfc/u_ddr_cal_top/sample_gts_reg/C
                            (rising edge-triggered cell FDRE clocked by mmcm_clkout0  {rise@0.000ns fall@1.666ns period=3.332ns})
  Destination:            ddr_inst/inst/u_ddr4_mem_intfc/u_ddr_cal_riu/sample_gts_riu_reg/D
                            (rising edge-triggered cell FDRE clocked by mmcm_clkout6  {rise@0.000ns fall@3.332ns period=6.664ns})
  Path Group:             mmcm_clkout6
  Path Type:              Hold (Min at Fast Process Corner)
  Requirement:            0.000ns  (mmcm_clkout6 rise@0.000ns - mmcm_clkout0 rise@0.000ns)
  Data Path Delay:        0.857ns  (logic 0.039ns (4.551%)  route 0.818ns (95.449%))
  Logic Levels:           0  
  Clock Path Skew:        0.151ns (DCD - SCD - CPR)
    Destination Clock Delay (DCD):    1.828ns
    Source Clock Delay      (SCD):    2.046ns
    Clock Pessimism Removal (CPR):    -0.369ns
  Clock Uncertainty:      0.176ns  ((TSJ^2 + DJ^2)^1/2) / 2 + PE
    Total System Jitter     (TSJ):    0.071ns
    Discrete Jitter          (DJ):    0.088ns
    Phase Error              (PE):    0.120ns
  Clock Net Delay (Source):      1.031ns (routing 0.349ns, distribution 0.682ns)
  Clock Net Delay (Destination): 1.150ns (routing 0.387ns, distribution 0.763ns)

    Location             Delay type                Incr(ns)  Path(ns)    Netlist Resource(s)
  -------------------------------------------------------------------    -------------------
                         (clock mmcm_clkout0 rise edge)
                                                      0.000     0.000 r  
    G13                                               0.000     0.000 r  c0_sys_clk_p (IN)
                         net (fo=0)                   0.079     0.079    ddr_inst/inst/u_ddr4_mem_intfc/u_mig_ddr4_phy/inst/u_ddr4_phy_pll/diff_input_clk.u_ibufg_sys_clk/I
    HPIOBDIFFINBUF_X0Y108
                         DIFFINBUF (Prop_DIFFINBUF_HPIOBDIFFINBUF_DIFF_IN_P_O)
                                                      0.308     0.387 r  ddr_inst/inst/u_ddr4_mem_intfc/u_mig_ddr4_phy/inst/u_ddr4_phy_pll/diff_input_clk.u_ibufg_sys_clk/DIFFINBUF_INST/O
                         net (fo=1, routed)           0.040     0.427    ddr_inst/inst/u_ddr4_mem_intfc/u_mig_ddr4_phy/inst/u_ddr4_phy_pll/diff_input_clk.u_ibufg_sys_clk/OUT
    G13                  IBUFCTRL (Prop_IBUFCTRL_HPIOB_M_I_O)
                                                      0.000     0.427 r  ddr_inst/inst/u_ddr4_mem_intfc/u_mig_ddr4_phy/inst/u_ddr4_phy_pll/diff_input_clk.u_ibufg_sys_clk/IBUFCTRL_INST/O
                         net (fo=2, routed)           0.196     0.623    ddr_inst/inst/u_ddr4_infrastructure/mmcm_clk_in
    MMCM_X0Y4            MMCME4_ADV (Prop_MMCM_CLKIN1_CLKOUT0)
                                                      0.230     0.853 r  ddr_inst/inst/u_ddr4_infrastructure/gen_mmcme4.u_mmcme_adv_inst/CLKOUT0
                         net (fo=1, routed)           0.146     0.999    ddr_inst/inst/u_ddr4_infrastructure/mmcm_clkout0
    BUFGCE_X0Y118        BUFGCE (Prop_BUFCE_BUFGCE_I_O)
                                                      0.017     1.016 r  ddr_inst/inst/u_ddr4_infrastructure/u_bufg_divClk/O
    X4Y5 (CLOCK_ROOT)    net (fo=50920, routed)       1.031     2.046    ddr_inst/inst/u_ddr4_mem_intfc/u_ddr_cal_top/dReg_reg[10]
    SLICE_X81Y243        FDRE                                         r  ddr_inst/inst/u_ddr4_mem_intfc/u_ddr_cal_top/sample_gts_reg/C
  -------------------------------------------------------------------    -------------------
    SLICE_X81Y243        FDRE (Prop_DFF_SLICEL_C_Q)
                                                      0.039     2.085 r  ddr_inst/inst/u_ddr4_mem_intfc/u_ddr_cal_top/sample_gts_reg/Q
                         net (fo=1, routed)           0.818     2.903    ddr_inst/inst/u_ddr4_mem_intfc/u_ddr_cal_riu/sample_gts
    SLICE_X86Y249        FDRE                                         r  ddr_inst/inst/u_ddr4_mem_intfc/u_ddr_cal_riu/sample_gts_riu_reg/D
  -------------------------------------------------------------------    -------------------

                         (clock mmcm_clkout6 rise edge)
                                                      0.000     0.000 r  
    G13                                               0.000     0.000 r  c0_sys_clk_p (IN)
                         net (fo=0)                   0.100     0.100    ddr_inst/inst/u_ddr4_mem_intfc/u_mig_ddr4_phy/inst/u_ddr4_phy_pll/diff_input_clk.u_ibufg_sys_clk/I
    HPIOBDIFFINBUF_X0Y108
                         DIFFINBUF (Prop_DIFFINBUF_HPIOBDIFFINBUF_DIFF_IN_P_O)
                                                      0.406     0.506 r  ddr_inst/inst/u_ddr4_mem_intfc/u_mig_ddr4_phy/inst/u_ddr4_phy_pll/diff_input_clk.u_ibufg_sys_clk/DIFFINBUF_INST/O
                         net (fo=1, routed)           0.050     0.556    ddr_inst/inst/u_ddr4_mem_intfc/u_mig_ddr4_phy/inst/u_ddr4_phy_pll/diff_input_clk.u_ibufg_sys_clk/OUT
    G13                  IBUFCTRL (Prop_IBUFCTRL_HPIOB_M_I_O)
                                                      0.000     0.556 r  ddr_inst/inst/u_ddr4_mem_intfc/u_mig_ddr4_phy/inst/u_ddr4_phy_pll/diff_input_clk.u_ibufg_sys_clk/IBUFCTRL_INST/O
                         net (fo=2, routed)           0.222     0.778    ddr_inst/inst/u_ddr4_infrastructure/mmcm_clk_in
    MMCM_X0Y4            MMCME4_ADV (Prop_MMCM_CLKIN1_CLKOUT6)
                                                     -0.295     0.483 r  ddr_inst/inst/u_ddr4_infrastructure/gen_mmcme4.u_mmcme_adv_inst/CLKOUT6
                         net (fo=1, routed)           0.176     0.659    ddr_inst/inst/u_ddr4_infrastructure/mmcm_clkout6
    BUFGCE_X0Y116        BUFGCE (Prop_BUFCE_BUFGCE_I_O)
                                                      0.019     0.678 r  ddr_inst/inst/u_ddr4_infrastructure/u_bufg_riuClk/O
    X4Y5 (CLOCK_ROOT)    net (fo=1761, routed)        1.150     1.828    ddr_inst/inst/u_ddr4_mem_intfc/u_ddr_cal_riu/CLK
    SLICE_X86Y249        FDRE                                         r  ddr_inst/inst/u_ddr4_mem_intfc/u_ddr_cal_riu/sample_gts_riu_reg/C
                         clock pessimism              0.369     2.198    
                         clock uncertainty            0.176     2.374    
    SLICE_X86Y249        FDRE (Hold_EFF_SLICEM_C_D)
                                                      0.046     2.420    ddr_inst/inst/u_ddr4_mem_intfc/u_ddr_cal_riu/sample_gts_riu_reg
  -------------------------------------------------------------------
                         required time                         -2.420    
                         arrival time                           2.903    
  -------------------------------------------------------------------
                         slack                                  0.483    





---------------------------------------------------------------------------------------------------
From Clock:  mmcm_clkout5
  To Clock:  clk_100_mmcm

Setup :            0  Failing Endpoints,  Worst Slack      999.517ns,  Total Violation        0.000ns
Hold  :           NA  Failing Endpoints,  Worst Slack           NA  ,  Total Violation           NA
---------------------------------------------------------------------------------------------------


Max Delay Paths
--------------------------------------------------------------------------------------
Slack (MET) :             999.517ns  (required time - arrival time)
  Source:                 jtag_lite/inst/jtag_axi_engine_u/tx_fifo_i/inst_fifo_gen/gconvfifo.rf/grf.rf/gntv_or_sync_fifo.gcx.clkx/wr_pntr_cdc_inst/src_gray_ff_reg[4]/C
                            (rising edge-triggered cell FDRE clocked by mmcm_clkout5  {rise@0.000ns fall@6.664ns period=13.328ns})
  Destination:            jtag_lite/inst/jtag_axi_engine_u/tx_fifo_i/inst_fifo_gen/gconvfifo.rf/grf.rf/gntv_or_sync_fifo.gcx.clkx/wr_pntr_cdc_inst/dest_graysync_ff_reg[0][4]/D
                            (rising edge-triggered cell FDRE clocked by clk_100_mmcm  {rise@0.000ns fall@5.000ns period=10.000ns})
  Path Group:             clk_100_mmcm
  Path Type:              Setup (Max at Slow Process Corner)
  Requirement:            1000.000ns  (MaxDelay Path 1000.000ns)
  Data Path Delay:        0.508ns  (logic 0.079ns (15.551%)  route 0.429ns (84.449%))
  Logic Levels:           0  
  Timing Exception:       MaxDelay Path 1000.000ns -datapath_only

    Location             Delay type                Incr(ns)  Path(ns)    Netlist Resource(s)
  -------------------------------------------------------------------    -------------------
    SLICE_X55Y474                                     0.000     0.000 r  jtag_lite/inst/jtag_axi_engine_u/tx_fifo_i/inst_fifo_gen/gconvfifo.rf/grf.rf/gntv_or_sync_fifo.gcx.clkx/wr_pntr_cdc_inst/src_gray_ff_reg[4]/C
    SLICE_X55Y474        FDRE (Prop_GFF_SLICEL_C_Q)
                                                      0.079     0.079 r  jtag_lite/inst/jtag_axi_engine_u/tx_fifo_i/inst_fifo_gen/gconvfifo.rf/grf.rf/gntv_or_sync_fifo.gcx.clkx/wr_pntr_cdc_inst/src_gray_ff_reg[4]/Q
                         net (fo=1, routed)           0.429     0.508    jtag_lite/inst/jtag_axi_engine_u/tx_fifo_i/inst_fifo_gen/gconvfifo.rf/grf.rf/gntv_or_sync_fifo.gcx.clkx/wr_pntr_cdc_inst/async_path[4]
    SLICE_X53Y474        FDRE                                         r  jtag_lite/inst/jtag_axi_engine_u/tx_fifo_i/inst_fifo_gen/gconvfifo.rf/grf.rf/gntv_or_sync_fifo.gcx.clkx/wr_pntr_cdc_inst/dest_graysync_ff_reg[0][4]/D
  -------------------------------------------------------------------    -------------------

                         max delay                 1000.000  1000.000    
    SLICE_X53Y474        FDRE (Setup_GFF2_SLICEM_C_D)
                                                      0.025  1000.025    jtag_lite/inst/jtag_axi_engine_u/tx_fifo_i/inst_fifo_gen/gconvfifo.rf/grf.rf/gntv_or_sync_fifo.gcx.clkx/wr_pntr_cdc_inst/dest_graysync_ff_reg[0][4]
  -------------------------------------------------------------------
                         required time                       1000.025    
                         arrival time                          -0.508    
  -------------------------------------------------------------------
                         slack                                999.517    





---------------------------------------------------------------------------------------------------
From Clock:  clk_200_mmcm
  To Clock:  clk_100_mmcm

Setup :            0  Failing Endpoints,  Worst Slack        4.044ns,  Total Violation        0.000ns
Hold  :           NA  Failing Endpoints,  Worst Slack           NA  ,  Total Violation           NA
---------------------------------------------------------------------------------------------------


Max Delay Paths
--------------------------------------------------------------------------------------
Slack (MET) :             4.044ns  (required time - arrival time)
  Source:                 ernic_inst/inst/u_xpm_fifo_axil_wrap/xpm_fifo_axil_inst/axi_read_data_channel.xpm_fifo_base_rdch_dut/gen_sdpram.xpm_memory_base_inst/gen_wr_a.gen_word_narrow.mem_reg_0_15_0_13/RAMA/CLK
                            (rising edge-triggered cell RAMD32 clocked by clk_200_mmcm  {rise@0.000ns fall@2.500ns period=5.000ns})
  Destination:            ernic_inst/inst/u_xpm_fifo_axil_wrap/xpm_fifo_axil_inst/axi_read_data_channel.xpm_fifo_base_rdch_dut/gen_sdpram.xpm_memory_base_inst/gen_rd_b.gen_rd_b_synth_template.gen_nc_narrow_pipe.doutb_reg_reg[0]/D
                            (rising edge-triggered cell FDRE clocked by clk_100_mmcm  {rise@0.000ns fall@5.000ns period=10.000ns})
  Path Group:             clk_100_mmcm
  Path Type:              Setup (Max at Slow Process Corner)
  Requirement:            5.000ns  (MaxDelay Path 5.000ns)
  Data Path Delay:        0.981ns  (logic 0.289ns (29.460%)  route 0.692ns (70.540%))
  Logic Levels:           0  
  Timing Exception:       MaxDelay Path 5.000ns -datapath_only

    Location             Delay type                Incr(ns)  Path(ns)    Netlist Resource(s)
  -------------------------------------------------------------------    -------------------
    SLICE_X67Y472                                     0.000     0.000 r  ernic_inst/inst/u_xpm_fifo_axil_wrap/xpm_fifo_axil_inst/axi_read_data_channel.xpm_fifo_base_rdch_dut/gen_sdpram.xpm_memory_base_inst/gen_wr_a.gen_word_narrow.mem_reg_0_15_0_13/RAMA/CLK
    SLICE_X67Y472        RAMD32 (Prop_A5LUT_SLICEM_CLK_O)
                                                      0.289     0.289 r  ernic_inst/inst/u_xpm_fifo_axil_wrap/xpm_fifo_axil_inst/axi_read_data_channel.xpm_fifo_base_rdch_dut/gen_sdpram.xpm_memory_base_inst/gen_wr_a.gen_word_narrow.mem_reg_0_15_0_13/RAMA/O
                         net (fo=1, routed)           0.692     0.981    ernic_inst/inst/u_xpm_fifo_axil_wrap/xpm_fifo_axil_inst/axi_read_data_channel.xpm_fifo_base_rdch_dut/gen_sdpram.xpm_memory_base_inst/gen_rd_b.gen_rd_b_synth_template.gen_nc_narrow_pipe.doutb_reg_reg0[0]
    SLICE_X67Y473        FDRE                                         r  ernic_inst/inst/u_xpm_fifo_axil_wrap/xpm_fifo_axil_inst/axi_read_data_channel.xpm_fifo_base_rdch_dut/gen_sdpram.xpm_memory_base_inst/gen_rd_b.gen_rd_b_synth_template.gen_nc_narrow_pipe.doutb_reg_reg[0]/D
  -------------------------------------------------------------------    -------------------

                         max delay                    5.000     5.000    
    SLICE_X67Y473        FDRE (Setup_DFF_SLICEM_C_D)
                                                      0.025     5.025    ernic_inst/inst/u_xpm_fifo_axil_wrap/xpm_fifo_axil_inst/axi_read_data_channel.xpm_fifo_base_rdch_dut/gen_sdpram.xpm_memory_base_inst/gen_rd_b.gen_rd_b_synth_template.gen_nc_narrow_pipe.doutb_reg_reg[0]
  -------------------------------------------------------------------
                         required time                          5.025    
                         arrival time                          -0.981    
  -------------------------------------------------------------------
                         slack                                  4.044    





---------------------------------------------------------------------------------------------------
From Clock:  mmcm_clkout0
  To Clock:  clk_200_mmcm

Setup :            0  Failing Endpoints,  Worst Slack        2.184ns,  Total Violation        0.000ns
Hold  :           NA  Failing Endpoints,  Worst Slack           NA  ,  Total Violation           NA
---------------------------------------------------------------------------------------------------


Max Delay Paths
--------------------------------------------------------------------------------------
Slack (MET) :             2.184ns  (required time - arrival time)
  Source:                 ddr_ic/inst/axi_interconnect_inst/si_converter_bank/gen_conv_slot[2].clock_conv_inst/gen_async_readwrite.asyncfifo_rw/inst_fifo_gen/gaxi_full_lite.gread_ch.grdch2.axi_rdch/grf.rf/gntv_or_sync_fifo.gcx.clkx/wr_pntr_cdc_inst/src_gray_ff_reg[3]/C
                            (rising edge-triggered cell FDRE clocked by mmcm_clkout0  {rise@0.000ns fall@1.666ns period=3.332ns})
  Destination:            ddr_ic/inst/axi_interconnect_inst/si_converter_bank/gen_conv_slot[2].clock_conv_inst/gen_async_readwrite.asyncfifo_rw/inst_fifo_gen/gaxi_full_lite.gread_ch.grdch2.axi_rdch/grf.rf/gntv_or_sync_fifo.gcx.clkx/wr_pntr_cdc_inst/dest_graysync_ff_reg[0][3]/D
                            (rising edge-triggered cell FDRE clocked by clk_200_mmcm  {rise@0.000ns fall@2.500ns period=5.000ns})
  Path Group:             clk_200_mmcm
  Path Type:              Setup (Max at Slow Process Corner)
  Requirement:            3.332ns  (MaxDelay Path 3.332ns)
  Data Path Delay:        1.173ns  (logic 0.077ns (6.564%)  route 1.096ns (93.436%))
  Logic Levels:           0  
  Timing Exception:       MaxDelay Path 3.332ns -datapath_only

    Location             Delay type                Incr(ns)  Path(ns)    Netlist Resource(s)
  -------------------------------------------------------------------    -------------------
    SLICE_X48Y350                                     0.000     0.000 r  ddr_ic/inst/axi_interconnect_inst/si_converter_bank/gen_conv_slot[2].clock_conv_inst/gen_async_readwrite.asyncfifo_rw/inst_fifo_gen/gaxi_full_lite.gread_ch.grdch2.axi_rdch/grf.rf/gntv_or_sync_fifo.gcx.clkx/wr_pntr_cdc_inst/src_gray_ff_reg[3]/C
    SLICE_X48Y350        FDRE (Prop_CFF2_SLICEM_C_Q)
                                                      0.077     0.077 r  ddr_ic/inst/axi_interconnect_inst/si_converter_bank/gen_conv_slot[2].clock_conv_inst/gen_async_readwrite.asyncfifo_rw/inst_fifo_gen/gaxi_full_lite.gread_ch.grdch2.axi_rdch/grf.rf/gntv_or_sync_fifo.gcx.clkx/wr_pntr_cdc_inst/src_gray_ff_reg[3]/Q
                         net (fo=1, routed)           1.096     1.173    ddr_ic/inst/axi_interconnect_inst/si_converter_bank/gen_conv_slot[2].clock_conv_inst/gen_async_readwrite.asyncfifo_rw/inst_fifo_gen/gaxi_full_lite.gread_ch.grdch2.axi_rdch/grf.rf/gntv_or_sync_fifo.gcx.clkx/wr_pntr_cdc_inst/async_path[3]
    SLICE_X40Y349        FDRE                                         r  ddr_ic/inst/axi_interconnect_inst/si_converter_bank/gen_conv_slot[2].clock_conv_inst/gen_async_readwrite.asyncfifo_rw/inst_fifo_gen/gaxi_full_lite.gread_ch.grdch2.axi_rdch/grf.rf/gntv_or_sync_fifo.gcx.clkx/wr_pntr_cdc_inst/dest_graysync_ff_reg[0][3]/D
  -------------------------------------------------------------------    -------------------

                         max delay                    3.332     3.332    
    SLICE_X40Y349        FDRE (Setup_HFF2_SLICEL_C_D)
                                                      0.025     3.357    ddr_ic/inst/axi_interconnect_inst/si_converter_bank/gen_conv_slot[2].clock_conv_inst/gen_async_readwrite.asyncfifo_rw/inst_fifo_gen/gaxi_full_lite.gread_ch.grdch2.axi_rdch/grf.rf/gntv_or_sync_fifo.gcx.clkx/wr_pntr_cdc_inst/dest_graysync_ff_reg[0][3]
  -------------------------------------------------------------------
                         required time                          3.357    
                         arrival time                          -1.173    
  -------------------------------------------------------------------
                         slack                                  2.184    





---------------------------------------------------------------------------------------------------
From Clock:  mmcm_clkout5
  To Clock:  clk_200_mmcm

Setup :            0  Failing Endpoints,  Worst Slack      999.469ns,  Total Violation        0.000ns
Hold  :           NA  Failing Endpoints,  Worst Slack           NA  ,  Total Violation           NA
---------------------------------------------------------------------------------------------------


Max Delay Paths
--------------------------------------------------------------------------------------
Slack (MET) :             999.469ns  (required time - arrival time)
  Source:                 jtag_mem/inst/jtag_axi_engine_u/rx_fifo_i/inst_fifo_gen/gconvfifo.rf/grf.rf/gntv_or_sync_fifo.gcx.clkx/rd_pntr_cdc_inst/src_gray_ff_reg[0]/C
                            (rising edge-triggered cell FDRE clocked by mmcm_clkout5  {rise@0.000ns fall@6.664ns period=13.328ns})
  Destination:            jtag_mem/inst/jtag_axi_engine_u/rx_fifo_i/inst_fifo_gen/gconvfifo.rf/grf.rf/gntv_or_sync_fifo.gcx.clkx/rd_pntr_cdc_inst/dest_graysync_ff_reg[0][0]/D
                            (rising edge-triggered cell FDRE clocked by clk_200_mmcm  {rise@0.000ns fall@2.500ns period=5.000ns})
  Path Group:             clk_200_mmcm
  Path Type:              Setup (Max at Slow Process Corner)
  Requirement:            1000.000ns  (MaxDelay Path 1000.000ns)
  Data Path Delay:        0.556ns  (logic 0.079ns (14.209%)  route 0.477ns (85.791%))
  Logic Levels:           0  
  Timing Exception:       MaxDelay Path 1000.000ns -datapath_only

    Location             Delay type                Incr(ns)  Path(ns)    Netlist Resource(s)
  -------------------------------------------------------------------    -------------------
    SLICE_X66Y347                                     0.000     0.000 r  jtag_mem/inst/jtag_axi_engine_u/rx_fifo_i/inst_fifo_gen/gconvfifo.rf/grf.rf/gntv_or_sync_fifo.gcx.clkx/rd_pntr_cdc_inst/src_gray_ff_reg[0]/C
    SLICE_X66Y347        FDRE (Prop_HFF_SLICEM_C_Q)
                                                      0.079     0.079 r  jtag_mem/inst/jtag_axi_engine_u/rx_fifo_i/inst_fifo_gen/gconvfifo.rf/grf.rf/gntv_or_sync_fifo.gcx.clkx/rd_pntr_cdc_inst/src_gray_ff_reg[0]/Q
                         net (fo=1, routed)           0.477     0.556    jtag_mem/inst/jtag_axi_engine_u/rx_fifo_i/inst_fifo_gen/gconvfifo.rf/grf.rf/gntv_or_sync_fifo.gcx.clkx/rd_pntr_cdc_inst/async_path[0]
    SLICE_X67Y351        FDRE                                         r  jtag_mem/inst/jtag_axi_engine_u/rx_fifo_i/inst_fifo_gen/gconvfifo.rf/grf.rf/gntv_or_sync_fifo.gcx.clkx/rd_pntr_cdc_inst/dest_graysync_ff_reg[0][0]/D
  -------------------------------------------------------------------    -------------------

                         max delay                 1000.000  1000.000    
    SLICE_X67Y351        FDRE (Setup_HFF2_SLICEM_C_D)
                                                      0.025  1000.025    jtag_mem/inst/jtag_axi_engine_u/rx_fifo_i/inst_fifo_gen/gconvfifo.rf/grf.rf/gntv_or_sync_fifo.gcx.clkx/rd_pntr_cdc_inst/dest_graysync_ff_reg[0][0]
  -------------------------------------------------------------------
                         required time                       1000.025    
                         arrival time                          -0.556    
  -------------------------------------------------------------------
                         slack                                999.469    





---------------------------------------------------------------------------------------------------
From Clock:  clk_100_mmcm
  To Clock:  clk_200_mmcm

Setup :            0  Failing Endpoints,  Worst Slack        3.358ns,  Total Violation        0.000ns
Hold  :            0  Failing Endpoints,  Worst Slack        0.127ns,  Total Violation        0.000ns
---------------------------------------------------------------------------------------------------


Max Delay Paths
--------------------------------------------------------------------------------------
Slack (MET) :             3.358ns  (required time - arrival time)
  Source:                 ernic_inst/inst/arbitrationloss/ARBGEN1.arb_6q_reg/C
                            (rising edge-triggered cell FDRE clocked by clk_100_mmcm  {rise@0.000ns fall@5.000ns period=10.000ns})
  Destination:            ernic_inst/inst/arbitrationloss/ARBGEN1.s_axi_lite_aresetn_sync_reg/D
                            (rising edge-triggered cell FDRE clocked by clk_200_mmcm  {rise@0.000ns fall@2.500ns period=5.000ns})
  Path Group:             clk_200_mmcm
  Path Type:              Setup (Max at Slow Process Corner)
  Requirement:            5.000ns  (clk_200_mmcm rise@5.000ns - clk_100_mmcm rise@0.000ns)
  Data Path Delay:        1.032ns  (logic 0.078ns (7.555%)  route 0.954ns (92.445%))
  Logic Levels:           0  
  Clock Path Skew:        -0.441ns (DCD - SCD + CPR)
    Destination Clock Delay (DCD):    4.295ns = ( 9.295 - 5.000 ) 
    Source Clock Delay      (SCD):    4.174ns
    Clock Pessimism Removal (CPR):    -0.563ns
  Clock Uncertainty:      0.194ns  ((TSJ^2 + DJ^2)^1/2) / 2 + PE
    Total System Jitter     (TSJ):    0.071ns
    Discrete Jitter          (DJ):    0.129ns
    Phase Error              (PE):    0.120ns
  Clock Net Delay (Source):      2.858ns (routing 1.938ns, distribution 0.920ns)
  Clock Net Delay (Destination): 2.458ns (routing 1.162ns, distribution 1.296ns)

    Location             Delay type                Incr(ns)  Path(ns)    Netlist Resource(s)
  -------------------------------------------------------------------    -------------------
                         (clock clk_100_mmcm rise edge)
                                                      0.000     0.000 r  
    AM15                                              0.000     0.000 r  clk_p (IN)
                         net (fo=0)                   0.100     0.100    clk_in_ibufds/I
    HPIOBDIFFINBUF_X0Y10 DIFFINBUF (Prop_DIFFINBUF_HPIOBDIFFINBUF_DIFF_IN_P_O)
                                                      0.617     0.717 r  clk_in_ibufds/DIFFINBUF_INST/O
                         net (fo=1, routed)           0.050     0.767    clk_in_ibufds/OUT
    AM15                 IBUFCTRL (Prop_IBUFCTRL_HPIOB_M_I_O)
                                                      0.000     0.767 r  clk_in_ibufds/IBUFCTRL_INST/O
                         net (fo=1, routed)           0.397     1.164    clk_in
    MMCM_X0Y0            MMCME4_ADV (Prop_MMCM_CLKIN1_CLKOUT1)
                                                     -0.127     1.037 r  clk_mmcm/CLKOUT1
                         net (fo=1, routed)           0.251     1.288    clk_100_mmcm
    BUFGCE_X0Y17         BUFGCE (Prop_BUFCE_BUFGCE_I_O)
                                                      0.028     1.316 r  clk_100_bufg/O
    X3Y7 (CLOCK_ROOT)    net (fo=1021, routed)        2.858     4.174    ernic_inst/inst/arbitrationloss/s_axi_lite_aclk
    SLICE_X48Y473        FDRE                                         r  ernic_inst/inst/arbitrationloss/ARBGEN1.arb_6q_reg/C
  -------------------------------------------------------------------    -------------------
    SLICE_X48Y473        FDRE (Prop_HFF2_SLICEM_C_Q)
                                                      0.078     4.252 r  ernic_inst/inst/arbitrationloss/ARBGEN1.arb_6q_reg/Q
                         net (fo=2, routed)           0.954     5.206    ernic_inst/inst/arbitrationloss/s_axi_lite_aresetn_1
    SLICE_X45Y464        FDRE                                         r  ernic_inst/inst/arbitrationloss/ARBGEN1.s_axi_lite_aresetn_sync_reg/D
  -------------------------------------------------------------------    -------------------

                         (clock clk_200_mmcm rise edge)
                                                      5.000     5.000 r  
    AM15                                              0.000     5.000 r  clk_p (IN)
                         net (fo=0)                   0.079     5.079    clk_in_ibufds/I
    HPIOBDIFFINBUF_X0Y10 DIFFINBUF (Prop_DIFFINBUF_HPIOBDIFFINBUF_DIFF_IN_P_O)
                                                      0.507     5.586 r  clk_in_ibufds/DIFFINBUF_INST/O
                         net (fo=1, routed)           0.040     5.626    clk_in_ibufds/OUT
    AM15                 IBUFCTRL (Prop_IBUFCTRL_HPIOB_M_I_O)
                                                      0.000     5.626 r  clk_in_ibufds/IBUFCTRL_INST/O
                         net (fo=1, routed)           0.344     5.970    clk_in
    MMCM_X0Y0            MMCME4_ADV (Prop_MMCM_CLKIN1_CLKOUT0)
                                                      0.630     6.600 r  clk_mmcm/CLKOUT0
                         net (fo=1, routed)           0.214     6.814    clk_200_mmcm
    BUFGCE_X0Y14         BUFGCE (Prop_BUFCE_BUFGCE_I_O)
                                                      0.024     6.838 r  clk_200_bufg/O
    X2Y3 (CLOCK_ROOT)    net (fo=58825, routed)       2.458     9.295    ernic_inst/inst/arbitrationloss/m_axi_aclk
    SLICE_X45Y464        FDRE                                         r  ernic_inst/inst/arbitrationloss/ARBGEN1.s_axi_lite_aresetn_sync_reg/C
                         clock pessimism             -0.563     8.732    
                         clock uncertainty           -0.194     8.539    
    SLICE_X45Y464        FDRE (Setup_HFF_SLICEM_C_D)
                                                      0.025     8.564    ernic_inst/inst/arbitrationloss/ARBGEN1.s_axi_lite_aresetn_sync_reg
  -------------------------------------------------------------------
                         required time                          8.564    
                         arrival time                          -5.206    
  -------------------------------------------------------------------
                         slack                                  3.358    





Min Delay Paths
--------------------------------------------------------------------------------------
Slack (MET) :             0.127ns  (arrival time - required time)
  Source:                 ernic_inst/inst/arbitrationloss/ARBGEN1.arb_6q_reg/C
                            (rising edge-triggered cell FDRE clocked by clk_100_mmcm  {rise@0.000ns fall@5.000ns period=10.000ns})
  Destination:            ernic_inst/inst/arbitrationloss/ARBGEN1.s_axi_lite_aresetn_sync_reg/D
                            (rising edge-triggered cell FDRE clocked by clk_200_mmcm  {rise@0.000ns fall@2.500ns period=5.000ns})
  Path Group:             clk_200_mmcm
  Path Type:              Hold (Min at Fast Process Corner)
  Requirement:            0.000ns  (clk_200_mmcm rise@0.000ns - clk_100_mmcm rise@0.000ns)
  Data Path Delay:        0.513ns  (logic 0.039ns (7.604%)  route 0.474ns (92.396%))
  Logic Levels:           0  
  Clock Path Skew:        0.146ns (DCD - SCD - CPR)
    Destination Clock Delay (DCD):    2.364ns
    Source Clock Delay      (SCD):    2.580ns
    Clock Pessimism Removal (CPR):    -0.362ns
  Clock Uncertainty:      0.194ns  ((TSJ^2 + DJ^2)^1/2) / 2 + PE
    Total System Jitter     (TSJ):    0.071ns
    Discrete Jitter          (DJ):    0.129ns
    Phase Error              (PE):    0.120ns
  Clock Net Delay (Source):      1.579ns (routing 1.065ns, distribution 0.514ns)
  Clock Net Delay (Destination): 1.707ns (routing 0.779ns, distribution 0.928ns)

    Location             Delay type                Incr(ns)  Path(ns)    Netlist Resource(s)
  -------------------------------------------------------------------    -------------------
                         (clock clk_100_mmcm rise edge)
                                                      0.000     0.000 r  
    AM15                                              0.000     0.000 r  clk_p (IN)
                         net (fo=0)                   0.079     0.079    clk_in_ibufds/I
    HPIOBDIFFINBUF_X0Y10 DIFFINBUF (Prop_DIFFINBUF_HPIOBDIFFINBUF_DIFF_IN_P_O)
                                                      0.283     0.362 r  clk_in_ibufds/DIFFINBUF_INST/O
                         net (fo=1, routed)           0.040     0.402    clk_in_ibufds/OUT
    AM15                 IBUFCTRL (Prop_IBUFCTRL_HPIOB_M_I_O)
                                                      0.000     0.402 r  clk_in_ibufds/IBUFCTRL_INST/O
                         net (fo=1, routed)           0.203     0.605    clk_in
    MMCM_X0Y0            MMCME4_ADV (Prop_MMCM_CLKIN1_CLKOUT1)
                                                      0.230     0.835 r  clk_mmcm/CLKOUT1
                         net (fo=1, routed)           0.149     0.984    clk_100_mmcm
    BUFGCE_X0Y17         BUFGCE (Prop_BUFCE_BUFGCE_I_O)
                                                      0.017     1.001 r  clk_100_bufg/O
    X3Y7 (CLOCK_ROOT)    net (fo=1021, routed)        1.579     2.580    ernic_inst/inst/arbitrationloss/s_axi_lite_aclk
    SLICE_X48Y473        FDRE                                         r  ernic_inst/inst/arbitrationloss/ARBGEN1.arb_6q_reg/C
  -------------------------------------------------------------------    -------------------
    SLICE_X48Y473        FDRE (Prop_HFF2_SLICEM_C_Q)
                                                      0.039     2.619 r  ernic_inst/inst/arbitrationloss/ARBGEN1.arb_6q_reg/Q
                         net (fo=2, routed)           0.474     3.093    ernic_inst/inst/arbitrationloss/s_axi_lite_aresetn_1
    SLICE_X45Y464        FDRE                                         r  ernic_inst/inst/arbitrationloss/ARBGEN1.s_axi_lite_aresetn_sync_reg/D
  -------------------------------------------------------------------    -------------------

                         (clock clk_200_mmcm rise edge)
                                                      0.000     0.000 r  
    AM15                                              0.000     0.000 r  clk_p (IN)
                         net (fo=0)                   0.100     0.100    clk_in_ibufds/I
    HPIOBDIFFINBUF_X0Y10 DIFFINBUF (Prop_DIFFINBUF_HPIOBDIFFINBUF_DIFF_IN_P_O)
                                                      0.388     0.488 r  clk_in_ibufds/DIFFINBUF_INST/O
                         net (fo=1, routed)           0.050     0.538    clk_in_ibufds/OUT
    AM15                 IBUFCTRL (Prop_IBUFCTRL_HPIOB_M_I_O)
                                                      0.000     0.538 r  clk_in_ibufds/IBUFCTRL_INST/O
                         net (fo=1, routed)           0.230     0.768    clk_in
    MMCM_X0Y0            MMCME4_ADV (Prop_MMCM_CLKIN1_CLKOUT0)
                                                     -0.295     0.473 r  clk_mmcm/CLKOUT0
                         net (fo=1, routed)           0.165     0.638    clk_200_mmcm
    BUFGCE_X0Y14         BUFGCE (Prop_BUFCE_BUFGCE_I_O)
                                                      0.019     0.657 r  clk_200_bufg/O
    X2Y3 (CLOCK_ROOT)    net (fo=58825, routed)       1.707     2.364    ernic_inst/inst/arbitrationloss/m_axi_aclk
    SLICE_X45Y464        FDRE                                         r  ernic_inst/inst/arbitrationloss/ARBGEN1.s_axi_lite_aresetn_sync_reg/C
                         clock pessimism              0.362     2.726    
                         clock uncertainty            0.194     2.920    
    SLICE_X45Y464        FDRE (Hold_HFF_SLICEM_C_D)
                                                      0.046     2.966    ernic_inst/inst/arbitrationloss/ARBGEN1.s_axi_lite_aresetn_sync_reg
  -------------------------------------------------------------------
                         required time                         -2.966    
                         arrival time                           3.093    
  -------------------------------------------------------------------
                         slack                                  0.127    





---------------------------------------------------------------------------------------------------
From Clock:  txoutclk_out[0]
  To Clock:  clk_200_mmcm

Setup :            0  Failing Endpoints,  Worst Slack        2.022ns,  Total Violation        0.000ns
Hold  :           NA  Failing Endpoints,  Worst Slack           NA  ,  Total Violation           NA
---------------------------------------------------------------------------------------------------


Max Delay Paths
--------------------------------------------------------------------------------------
Slack (MET) :             2.022ns  (required time - arrival time)
  Source:                 roce_fifo/m_rst_sync1_reg_reg/C
                            (rising edge-triggered cell FDPE clocked by txoutclk_out[0]  {rise@0.000ns fall@1.552ns period=3.103ns})
  Destination:            roce_fifo/m_rst_sync2_reg_reg/D
                            (rising edge-triggered cell FDRE clocked by clk_200_mmcm  {rise@0.000ns fall@2.500ns period=5.000ns})
  Path Group:             clk_200_mmcm
  Path Type:              Setup (Max at Slow Process Corner)
  Requirement:            3.103ns  (MaxDelay Path 3.103ns)
  Data Path Delay:        1.106ns  (logic 0.076ns (6.872%)  route 1.030ns (93.128%))
  Logic Levels:           0  
  Timing Exception:       MaxDelay Path 3.103ns -datapath_only

    Location             Delay type                Incr(ns)  Path(ns)    Netlist Resource(s)
  -------------------------------------------------------------------    -------------------
    SLICE_X79Y318                                     0.000     0.000 r  roce_fifo/m_rst_sync1_reg_reg/C
    SLICE_X79Y318        FDPE (Prop_EFF_SLICEM_C_Q)
                                                      0.076     0.076 r  roce_fifo/m_rst_sync1_reg_reg/Q
                         net (fo=1, routed)           1.030     1.106    roce_fifo/m_rst_sync1_reg
    SLICE_X76Y318        FDRE                                         r  roce_fifo/m_rst_sync2_reg_reg/D
  -------------------------------------------------------------------    -------------------

                         max delay                    3.103     3.103    
    SLICE_X76Y318        FDRE (Setup_DFF2_SLICEM_C_D)
                                                      0.025     3.128    roce_fifo/m_rst_sync2_reg_reg
  -------------------------------------------------------------------
                         required time                          3.128    
                         arrival time                          -1.106    
  -------------------------------------------------------------------
                         slack                                  2.022    





---------------------------------------------------------------------------------------------------
From Clock:  clk_out2_mts_mmcm_rf_0
  To Clock:  clk_pl_0

Setup :            0  Failing Endpoints,  Worst Slack        2.713ns,  Total Violation        0.000ns
Hold  :           NA  Failing Endpoints,  Worst Slack           NA  ,  Total Violation           NA
---------------------------------------------------------------------------------------------------


Max Delay Paths
--------------------------------------------------------------------------------------
Slack (MET) :             2.713ns  (required time - arrival time)
  Source:                 rf_bd/mts_i/ctrl_interconnect/m04_couplers/auto_cc/inst/gen_clock_conv.gen_async_conv.asyncfifo_axi/inst_fifo_gen/gaxi_full_lite.gwrite_ch.gwrch2.axi_wrch/grf.rf/gntv_or_sync_fifo.gcx.clkx/wr_pntr_cdc_inst/src_gray_ff_reg[3]/C
                            (rising edge-triggered cell FDRE clocked by clk_out2_mts_mmcm_rf_0  {rise@0.000ns fall@2.000ns period=4.000ns})
  Destination:            rf_bd/mts_i/ctrl_interconnect/m04_couplers/auto_cc/inst/gen_clock_conv.gen_async_conv.asyncfifo_axi/inst_fifo_gen/gaxi_full_lite.gwrite_ch.gwrch2.axi_wrch/grf.rf/gntv_or_sync_fifo.gcx.clkx/wr_pntr_cdc_inst/dest_graysync_ff_reg[0][3]/D
                            (rising edge-triggered cell FDRE clocked by clk_pl_0  {rise@0.000ns fall@5.000ns period=10.000ns})
  Path Group:             clk_pl_0
  Path Type:              Setup (Max at Slow Process Corner)
  Requirement:            4.000ns  (MaxDelay Path 4.000ns)
  Data Path Delay:        1.312ns  (logic 0.077ns (5.869%)  route 1.235ns (94.131%))
  Logic Levels:           0  
  Timing Exception:       MaxDelay Path 4.000ns -datapath_only

    Location             Delay type                Incr(ns)  Path(ns)    Netlist Resource(s)
  -------------------------------------------------------------------    -------------------
    SLICE_X78Y243                                     0.000     0.000 r  rf_bd/mts_i/ctrl_interconnect/m04_couplers/auto_cc/inst/gen_clock_conv.gen_async_conv.asyncfifo_axi/inst_fifo_gen/gaxi_full_lite.gwrite_ch.gwrch2.axi_wrch/grf.rf/gntv_or_sync_fifo.gcx.clkx/wr_pntr_cdc_inst/src_gray_ff_reg[3]/C
    SLICE_X78Y243        FDRE (Prop_AFF_SLICEM_C_Q)
                                                      0.077     0.077 r  rf_bd/mts_i/ctrl_interconnect/m04_couplers/auto_cc/inst/gen_clock_conv.gen_async_conv.asyncfifo_axi/inst_fifo_gen/gaxi_full_lite.gwrite_ch.gwrch2.axi_wrch/grf.rf/gntv_or_sync_fifo.gcx.clkx/wr_pntr_cdc_inst/src_gray_ff_reg[3]/Q
                         net (fo=1, routed)           1.235     1.312    rf_bd/mts_i/ctrl_interconnect/m04_couplers/auto_cc/inst/gen_clock_conv.gen_async_conv.asyncfifo_axi/inst_fifo_gen/gaxi_full_lite.gwrite_ch.gwrch2.axi_wrch/grf.rf/gntv_or_sync_fifo.gcx.clkx/wr_pntr_cdc_inst/async_path[3]
    SLICE_X78Y243        FDRE                                         r  rf_bd/mts_i/ctrl_interconnect/m04_couplers/auto_cc/inst/gen_clock_conv.gen_async_conv.asyncfifo_axi/inst_fifo_gen/gaxi_full_lite.gwrite_ch.gwrch2.axi_wrch/grf.rf/gntv_or_sync_fifo.gcx.clkx/wr_pntr_cdc_inst/dest_graysync_ff_reg[0][3]/D
  -------------------------------------------------------------------    -------------------

                         max delay                    4.000     4.000    
    SLICE_X78Y243        FDRE (Setup_HFF2_SLICEM_C_D)
                                                      0.025     4.025    rf_bd/mts_i/ctrl_interconnect/m04_couplers/auto_cc/inst/gen_clock_conv.gen_async_conv.asyncfifo_axi/inst_fifo_gen/gaxi_full_lite.gwrite_ch.gwrch2.axi_wrch/grf.rf/gntv_or_sync_fifo.gcx.clkx/wr_pntr_cdc_inst/dest_graysync_ff_reg[0][3]
  -------------------------------------------------------------------
                         required time                          4.025    
                         arrival time                          -1.312    
  -------------------------------------------------------------------
                         slack                                  2.713    





---------------------------------------------------------------------------------------------------
From Clock:  mmcm_clkout5
  To Clock:  dbg_hub/inst/BSCANID.u_xsdbm_id/SWITCH_N_EXT_BSCAN.bscan_inst/SERIES7_BSCAN.bscan_inst/INTERNAL_TCK

Setup :            0  Failing Endpoints,  Worst Slack       12.858ns,  Total Violation        0.000ns
Hold  :           NA  Failing Endpoints,  Worst Slack           NA  ,  Total Violation           NA
---------------------------------------------------------------------------------------------------


Max Delay Paths
--------------------------------------------------------------------------------------
Slack (MET) :             12.858ns  (required time - arrival time)
  Source:                 dbg_hub/inst/BSCANID.u_xsdbm_id/CORE_XSDB.UUT_MASTER/U_ICON_INTERFACE/U_CMD6_RD/U_RD_FIFO/SUBCORE_FIFO.xsdbm_v3_0_0_rdfifo_inst/inst_fifo_gen/gconvfifo.rf/grf.rf/gntv_or_sync_fifo.gcx.clkx/gnxpm_cdc.wr_pntr_gc_reg[0]/C
                            (rising edge-triggered cell FDCE clocked by mmcm_clkout5  {rise@0.000ns fall@6.664ns period=13.328ns})
  Destination:            dbg_hub/inst/BSCANID.u_xsdbm_id/CORE_XSDB.UUT_MASTER/U_ICON_INTERFACE/U_CMD6_RD/U_RD_FIFO/SUBCORE_FIFO.xsdbm_v3_0_0_rdfifo_inst/inst_fifo_gen/gconvfifo.rf/grf.rf/gntv_or_sync_fifo.gcx.clkx/gnxpm_cdc.gsync_stage[1].rd_stg_inst/Q_reg_reg[0]/D
                            (rising edge-triggered cell FDCE clocked by dbg_hub/inst/BSCANID.u_xsdbm_id/SWITCH_N_EXT_BSCAN.bscan_inst/SERIES7_BSCAN.bscan_inst/INTERNAL_TCK  {rise@0.000ns fall@25.000ns period=50.000ns})
  Path Group:             dbg_hub/inst/BSCANID.u_xsdbm_id/SWITCH_N_EXT_BSCAN.bscan_inst/SERIES7_BSCAN.bscan_inst/INTERNAL_TCK
  Path Type:              Setup (Max at Slow Process Corner)
  Requirement:            13.328ns  (MaxDelay Path 13.328ns)
  Data Path Delay:        0.495ns  (logic 0.078ns (15.758%)  route 0.417ns (84.242%))
  Logic Levels:           0  
  Timing Exception:       MaxDelay Path 13.328ns -datapath_only

    Location             Delay type                Incr(ns)  Path(ns)    Netlist Resource(s)
  -------------------------------------------------------------------    -------------------
    SLICE_X103Y303                                    0.000     0.000 r  dbg_hub/inst/BSCANID.u_xsdbm_id/CORE_XSDB.UUT_MASTER/U_ICON_INTERFACE/U_CMD6_RD/U_RD_FIFO/SUBCORE_FIFO.xsdbm_v3_0_0_rdfifo_inst/inst_fifo_gen/gconvfifo.rf/grf.rf/gntv_or_sync_fifo.gcx.clkx/gnxpm_cdc.wr_pntr_gc_reg[0]/C
    SLICE_X103Y303       FDCE (Prop_CFF_SLICEM_C_Q)
                                                      0.078     0.078 r  dbg_hub/inst/BSCANID.u_xsdbm_id/CORE_XSDB.UUT_MASTER/U_ICON_INTERFACE/U_CMD6_RD/U_RD_FIFO/SUBCORE_FIFO.xsdbm_v3_0_0_rdfifo_inst/inst_fifo_gen/gconvfifo.rf/grf.rf/gntv_or_sync_fifo.gcx.clkx/gnxpm_cdc.wr_pntr_gc_reg[0]/Q
                         net (fo=1, routed)           0.417     0.495    dbg_hub/inst/BSCANID.u_xsdbm_id/CORE_XSDB.UUT_MASTER/U_ICON_INTERFACE/U_CMD6_RD/U_RD_FIFO/SUBCORE_FIFO.xsdbm_v3_0_0_rdfifo_inst/inst_fifo_gen/gconvfifo.rf/grf.rf/gntv_or_sync_fifo.gcx.clkx/gnxpm_cdc.gsync_stage[1].rd_stg_inst/Q[0]
    SLICE_X104Y303       FDCE                                         r  dbg_hub/inst/BSCANID.u_xsdbm_id/CORE_XSDB.UUT_MASTER/U_ICON_INTERFACE/U_CMD6_RD/U_RD_FIFO/SUBCORE_FIFO.xsdbm_v3_0_0_rdfifo_inst/inst_fifo_gen/gconvfifo.rf/grf.rf/gntv_or_sync_fifo.gcx.clkx/gnxpm_cdc.gsync_stage[1].rd_stg_inst/Q_reg_reg[0]/D
  -------------------------------------------------------------------    -------------------

                         max delay                   13.328    13.328    
    SLICE_X104Y303       FDCE (Setup_DFF2_SLICEM_C_D)
                                                      0.025    13.353    dbg_hub/inst/BSCANID.u_xsdbm_id/CORE_XSDB.UUT_MASTER/U_ICON_INTERFACE/U_CMD6_RD/U_RD_FIFO/SUBCORE_FIFO.xsdbm_v3_0_0_rdfifo_inst/inst_fifo_gen/gconvfifo.rf/grf.rf/gntv_or_sync_fifo.gcx.clkx/gnxpm_cdc.gsync_stage[1].rd_stg_inst/Q_reg_reg[0]
  -------------------------------------------------------------------
                         required time                         13.353    
                         arrival time                          -0.495    
  -------------------------------------------------------------------
                         slack                                 12.858    





---------------------------------------------------------------------------------------------------
From Clock:  clk_200_mmcm
  To Clock:  txoutclk_out[0]

Setup :            0  Failing Endpoints,  Worst Slack        4.531ns,  Total Violation        0.000ns
Hold  :           NA  Failing Endpoints,  Worst Slack           NA  ,  Total Violation           NA
---------------------------------------------------------------------------------------------------


Max Delay Paths
--------------------------------------------------------------------------------------
Slack (MET) :             4.531ns  (required time - arrival time)
  Source:                 ernic_inst/inst/inst_flow_ctrl_mgr/ernic_xpm_fifo_axis_inst/xpm_fifo_base_inst/gen_cdc_pntr.wr_pntr_cdc_inst/src_gray_ff_reg[3]/C
                            (rising edge-triggered cell FDRE clocked by clk_200_mmcm  {rise@0.000ns fall@2.500ns period=5.000ns})
  Destination:            ernic_inst/inst/inst_flow_ctrl_mgr/ernic_xpm_fifo_axis_inst/xpm_fifo_base_inst/gen_cdc_pntr.wr_pntr_cdc_inst/dest_graysync_ff_reg[0][3]/D
                            (rising edge-triggered cell FDRE clocked by txoutclk_out[0]  {rise@0.000ns fall@1.552ns period=3.103ns})
  Path Group:             txoutclk_out[0]
  Path Type:              Setup (Max at Slow Process Corner)
  Requirement:            5.000ns  (MaxDelay Path 5.000ns)
  Data Path Delay:        0.494ns  (logic 0.081ns (16.397%)  route 0.413ns (83.603%))
  Logic Levels:           0  
  Timing Exception:       MaxDelay Path 5.000ns -datapath_only

    Location             Delay type                Incr(ns)  Path(ns)    Netlist Resource(s)
  -------------------------------------------------------------------    -------------------
    SLICE_X10Y369                                     0.000     0.000 r  ernic_inst/inst/inst_flow_ctrl_mgr/ernic_xpm_fifo_axis_inst/xpm_fifo_base_inst/gen_cdc_pntr.wr_pntr_cdc_inst/src_gray_ff_reg[3]/C
    SLICE_X10Y369        FDRE (Prop_GFF2_SLICEL_C_Q)
                                                      0.081     0.081 r  ernic_inst/inst/inst_flow_ctrl_mgr/ernic_xpm_fifo_axis_inst/xpm_fifo_base_inst/gen_cdc_pntr.wr_pntr_cdc_inst/src_gray_ff_reg[3]/Q
                         net (fo=1, routed)           0.413     0.494    ernic_inst/inst/inst_flow_ctrl_mgr/ernic_xpm_fifo_axis_inst/xpm_fifo_base_inst/gen_cdc_pntr.wr_pntr_cdc_inst/async_path[3]
    SLICE_X11Y367        FDRE                                         r  ernic_inst/inst/inst_flow_ctrl_mgr/ernic_xpm_fifo_axis_inst/xpm_fifo_base_inst/gen_cdc_pntr.wr_pntr_cdc_inst/dest_graysync_ff_reg[0][3]/D
  -------------------------------------------------------------------    -------------------

                         max delay                    5.000     5.000    
    SLICE_X11Y367        FDRE (Setup_DFF2_SLICEM_C_D)
                                                      0.025     5.025    ernic_inst/inst/inst_flow_ctrl_mgr/ernic_xpm_fifo_axis_inst/xpm_fifo_base_inst/gen_cdc_pntr.wr_pntr_cdc_inst/dest_graysync_ff_reg[0][3]
  -------------------------------------------------------------------
                         required time                          5.025    
                         arrival time                          -0.494    
  -------------------------------------------------------------------
                         slack                                  4.531    





---------------------------------------------------------------------------------------------------
Path Group:  **async_default**
From Clock:  clk_200_mmcm
  To Clock:  clk_200_mmcm

Setup :            0  Failing Endpoints,  Worst Slack        2.094ns,  Total Violation        0.000ns
Hold  :            0  Failing Endpoints,  Worst Slack        0.095ns,  Total Violation        0.000ns
---------------------------------------------------------------------------------------------------


Max Delay Paths
--------------------------------------------------------------------------------------
Slack (MET) :             2.094ns  (required time - arrival time)
  Source:                 rst_200_sync/sync_reg_reg[3]/C
                            (rising edge-triggered cell FDPE clocked by clk_200_mmcm  {rise@0.000ns fall@2.500ns period=5.000ns})
  Destination:            roce_fifo/s_rst_sync1_reg_reg/PRE
                            (recovery check against rising-edge clock clk_200_mmcm  {rise@0.000ns fall@2.500ns period=5.000ns})
  Path Group:             **async_default**
  Path Type:              Recovery (Max at Slow Process Corner)
  Requirement:            5.000ns  (clk_200_mmcm rise@5.000ns - clk_200_mmcm rise@0.000ns)
  Data Path Delay:        2.736ns  (logic 0.081ns (2.960%)  route 2.655ns (97.040%))
  Logic Levels:           0  
  Clock Path Skew:        -0.037ns (DCD - SCD + CPR)
    Destination Clock Delay (DCD):    4.364ns = ( 9.364 - 5.000 ) 
    Source Clock Delay      (SCD):    4.013ns
    Clock Pessimism Removal (CPR):    -0.388ns
  Clock Uncertainty:      0.067ns  ((TSJ^2 + DJ^2)^1/2) / 2 + PE
    Total System Jitter     (TSJ):    0.071ns
    Discrete Jitter          (DJ):    0.113ns
    Phase Error              (PE):    0.000ns
  Clock Net Delay (Source):      2.704ns (routing 1.278ns, distribution 1.426ns)
  Clock Net Delay (Destination): 2.526ns (routing 1.162ns, distribution 1.364ns)

    Location             Delay type                Incr(ns)  Path(ns)    Netlist Resource(s)
  -------------------------------------------------------------------    -------------------
                         (clock clk_200_mmcm rise edge)
                                                      0.000     0.000 r  
    AM15                                              0.000     0.000 r  clk_p (IN)
                         net (fo=0)                   0.100     0.100    clk_in_ibufds/I
    HPIOBDIFFINBUF_X0Y10 DIFFINBUF (Prop_DIFFINBUF_HPIOBDIFFINBUF_DIFF_IN_P_O)
                                                      0.617     0.717 r  clk_in_ibufds/DIFFINBUF_INST/O
                         net (fo=1, routed)           0.050     0.767    clk_in_ibufds/OUT
    AM15                 IBUFCTRL (Prop_IBUFCTRL_HPIOB_M_I_O)
                                                      0.000     0.767 r  clk_in_ibufds/IBUFCTRL_INST/O
                         net (fo=1, routed)           0.397     1.164    clk_in
    MMCM_X0Y0            MMCME4_ADV (Prop_MMCM_CLKIN1_CLKOUT0)
                                                     -0.127     1.037 r  clk_mmcm/CLKOUT0
                         net (fo=1, routed)           0.244     1.281    clk_200_mmcm
    BUFGCE_X0Y14         BUFGCE (Prop_BUFCE_BUFGCE_I_O)
                                                      0.028     1.309 r  clk_200_bufg/O
    X2Y3 (CLOCK_ROOT)    net (fo=58825, routed)       2.704     4.013    rst_200_sync/clk_200
    SLICE_X55Y417        FDPE                                         r  rst_200_sync/sync_reg_reg[3]/C
  -------------------------------------------------------------------    -------------------
    SLICE_X55Y417        FDPE (Prop_DFF2_SLICEL_C_Q)
                                                      0.081     4.094 f  rst_200_sync/sync_reg_reg[3]/Q
                         net (fo=272, routed)         2.655     6.749    roce_fifo/Q[0]
    SLICE_X74Y310        FDPE                                         f  roce_fifo/s_rst_sync1_reg_reg/PRE
  -------------------------------------------------------------------    -------------------

                         (clock clk_200_mmcm rise edge)
                                                      5.000     5.000 r  
    AM15                                              0.000     5.000 r  clk_p (IN)
                         net (fo=0)                   0.079     5.079    clk_in_ibufds/I
    HPIOBDIFFINBUF_X0Y10 DIFFINBUF (Prop_DIFFINBUF_HPIOBDIFFINBUF_DIFF_IN_P_O)
                                                      0.507     5.586 r  clk_in_ibufds/DIFFINBUF_INST/O
                         net (fo=1, routed)           0.040     5.626    clk_in_ibufds/OUT
    AM15                 IBUFCTRL (Prop_IBUFCTRL_HPIOB_M_I_O)
                                                      0.000     5.626 r  clk_in_ibufds/IBUFCTRL_INST/O
                         net (fo=1, routed)           0.344     5.970    clk_in
    MMCM_X0Y0            MMCME4_ADV (Prop_MMCM_CLKIN1_CLKOUT0)
                                                      0.630     6.600 r  clk_mmcm/CLKOUT0
                         net (fo=1, routed)           0.214     6.814    clk_200_mmcm
    BUFGCE_X0Y14         BUFGCE (Prop_BUFCE_BUFGCE_I_O)
                                                      0.024     6.838 r  clk_200_bufg/O
    X2Y3 (CLOCK_ROOT)    net (fo=58825, routed)       2.526     9.364    roce_fifo/clk_200
    SLICE_X74Y310        FDPE                                         r  roce_fifo/s_rst_sync1_reg_reg/C
                         clock pessimism             -0.388     8.976    
                         clock uncertainty           -0.067     8.909    
    SLICE_X74Y310        FDPE (Recov_AFF_SLICEL_C_PRE)
                                                     -0.066     8.843    roce_fifo/s_rst_sync1_reg_reg
  -------------------------------------------------------------------
                         required time                          8.843    
                         arrival time                          -6.749    
  -------------------------------------------------------------------
                         slack                                  2.094    





Min Delay Paths
--------------------------------------------------------------------------------------
Slack (MET) :             0.095ns  (arrival time - required time)
  Source:                 ddr_ic/inst/axi_interconnect_inst/si_converter_bank/gen_conv_slot[2].clock_conv_inst/gen_async_readwrite.asyncfifo_rw/inst_fifo_gen/gaxi_full_lite.gread_ch.grach2.axi_rach/grf.rf/rstblk/grstd1.grst_full.grst_f.rst_d2_reg/C
                            (rising edge-triggered cell FDPE clocked by clk_200_mmcm  {rise@0.000ns fall@2.500ns period=5.000ns})
  Destination:            ddr_ic/inst/axi_interconnect_inst/si_converter_bank/gen_conv_slot[2].clock_conv_inst/gen_async_readwrite.asyncfifo_rw/inst_fifo_gen/gaxi_full_lite.gread_ch.grach2.axi_rach/grf.rf/gntv_or_sync_fifo.gl0.wr/gwas.wsts/ram_full_fb_i_reg/PRE
                            (removal check against rising-edge clock clk_200_mmcm  {rise@0.000ns fall@2.500ns period=5.000ns})
  Path Group:             **async_default**
  Path Type:              Removal (Min at Fast Process Corner)
  Requirement:            0.000ns  (clk_200_mmcm rise@0.000ns - clk_200_mmcm rise@0.000ns)
  Data Path Delay:        0.174ns  (logic 0.039ns (22.436%)  route 0.135ns (77.564%))
  Logic Levels:           0  
  Clock Path Skew:        0.099ns (DCD - SCD - CPR)
    Destination Clock Delay (DCD):    2.366ns
    Source Clock Delay      (SCD):    2.472ns
    Clock Pessimism Removal (CPR):    -0.205ns
  Clock Net Delay (Source):      1.475ns (routing 0.700ns, distribution 0.775ns)
  Clock Net Delay (Destination): 1.710ns (routing 0.779ns, distribution 0.931ns)

    Location             Delay type                Incr(ns)  Path(ns)    Netlist Resource(s)
  -------------------------------------------------------------------    -------------------
                         (clock clk_200_mmcm rise edge)
                                                      0.000     0.000 r  
    AM15                                              0.000     0.000 r  clk_p (IN)
                         net (fo=0)                   0.079     0.079    clk_in_ibufds/I
    HPIOBDIFFINBUF_X0Y10 DIFFINBUF (Prop_DIFFINBUF_HPIOBDIFFINBUF_DIFF_IN_P_O)
                                                      0.283     0.362 r  clk_in_ibufds/DIFFINBUF_INST/O
                         net (fo=1, routed)           0.040     0.402    clk_in_ibufds/OUT
    AM15                 IBUFCTRL (Prop_IBUFCTRL_HPIOB_M_I_O)
                                                      0.000     0.402 r  clk_in_ibufds/IBUFCTRL_INST/O
                         net (fo=1, routed)           0.203     0.605    clk_in
    MMCM_X0Y0            MMCME4_ADV (Prop_MMCM_CLKIN1_CLKOUT0)
                                                      0.230     0.835 r  clk_mmcm/CLKOUT0
                         net (fo=1, routed)           0.145     0.980    clk_200_mmcm
    BUFGCE_X0Y14         BUFGCE (Prop_BUFCE_BUFGCE_I_O)
                                                      0.017     0.997 r  clk_200_bufg/O
    X2Y3 (CLOCK_ROOT)    net (fo=58825, routed)       1.475     2.472    ddr_ic/inst/axi_interconnect_inst/si_converter_bank/gen_conv_slot[2].clock_conv_inst/gen_async_readwrite.asyncfifo_rw/inst_fifo_gen/gaxi_full_lite.gread_ch.grach2.axi_rach/grf.rf/rstblk/s_aclk
    SLICE_X60Y339        FDPE                                         r  ddr_ic/inst/axi_interconnect_inst/si_converter_bank/gen_conv_slot[2].clock_conv_inst/gen_async_readwrite.asyncfifo_rw/inst_fifo_gen/gaxi_full_lite.gread_ch.grach2.axi_rach/grf.rf/rstblk/grstd1.grst_full.grst_f.rst_d2_reg/C
  -------------------------------------------------------------------    -------------------
    SLICE_X60Y339        FDPE (Prop_AFF2_SLICEM_C_Q)
                                                      0.039     2.511 f  ddr_ic/inst/axi_interconnect_inst/si_converter_bank/gen_conv_slot[2].clock_conv_inst/gen_async_readwrite.asyncfifo_rw/inst_fifo_gen/gaxi_full_lite.gread_ch.grach2.axi_rach/grf.rf/rstblk/grstd1.grst_full.grst_f.rst_d2_reg/Q
                         net (fo=3, routed)           0.135     2.646    ddr_ic/inst/axi_interconnect_inst/si_converter_bank/gen_conv_slot[2].clock_conv_inst/gen_async_readwrite.asyncfifo_rw/inst_fifo_gen/gaxi_full_lite.gread_ch.grach2.axi_rach/grf.rf/gntv_or_sync_fifo.gl0.wr/gwas.wsts/out
    SLICE_X64Y338        FDPE                                         f  ddr_ic/inst/axi_interconnect_inst/si_converter_bank/gen_conv_slot[2].clock_conv_inst/gen_async_readwrite.asyncfifo_rw/inst_fifo_gen/gaxi_full_lite.gread_ch.grach2.axi_rach/grf.rf/gntv_or_sync_fifo.gl0.wr/gwas.wsts/ram_full_fb_i_reg/PRE
  -------------------------------------------------------------------    -------------------

                         (clock clk_200_mmcm rise edge)
                                                      0.000     0.000 r  
    AM15                                              0.000     0.000 r  clk_p (IN)
                         net (fo=0)                   0.100     0.100    clk_in_ibufds/I
    HPIOBDIFFINBUF_X0Y10 DIFFINBUF (Prop_DIFFINBUF_HPIOBDIFFINBUF_DIFF_IN_P_O)
                                                      0.388     0.488 r  clk_in_ibufds/DIFFINBUF_INST/O
                         net (fo=1, routed)           0.050     0.538    clk_in_ibufds/OUT
    AM15                 IBUFCTRL (Prop_IBUFCTRL_HPIOB_M_I_O)
                                                      0.000     0.538 r  clk_in_ibufds/IBUFCTRL_INST/O
                         net (fo=1, routed)           0.230     0.768    clk_in
    MMCM_X0Y0            MMCME4_ADV (Prop_MMCM_CLKIN1_CLKOUT0)
                                                     -0.295     0.473 r  clk_mmcm/CLKOUT0
                         net (fo=1, routed)           0.165     0.638    clk_200_mmcm
    BUFGCE_X0Y14         BUFGCE (Prop_BUFCE_BUFGCE_I_O)
                                                      0.019     0.657 r  clk_200_bufg/O
    X2Y3 (CLOCK_ROOT)    net (fo=58825, routed)       1.710     2.366    ddr_ic/inst/axi_interconnect_inst/si_converter_bank/gen_conv_slot[2].clock_conv_inst/gen_async_readwrite.asyncfifo_rw/inst_fifo_gen/gaxi_full_lite.gread_ch.grach2.axi_rach/grf.rf/gntv_or_sync_fifo.gl0.wr/gwas.wsts/s_aclk
    SLICE_X64Y338        FDPE                                         r  ddr_ic/inst/axi_interconnect_inst/si_converter_bank/gen_conv_slot[2].clock_conv_inst/gen_async_readwrite.asyncfifo_rw/inst_fifo_gen/gaxi_full_lite.gread_ch.grach2.axi_rach/grf.rf/gntv_or_sync_fifo.gl0.wr/gwas.wsts/ram_full_fb_i_reg/C
                         clock pessimism              0.205     2.571    
    SLICE_X64Y338        FDPE (Remov_EFF_SLICEL_C_PRE)
                                                     -0.020     2.551    ddr_ic/inst/axi_interconnect_inst/si_converter_bank/gen_conv_slot[2].clock_conv_inst/gen_async_readwrite.asyncfifo_rw/inst_fifo_gen/gaxi_full_lite.gread_ch.grach2.axi_rach/grf.rf/gntv_or_sync_fifo.gl0.wr/gwas.wsts/ram_full_fb_i_reg
  -------------------------------------------------------------------
                         required time                         -2.551    
                         arrival time                           2.646    
  -------------------------------------------------------------------
                         slack                                  0.095    





---------------------------------------------------------------------------------------------------
Path Group:  **async_default**
From Clock:  clk_out1_mts_mmcm_rf_0
  To Clock:  clk_out1_mts_mmcm_rf_0

Setup :            0  Failing Endpoints,  Worst Slack        0.073ns,  Total Violation        0.000ns
Hold  :            0  Failing Endpoints,  Worst Slack        0.410ns,  Total Violation        0.000ns
---------------------------------------------------------------------------------------------------


Max Delay Paths
--------------------------------------------------------------------------------------
Slack (MET) :             0.073ns  (required time - arrival time)
  Source:                 rf_bd/mts_i/rst_rf/U0/ACTIVE_LOW_PR_OUT_DFF[0].FDRE_PER_N/C
                            (rising edge-triggered cell FDRE clocked by clk_out1_mts_mmcm_rf_0  {rise@0.000ns fall@1.000ns period=2.000ns})
  Destination:            rf_bd/mts_i/usp_rf_data_converter_0/inst/i_rf_conv_mt_mrk_counter_adc00/adc_status_r_reg[9]/CLR
                            (recovery check against rising-edge clock clk_out1_mts_mmcm_rf_0  {rise@0.000ns fall@1.000ns period=2.000ns})
  Path Group:             **async_default**
  Path Type:              Recovery (Max at Slow Process Corner)
  Requirement:            2.000ns  (clk_out1_mts_mmcm_rf_0 rise@2.000ns - clk_out1_mts_mmcm_rf_0 rise@0.000ns)
  Data Path Delay:        1.719ns  (logic 0.076ns (4.421%)  route 1.643ns (95.579%))
  Logic Levels:           0  
  Clock Path Skew:        -0.092ns (DCD - SCD + CPR)
    Destination Clock Delay (DCD):    2.808ns = ( 4.808 - 2.000 ) 
    Source Clock Delay      (SCD):    2.875ns
    Clock Pessimism Removal (CPR):    -0.025ns
  Clock Uncertainty:      0.050ns  ((TSJ^2 + DJ^2)^1/2) / 2 + PE
    Total System Jitter     (TSJ):    0.071ns
    Discrete Jitter          (DJ):    0.070ns
    Phase Error              (PE):    0.000ns
  Clock Net Delay (Source):      2.548ns (routing 0.979ns, distribution 1.569ns)
  Clock Net Delay (Destination): 2.363ns (routing 0.890ns, distribution 1.473ns)

    Location             Delay type                Incr(ns)  Path(ns)    Netlist Resource(s)
  -------------------------------------------------------------------    -------------------
                         (clock clk_out1_mts_mmcm_rf_0 rise edge)
                                                      0.000     0.000 r  
    AN11                                              0.000     0.000 r  PL_CLK_clk_p[0] (IN)
                         net (fo=0)                   0.100     0.100    rf_bd/mts_i/ibufds_pl_clk/U0/USE_IBUFDS.GEN_IBUFDS[0].IBUFDS_I/I
    HPIOBDIFFINBUF_X0Y34 DIFFINBUF (Prop_DIFFINBUF_HPIOBDIFFINBUF_DIFF_IN_P_O)
                                                      0.666     0.766 r  rf_bd/mts_i/ibufds_pl_clk/U0/USE_IBUFDS.GEN_IBUFDS[0].IBUFDS_I/DIFFINBUF_INST/O
                         net (fo=1, routed)           0.050     0.816    rf_bd/mts_i/ibufds_pl_clk/U0/USE_IBUFDS.GEN_IBUFDS[0].IBUFDS_I/OUT
    AN11                 IBUFCTRL (Prop_IBUFCTRL_HPIOB_M_I_O)
                                                      0.000     0.816 r  rf_bd/mts_i/ibufds_pl_clk/U0/USE_IBUFDS.GEN_IBUFDS[0].IBUFDS_I/IBUFCTRL_INST/O
                         net (fo=1, routed)           0.336     1.152    rf_bd/mts_i/bufg_pl_clk/U0/BUFG_I[0]
    BUFGCE_X0Y36         BUFGCE (Prop_BUFCE_BUFGCE_I_O)
                                                      0.028     1.180 r  rf_bd/mts_i/bufg_pl_clk/U0/USE_BUFG.GEN_BUFG[0].BUFG_U/O
                         net (fo=132, routed)         1.596     2.776    rf_bd/mts_i/mmcm_rf/inst/clk_in1
    MMCM_X0Y1            MMCME4_ADV (Prop_MMCM_CLKIN1_CLKOUT0)
                                                     -2.721     0.055 r  rf_bd/mts_i/mmcm_rf/inst/mmcme4_adv_inst/CLKOUT0
                         net (fo=1, routed)           0.244     0.299    rf_bd/mts_i/mmcm_rf/inst/clk_out1_mts_mmcm_rf_0
    BUFGCE_X0Y26         BUFGCE (Prop_BUFCE_BUFGCE_I_O)
                                                      0.028     0.327 r  rf_bd/mts_i/mmcm_rf/inst/clkout1_buf/O
    X3Y3 (CLOCK_ROOT)    net (fo=7744, routed)        2.548     2.875    rf_bd/mts_i/rst_rf/U0/slowest_sync_clk
    SLICE_X99Y200        FDRE                                         r  rf_bd/mts_i/rst_rf/U0/ACTIVE_LOW_PR_OUT_DFF[0].FDRE_PER_N/C
  -------------------------------------------------------------------    -------------------
    SLICE_X99Y200        FDRE (Prop_FFF_SLICEM_C_Q)
                                                      0.076     2.951 r  rf_bd/mts_i/rst_rf/U0/ACTIVE_LOW_PR_OUT_DFF[0].FDRE_PER_N/Q
                         net (fo=245, routed)         1.643     4.594    rf_bd/mts_i/usp_rf_data_converter_0/inst/i_rf_conv_mt_mrk_counter_adc00/rst_n
    SLICE_X112Y80        FDCE                                         f  rf_bd/mts_i/usp_rf_data_converter_0/inst/i_rf_conv_mt_mrk_counter_adc00/adc_status_r_reg[9]/CLR  (IS_INVERTED)
  -------------------------------------------------------------------    -------------------

                         (clock clk_out1_mts_mmcm_rf_0 rise edge)
                                                      2.000     2.000 r  
    AN11                                              0.000     2.000 r  PL_CLK_clk_p[0] (IN)
                         net (fo=0)                   0.079     2.079    rf_bd/mts_i/ibufds_pl_clk/U0/USE_IBUFDS.GEN_IBUFDS[0].IBUFDS_I/I
    HPIOBDIFFINBUF_X0Y34 DIFFINBUF (Prop_DIFFINBUF_HPIOBDIFFINBUF_DIFF_IN_P_O)
                                                      0.556     2.635 r  rf_bd/mts_i/ibufds_pl_clk/U0/USE_IBUFDS.GEN_IBUFDS[0].IBUFDS_I/DIFFINBUF_INST/O
                         net (fo=1, routed)           0.040     2.675    rf_bd/mts_i/ibufds_pl_clk/U0/USE_IBUFDS.GEN_IBUFDS[0].IBUFDS_I/OUT
    AN11                 IBUFCTRL (Prop_IBUFCTRL_HPIOB_M_I_O)
                                                      0.000     2.675 r  rf_bd/mts_i/ibufds_pl_clk/U0/USE_IBUFDS.GEN_IBUFDS[0].IBUFDS_I/IBUFCTRL_INST/O
                         net (fo=1, routed)           0.300     2.975    rf_bd/mts_i/bufg_pl_clk/U0/BUFG_I[0]
    BUFGCE_X0Y36         BUFGCE (Prop_BUFCE_BUFGCE_I_O)
                                                      0.024     2.999 r  rf_bd/mts_i/bufg_pl_clk/U0/USE_BUFG.GEN_BUFG[0].BUFG_U/O
                         net (fo=132, routed)         1.430     4.429    rf_bd/mts_i/mmcm_rf/inst/clk_in1
    MMCM_X0Y1            MMCME4_ADV (Prop_MMCM_CLKIN1_CLKOUT0)
                                                     -2.222     2.207 r  rf_bd/mts_i/mmcm_rf/inst/mmcme4_adv_inst/CLKOUT0
                         net (fo=1, routed)           0.214     2.421    rf_bd/mts_i/mmcm_rf/inst/clk_out1_mts_mmcm_rf_0
    BUFGCE_X0Y26         BUFGCE (Prop_BUFCE_BUFGCE_I_O)
                                                      0.024     2.445 r  rf_bd/mts_i/mmcm_rf/inst/clkout1_buf/O
    X3Y3 (CLOCK_ROOT)    net (fo=7744, routed)        2.363     4.808    rf_bd/mts_i/usp_rf_data_converter_0/inst/i_rf_conv_mt_mrk_counter_adc00/clk
    SLICE_X112Y80        FDCE                                         r  rf_bd/mts_i/usp_rf_data_converter_0/inst/i_rf_conv_mt_mrk_counter_adc00/adc_status_r_reg[9]/C
                         clock pessimism             -0.025     4.783    
                         clock uncertainty           -0.050     4.733    
    SLICE_X112Y80        FDCE (Recov_AFF_SLICEM_C_CLR)
                                                     -0.066     4.667    rf_bd/mts_i/usp_rf_data_converter_0/inst/i_rf_conv_mt_mrk_counter_adc00/adc_status_r_reg[9]
  -------------------------------------------------------------------
                         required time                          4.667    
                         arrival time                          -4.594    
  -------------------------------------------------------------------
                         slack                                  0.073    





Min Delay Paths
--------------------------------------------------------------------------------------
Slack (MET) :             0.410ns  (arrival time - required time)
  Source:                 rf_bd/mts_i/rst_rf/U0/ACTIVE_LOW_PR_OUT_DFF[0].FDRE_PER_N/C
                            (rising edge-triggered cell FDRE clocked by clk_out1_mts_mmcm_rf_0  {rise@0.000ns fall@1.000ns period=2.000ns})
  Destination:            rf_bd/mts_i/usp_rf_data_converter_0/inst/i_rf_conv_mt_mrk_counter_adc02/mrk_cntr_ff_reg[13]/CLR
                            (removal check against rising-edge clock clk_out1_mts_mmcm_rf_0  {rise@0.000ns fall@1.000ns period=2.000ns})
  Path Group:             **async_default**
  Path Type:              Removal (Min at Fast Process Corner)
  Requirement:            0.000ns  (clk_out1_mts_mmcm_rf_0 rise@0.000ns - clk_out1_mts_mmcm_rf_0 rise@0.000ns)
  Data Path Delay:        0.548ns  (logic 0.037ns (6.746%)  route 0.511ns (93.254%))
  Logic Levels:           0  
  Clock Path Skew:        0.158ns (DCD - SCD - CPR)
    Destination Clock Delay (DCD):    1.893ns
    Source Clock Delay      (SCD):    1.710ns
    Clock Pessimism Removal (CPR):    0.025ns
  Clock Net Delay (Source):      1.403ns (routing 0.538ns, distribution 0.865ns)
  Clock Net Delay (Destination): 1.623ns (routing 0.597ns, distribution 1.026ns)

    Location             Delay type                Incr(ns)  Path(ns)    Netlist Resource(s)
  -------------------------------------------------------------------    -------------------
                         (clock clk_out1_mts_mmcm_rf_0 rise edge)
                                                      0.000     0.000 r  
    AN11                                              0.000     0.000 r  PL_CLK_clk_p[0] (IN)
                         net (fo=0)                   0.079     0.079    rf_bd/mts_i/ibufds_pl_clk/U0/USE_IBUFDS.GEN_IBUFDS[0].IBUFDS_I/I
    HPIOBDIFFINBUF_X0Y34 DIFFINBUF (Prop_DIFFINBUF_HPIOBDIFFINBUF_DIFF_IN_P_O)
                                                      0.332     0.411 r  rf_bd/mts_i/ibufds_pl_clk/U0/USE_IBUFDS.GEN_IBUFDS[0].IBUFDS_I/DIFFINBUF_INST/O
                         net (fo=1, routed)           0.040     0.451    rf_bd/mts_i/ibufds_pl_clk/U0/USE_IBUFDS.GEN_IBUFDS[0].IBUFDS_I/OUT
    AN11                 IBUFCTRL (Prop_IBUFCTRL_HPIOB_M_I_O)
                                                      0.000     0.451 r  rf_bd/mts_i/ibufds_pl_clk/U0/USE_IBUFDS.GEN_IBUFDS[0].IBUFDS_I/IBUFCTRL_INST/O
                         net (fo=1, routed)           0.194     0.645    rf_bd/mts_i/bufg_pl_clk/U0/BUFG_I[0]
    BUFGCE_X0Y36         BUFGCE (Prop_BUFCE_BUFGCE_I_O)
                                                      0.017     0.662 r  rf_bd/mts_i/bufg_pl_clk/U0/USE_BUFG.GEN_BUFG[0].BUFG_U/O
                         net (fo=132, routed)         0.883     1.545    rf_bd/mts_i/mmcm_rf/inst/clk_in1
    MMCM_X0Y1            MMCME4_ADV (Prop_MMCM_CLKIN1_CLKOUT0)
                                                     -1.400     0.145 r  rf_bd/mts_i/mmcm_rf/inst/mmcme4_adv_inst/CLKOUT0
                         net (fo=1, routed)           0.145     0.290    rf_bd/mts_i/mmcm_rf/inst/clk_out1_mts_mmcm_rf_0
    BUFGCE_X0Y26         BUFGCE (Prop_BUFCE_BUFGCE_I_O)
                                                      0.017     0.307 r  rf_bd/mts_i/mmcm_rf/inst/clkout1_buf/O
    X3Y3 (CLOCK_ROOT)    net (fo=7744, routed)        1.403     1.710    rf_bd/mts_i/rst_rf/U0/slowest_sync_clk
    SLICE_X99Y200        FDRE                                         r  rf_bd/mts_i/rst_rf/U0/ACTIVE_LOW_PR_OUT_DFF[0].FDRE_PER_N/C
  -------------------------------------------------------------------    -------------------
    SLICE_X99Y200        FDRE (Prop_FFF_SLICEM_C_Q)
                                                      0.037     1.747 r  rf_bd/mts_i/rst_rf/U0/ACTIVE_LOW_PR_OUT_DFF[0].FDRE_PER_N/Q
                         net (fo=245, routed)         0.511     2.258    rf_bd/mts_i/usp_rf_data_converter_0/inst/i_rf_conv_mt_mrk_counter_adc02/rst_n
    SLICE_X111Y171       FDCE                                         f  rf_bd/mts_i/usp_rf_data_converter_0/inst/i_rf_conv_mt_mrk_counter_adc02/mrk_cntr_ff_reg[13]/CLR  (IS_INVERTED)
  -------------------------------------------------------------------    -------------------

                         (clock clk_out1_mts_mmcm_rf_0 rise edge)
                                                      0.000     0.000 r  
    AN11                                              0.000     0.000 r  PL_CLK_clk_p[0] (IN)
                         net (fo=0)                   0.100     0.100    rf_bd/mts_i/ibufds_pl_clk/U0/USE_IBUFDS.GEN_IBUFDS[0].IBUFDS_I/I
    HPIOBDIFFINBUF_X0Y34 DIFFINBUF (Prop_DIFFINBUF_HPIOBDIFFINBUF_DIFF_IN_P_O)
                                                      0.437     0.537 r  rf_bd/mts_i/ibufds_pl_clk/U0/USE_IBUFDS.GEN_IBUFDS[0].IBUFDS_I/DIFFINBUF_INST/O
                         net (fo=1, routed)           0.050     0.587    rf_bd/mts_i/ibufds_pl_clk/U0/USE_IBUFDS.GEN_IBUFDS[0].IBUFDS_I/OUT
    AN11                 IBUFCTRL (Prop_IBUFCTRL_HPIOB_M_I_O)
                                                      0.000     0.587 r  rf_bd/mts_i/ibufds_pl_clk/U0/USE_IBUFDS.GEN_IBUFDS[0].IBUFDS_I/IBUFCTRL_INST/O
                         net (fo=1, routed)           0.235     0.822    rf_bd/mts_i/bufg_pl_clk/U0/BUFG_I[0]
    BUFGCE_X0Y36         BUFGCE (Prop_BUFCE_BUFGCE_I_O)
                                                      0.019     0.841 r  rf_bd/mts_i/bufg_pl_clk/U0/USE_BUFG.GEN_BUFG[0].BUFG_U/O
                         net (fo=132, routed)         0.988     1.829    rf_bd/mts_i/mmcm_rf/inst/clk_in1
    MMCM_X0Y1            MMCME4_ADV (Prop_MMCM_CLKIN1_CLKOUT0)
                                                     -1.743     0.086 r  rf_bd/mts_i/mmcm_rf/inst/mmcme4_adv_inst/CLKOUT0
                         net (fo=1, routed)           0.165     0.251    rf_bd/mts_i/mmcm_rf/inst/clk_out1_mts_mmcm_rf_0
    BUFGCE_X0Y26         BUFGCE (Prop_BUFCE_BUFGCE_I_O)
                                                      0.019     0.270 r  rf_bd/mts_i/mmcm_rf/inst/clkout1_buf/O
    X3Y3 (CLOCK_ROOT)    net (fo=7744, routed)        1.623     1.893    rf_bd/mts_i/usp_rf_data_converter_0/inst/i_rf_conv_mt_mrk_counter_adc02/clk
    SLICE_X111Y171       FDCE                                         r  rf_bd/mts_i/usp_rf_data_converter_0/inst/i_rf_conv_mt_mrk_counter_adc02/mrk_cntr_ff_reg[13]/C
                         clock pessimism             -0.025     1.868    
    SLICE_X111Y171       FDCE (Remov_HFF2_SLICEL_C_CLR)
                                                     -0.020     1.848    rf_bd/mts_i/usp_rf_data_converter_0/inst/i_rf_conv_mt_mrk_counter_adc02/mrk_cntr_ff_reg[13]
  -------------------------------------------------------------------
                         required time                         -1.848    
                         arrival time                           2.258    
  -------------------------------------------------------------------
                         slack                                  0.410    





---------------------------------------------------------------------------------------------------
Path Group:  **async_default**
From Clock:  clk_out1_mts_mmcm_rf_0
  To Clock:  clk_out2_mts_mmcm_rf_0

Setup :            0  Failing Endpoints,  Worst Slack        0.273ns,  Total Violation        0.000ns
Hold  :            0  Failing Endpoints,  Worst Slack        0.264ns,  Total Violation        0.000ns
---------------------------------------------------------------------------------------------------


Max Delay Paths
--------------------------------------------------------------------------------------
Slack (MET) :             0.273ns  (required time - arrival time)
  Source:                 rf_bd/mts_i/rst_rf/U0/ACTIVE_LOW_PR_OUT_DFF[0].FDRE_PER_N/C
                            (rising edge-triggered cell FDRE clocked by clk_out1_mts_mmcm_rf_0  {rise@0.000ns fall@1.000ns period=2.000ns})
  Destination:            g_gear.rst_s_reg[0]/PRE
                            (recovery check against rising-edge clock clk_out2_mts_mmcm_rf_0  {rise@0.000ns fall@2.000ns period=4.000ns})
  Path Group:             **async_default**
  Path Type:              Recovery (Max at Slow Process Corner)
  Requirement:            2.000ns  (clk_out2_mts_mmcm_rf_0 rise@4.000ns - clk_out1_mts_mmcm_rf_0 rise@2.000ns)
  Data Path Delay:        1.178ns  (logic 0.076ns (6.450%)  route 1.102ns (93.550%))
  Logic Levels:           0  
  Clock Path Skew:        -0.309ns (DCD - SCD + CPR)
    Destination Clock Delay (DCD):    2.718ns = ( 6.718 - 4.000 ) 
    Source Clock Delay      (SCD):    2.875ns = ( 4.875 - 2.000 ) 
    Clock Pessimism Removal (CPR):    -0.152ns
  Clock Uncertainty:      0.174ns  ((TSJ^2 + DJ^2)^1/2) / 2 + PE
    Total System Jitter     (TSJ):    0.071ns
    Discrete Jitter          (DJ):    0.081ns
    Phase Error              (PE):    0.120ns
  Clock Net Delay (Source):      2.548ns (routing 0.979ns, distribution 1.569ns)
  Clock Net Delay (Destination): 2.267ns (routing 0.972ns, distribution 1.295ns)

    Location             Delay type                Incr(ns)  Path(ns)    Netlist Resource(s)
  -------------------------------------------------------------------    -------------------
                         (clock clk_out1_mts_mmcm_rf_0 rise edge)
                                                      2.000     2.000 r  
    AN11                                              0.000     2.000 r  PL_CLK_clk_p[0] (IN)
                         net (fo=0)                   0.100     2.100    rf_bd/mts_i/ibufds_pl_clk/U0/USE_IBUFDS.GEN_IBUFDS[0].IBUFDS_I/I
    HPIOBDIFFINBUF_X0Y34 DIFFINBUF (Prop_DIFFINBUF_HPIOBDIFFINBUF_DIFF_IN_P_O)
                                                      0.666     2.766 r  rf_bd/mts_i/ibufds_pl_clk/U0/USE_IBUFDS.GEN_IBUFDS[0].IBUFDS_I/DIFFINBUF_INST/O
                         net (fo=1, routed)           0.050     2.816    rf_bd/mts_i/ibufds_pl_clk/U0/USE_IBUFDS.GEN_IBUFDS[0].IBUFDS_I/OUT
    AN11                 IBUFCTRL (Prop_IBUFCTRL_HPIOB_M_I_O)
                                                      0.000     2.816 r  rf_bd/mts_i/ibufds_pl_clk/U0/USE_IBUFDS.GEN_IBUFDS[0].IBUFDS_I/IBUFCTRL_INST/O
                         net (fo=1, routed)           0.336     3.152    rf_bd/mts_i/bufg_pl_clk/U0/BUFG_I[0]
    BUFGCE_X0Y36         BUFGCE (Prop_BUFCE_BUFGCE_I_O)
                                                      0.028     3.180 r  rf_bd/mts_i/bufg_pl_clk/U0/USE_BUFG.GEN_BUFG[0].BUFG_U/O
                         net (fo=132, routed)         1.596     4.776    rf_bd/mts_i/mmcm_rf/inst/clk_in1
    MMCM_X0Y1            MMCME4_ADV (Prop_MMCM_CLKIN1_CLKOUT0)
                                                     -2.721     2.055 r  rf_bd/mts_i/mmcm_rf/inst/mmcme4_adv_inst/CLKOUT0
                         net (fo=1, routed)           0.244     2.299    rf_bd/mts_i/mmcm_rf/inst/clk_out1_mts_mmcm_rf_0
    BUFGCE_X0Y26         BUFGCE (Prop_BUFCE_BUFGCE_I_O)
                                                      0.028     2.327 r  rf_bd/mts_i/mmcm_rf/inst/clkout1_buf/O
    X3Y3 (CLOCK_ROOT)    net (fo=7744, routed)        2.548     4.875    rf_bd/mts_i/rst_rf/U0/slowest_sync_clk
    SLICE_X99Y200        FDRE                                         r  rf_bd/mts_i/rst_rf/U0/ACTIVE_LOW_PR_OUT_DFF[0].FDRE_PER_N/C
  -------------------------------------------------------------------    -------------------
    SLICE_X99Y200        FDRE (Prop_FFF_SLICEM_C_Q)
                                                      0.076     4.951 r  rf_bd/mts_i/rst_rf/U0/ACTIVE_LOW_PR_OUT_DFF[0].FDRE_PER_N/Q
                         net (fo=245, routed)         1.102     6.053    rf_bd_n_263
    SLICE_X78Y213        FDPE                                         f  g_gear.rst_s_reg[0]/PRE  (IS_INVERTED)
  -------------------------------------------------------------------    -------------------

                         (clock clk_out2_mts_mmcm_rf_0 rise edge)
                                                      4.000     4.000 r  
    AN11                                              0.000     4.000 r  PL_CLK_clk_p[0] (IN)
                         net (fo=0)                   0.079     4.079    rf_bd/mts_i/ibufds_pl_clk/U0/USE_IBUFDS.GEN_IBUFDS[0].IBUFDS_I/I
    HPIOBDIFFINBUF_X0Y34 DIFFINBUF (Prop_DIFFINBUF_HPIOBDIFFINBUF_DIFF_IN_P_O)
                                                      0.556     4.635 r  rf_bd/mts_i/ibufds_pl_clk/U0/USE_IBUFDS.GEN_IBUFDS[0].IBUFDS_I/DIFFINBUF_INST/O
                         net (fo=1, routed)           0.040     4.675    rf_bd/mts_i/ibufds_pl_clk/U0/USE_IBUFDS.GEN_IBUFDS[0].IBUFDS_I/OUT
    AN11                 IBUFCTRL (Prop_IBUFCTRL_HPIOB_M_I_O)
                                                      0.000     4.675 r  rf_bd/mts_i/ibufds_pl_clk/U0/USE_IBUFDS.GEN_IBUFDS[0].IBUFDS_I/IBUFCTRL_INST/O
                         net (fo=1, routed)           0.300     4.975    rf_bd/mts_i/bufg_pl_clk/U0/BUFG_I[0]
    BUFGCE_X0Y36         BUFGCE (Prop_BUFCE_BUFGCE_I_O)
                                                      0.024     4.999 r  rf_bd/mts_i/bufg_pl_clk/U0/USE_BUFG.GEN_BUFG[0].BUFG_U/O
                         net (fo=132, routed)         1.430     6.429    rf_bd/mts_i/mmcm_rf/inst/clk_in1
    MMCM_X0Y1            MMCME4_ADV (Prop_MMCM_CLKIN1_CLKOUT1)
                                                     -2.222     4.207 r  rf_bd/mts_i/mmcm_rf/inst/mmcme4_adv_inst/CLKOUT1
                         net (fo=1, routed)           0.220     4.427    rf_bd/mts_i/mmcm_rf/inst/clk_out2_mts_mmcm_rf_0
    BUFGCE_X0Y39         BUFGCE (Prop_BUFCE_BUFGCE_I_O)
                                                      0.024     4.451 r  rf_bd/mts_i/mmcm_rf/inst/clkout2_buf/O
    X2Y3 (CLOCK_ROOT)    net (fo=165851, routed)      2.267     6.718    clk_st
    SLICE_X78Y213        FDPE                                         r  g_gear.rst_s_reg[0]/C
                         clock pessimism             -0.152     6.566    
                         clock uncertainty           -0.174     6.392    
    SLICE_X78Y213        FDPE (Recov_AFF_SLICEM_C_PRE)
                                                     -0.066     6.326    g_gear.rst_s_reg[0]
  -------------------------------------------------------------------
                         required time                          6.326    
                         arrival time                          -6.053    
  -------------------------------------------------------------------
                         slack                                  0.273    





Min Delay Paths
--------------------------------------------------------------------------------------
Slack (MET) :             0.264ns  (arrival time - required time)
  Source:                 rf_bd/mts_i/rst_rf/U0/ACTIVE_LOW_PR_OUT_DFF[0].FDRE_PER_N/C
                            (rising edge-triggered cell FDRE clocked by clk_out1_mts_mmcm_rf_0  {rise@0.000ns fall@1.000ns period=2.000ns})
  Destination:            g_gear.rst_s_reg[0]/PRE
                            (removal check against rising-edge clock clk_out2_mts_mmcm_rf_0  {rise@0.000ns fall@2.000ns period=4.000ns})
  Path Group:             **async_default**
  Path Type:              Removal (Min at Fast Process Corner)
  Requirement:            0.000ns  (clk_out2_mts_mmcm_rf_0 rise@0.000ns - clk_out1_mts_mmcm_rf_0 rise@0.000ns)
  Data Path Delay:        0.596ns  (logic 0.037ns (6.209%)  route 0.559ns (93.791%))
  Logic Levels:           0  
  Clock Path Skew:        0.178ns (DCD - SCD - CPR)
    Destination Clock Delay (DCD):    1.829ns
    Source Clock Delay      (SCD):    1.710ns
    Clock Pessimism Removal (CPR):    -0.059ns
  Clock Uncertainty:      0.174ns  ((TSJ^2 + DJ^2)^1/2) / 2 + PE
    Total System Jitter     (TSJ):    0.071ns
    Discrete Jitter          (DJ):    0.081ns
    Phase Error              (PE):    0.120ns
  Clock Net Delay (Source):      1.403ns (routing 0.538ns, distribution 0.865ns)
  Clock Net Delay (Destination): 1.554ns (routing 0.650ns, distribution 0.904ns)

    Location             Delay type                Incr(ns)  Path(ns)    Netlist Resource(s)
  -------------------------------------------------------------------    -------------------
                         (clock clk_out1_mts_mmcm_rf_0 rise edge)
                                                      0.000     0.000 r  
    AN11                                              0.000     0.000 r  PL_CLK_clk_p[0] (IN)
                         net (fo=0)                   0.079     0.079    rf_bd/mts_i/ibufds_pl_clk/U0/USE_IBUFDS.GEN_IBUFDS[0].IBUFDS_I/I
    HPIOBDIFFINBUF_X0Y34 DIFFINBUF (Prop_DIFFINBUF_HPIOBDIFFINBUF_DIFF_IN_P_O)
                                                      0.332     0.411 r  rf_bd/mts_i/ibufds_pl_clk/U0/USE_IBUFDS.GEN_IBUFDS[0].IBUFDS_I/DIFFINBUF_INST/O
                         net (fo=1, routed)           0.040     0.451    rf_bd/mts_i/ibufds_pl_clk/U0/USE_IBUFDS.GEN_IBUFDS[0].IBUFDS_I/OUT
    AN11                 IBUFCTRL (Prop_IBUFCTRL_HPIOB_M_I_O)
                                                      0.000     0.451 r  rf_bd/mts_i/ibufds_pl_clk/U0/USE_IBUFDS.GEN_IBUFDS[0].IBUFDS_I/IBUFCTRL_INST/O
                         net (fo=1, routed)           0.194     0.645    rf_bd/mts_i/bufg_pl_clk/U0/BUFG_I[0]
    BUFGCE_X0Y36         BUFGCE (Prop_BUFCE_BUFGCE_I_O)
                                                      0.017     0.662 r  rf_bd/mts_i/bufg_pl_clk/U0/USE_BUFG.GEN_BUFG[0].BUFG_U/O
                         net (fo=132, routed)         0.883     1.545    rf_bd/mts_i/mmcm_rf/inst/clk_in1
    MMCM_X0Y1            MMCME4_ADV (Prop_MMCM_CLKIN1_CLKOUT0)
                                                     -1.400     0.145 r  rf_bd/mts_i/mmcm_rf/inst/mmcme4_adv_inst/CLKOUT0
                         net (fo=1, routed)           0.145     0.290    rf_bd/mts_i/mmcm_rf/inst/clk_out1_mts_mmcm_rf_0
    BUFGCE_X0Y26         BUFGCE (Prop_BUFCE_BUFGCE_I_O)
                                                      0.017     0.307 r  rf_bd/mts_i/mmcm_rf/inst/clkout1_buf/O
    X3Y3 (CLOCK_ROOT)    net (fo=7744, routed)        1.403     1.710    rf_bd/mts_i/rst_rf/U0/slowest_sync_clk
    SLICE_X99Y200        FDRE                                         r  rf_bd/mts_i/rst_rf/U0/ACTIVE_LOW_PR_OUT_DFF[0].FDRE_PER_N/C
  -------------------------------------------------------------------    -------------------
    SLICE_X99Y200        FDRE (Prop_FFF_SLICEM_C_Q)
                                                      0.037     1.747 r  rf_bd/mts_i/rst_rf/U0/ACTIVE_LOW_PR_OUT_DFF[0].FDRE_PER_N/Q
                         net (fo=245, routed)         0.559     2.306    rf_bd_n_263
    SLICE_X78Y213        FDPE                                         f  g_gear.rst_s_reg[0]/PRE  (IS_INVERTED)
  -------------------------------------------------------------------    -------------------

                         (clock clk_out2_mts_mmcm_rf_0 rise edge)
                                                      0.000     0.000 r  
    AN11                                              0.000     0.000 r  PL_CLK_clk_p[0] (IN)
                         net (fo=0)                   0.100     0.100    rf_bd/mts_i/ibufds_pl_clk/U0/USE_IBUFDS.GEN_IBUFDS[0].IBUFDS_I/I
    HPIOBDIFFINBUF_X0Y34 DIFFINBUF (Prop_DIFFINBUF_HPIOBDIFFINBUF_DIFF_IN_P_O)
                                                      0.437     0.537 r  rf_bd/mts_i/ibufds_pl_clk/U0/USE_IBUFDS.GEN_IBUFDS[0].IBUFDS_I/DIFFINBUF_INST/O
                         net (fo=1, routed)           0.050     0.587    rf_bd/mts_i/ibufds_pl_clk/U0/USE_IBUFDS.GEN_IBUFDS[0].IBUFDS_I/OUT
    AN11                 IBUFCTRL (Prop_IBUFCTRL_HPIOB_M_I_O)
                                                      0.000     0.587 r  rf_bd/mts_i/ibufds_pl_clk/U0/USE_IBUFDS.GEN_IBUFDS[0].IBUFDS_I/IBUFCTRL_INST/O
                         net (fo=1, routed)           0.235     0.822    rf_bd/mts_i/bufg_pl_clk/U0/BUFG_I[0]
    BUFGCE_X0Y36         BUFGCE (Prop_BUFCE_BUFGCE_I_O)
                                                      0.019     0.841 r  rf_bd/mts_i/bufg_pl_clk/U0/USE_BUFG.GEN_BUFG[0].BUFG_U/O
                         net (fo=132, routed)         0.988     1.829    rf_bd/mts_i/mmcm_rf/inst/clk_in1
    MMCM_X0Y1            MMCME4_ADV (Prop_MMCM_CLKIN1_CLKOUT1)
                                                     -1.743     0.086 r  rf_bd/mts_i/mmcm_rf/inst/mmcme4_adv_inst/CLKOUT1
                         net (fo=1, routed)           0.170     0.256    rf_bd/mts_i/mmcm_rf/inst/clk_out2_mts_mmcm_rf_0
    BUFGCE_X0Y39         BUFGCE (Prop_BUFCE_BUFGCE_I_O)
                                                      0.019     0.275 r  rf_bd/mts_i/mmcm_rf/inst/clkout2_buf/O
    X2Y3 (CLOCK_ROOT)    net (fo=165851, routed)      1.554     1.829    clk_st
    SLICE_X78Y213        FDPE                                         r  g_gear.rst_s_reg[0]/C
                         clock pessimism              0.059     1.888    
                         clock uncertainty            0.174     2.061    
    SLICE_X78Y213        FDPE (Remov_AFF_SLICEM_C_PRE)
                                                     -0.020     2.041    g_gear.rst_s_reg[0]
  -------------------------------------------------------------------
                         required time                         -2.041    
                         arrival time                           2.306    
  -------------------------------------------------------------------
                         slack                                  0.264    





---------------------------------------------------------------------------------------------------
Path Group:  **async_default**
From Clock:  clk_out2_mts_mmcm_rf_0
  To Clock:  clk_out2_mts_mmcm_rf_0

Setup :            0  Failing Endpoints,  Worst Slack        1.628ns,  Total Violation        0.000ns
Hold  :            0  Failing Endpoints,  Worst Slack        0.074ns,  Total Violation        0.000ns
---------------------------------------------------------------------------------------------------


Max Delay Paths
--------------------------------------------------------------------------------------
Slack (MET) :             1.628ns  (required time - arrival time)
  Source:                 rf_bd/mts_i/ctrl_interconnect/m03_couplers/auto_ds/inst/gen_downsizer.gen_simple_downsizer.axi_downsizer_inst/USE_WRITE.write_addr_inst/USE_B_CHANNEL.cmd_b_queue/inst/fifo_gen_inst/inst_fifo_gen/gconvfifo.rf/grf.rf/rstblk/ngwrdrst.grst.g7serrst.gnsckt_wrst.gcc_rst.sckt_wr_rst_cc_reg[1]/C
                            (rising edge-triggered cell FDRE clocked by clk_out2_mts_mmcm_rf_0  {rise@0.000ns fall@2.000ns period=4.000ns})
  Destination:            rf_bd/mts_i/ctrl_interconnect/m03_couplers/auto_ds/inst/gen_downsizer.gen_simple_downsizer.axi_downsizer_inst/USE_WRITE.write_addr_inst/USE_B_CHANNEL.cmd_b_queue/inst/fifo_gen_inst/inst_fifo_gen/gconvfifo.rf/grf.rf/gntv_or_sync_fifo.gl0.rd/rpntr/gc0.count_reg[1]/CLR
                            (recovery check against rising-edge clock clk_out2_mts_mmcm_rf_0  {rise@0.000ns fall@2.000ns period=4.000ns})
  Path Group:             **async_default**
  Path Type:              Recovery (Max at Slow Process Corner)
  Requirement:            4.000ns  (clk_out2_mts_mmcm_rf_0 rise@4.000ns - clk_out2_mts_mmcm_rf_0 rise@0.000ns)
  Data Path Delay:        2.225ns  (logic 0.229ns (10.291%)  route 1.996ns (89.709%))
  Logic Levels:           1  (LUT3=1)
  Clock Path Skew:        -0.028ns (DCD - SCD + CPR)
    Destination Clock Delay (DCD):    2.749ns = ( 6.749 - 4.000 ) 
    Source Clock Delay      (SCD):    2.838ns
    Clock Pessimism Removal (CPR):    0.062ns
  Clock Uncertainty:      0.054ns  ((TSJ^2 + DJ^2)^1/2) / 2 + PE
    Total System Jitter     (TSJ):    0.071ns
    Discrete Jitter          (DJ):    0.081ns
    Phase Error              (PE):    0.000ns
  Clock Net Delay (Source):      2.504ns (routing 1.068ns, distribution 1.436ns)
  Clock Net Delay (Destination): 2.298ns (routing 0.972ns, distribution 1.326ns)

    Location             Delay type                Incr(ns)  Path(ns)    Netlist Resource(s)
  -------------------------------------------------------------------    -------------------
                         (clock clk_out2_mts_mmcm_rf_0 rise edge)
                                                      0.000     0.000 r  
    AN11                                              0.000     0.000 r  PL_CLK_clk_p[0] (IN)
                         net (fo=0)                   0.100     0.100    rf_bd/mts_i/ibufds_pl_clk/U0/USE_IBUFDS.GEN_IBUFDS[0].IBUFDS_I/I
    HPIOBDIFFINBUF_X0Y34 DIFFINBUF (Prop_DIFFINBUF_HPIOBDIFFINBUF_DIFF_IN_P_O)
                                                      0.666     0.766 r  rf_bd/mts_i/ibufds_pl_clk/U0/USE_IBUFDS.GEN_IBUFDS[0].IBUFDS_I/DIFFINBUF_INST/O
                         net (fo=1, routed)           0.050     0.816    rf_bd/mts_i/ibufds_pl_clk/U0/USE_IBUFDS.GEN_IBUFDS[0].IBUFDS_I/OUT
    AN11                 IBUFCTRL (Prop_IBUFCTRL_HPIOB_M_I_O)
                                                      0.000     0.816 r  rf_bd/mts_i/ibufds_pl_clk/U0/USE_IBUFDS.GEN_IBUFDS[0].IBUFDS_I/IBUFCTRL_INST/O
                         net (fo=1, routed)           0.336     1.152    rf_bd/mts_i/bufg_pl_clk/U0/BUFG_I[0]
    BUFGCE_X0Y36         BUFGCE (Prop_BUFCE_BUFGCE_I_O)
                                                      0.028     1.180 r  rf_bd/mts_i/bufg_pl_clk/U0/USE_BUFG.GEN_BUFG[0].BUFG_U/O
                         net (fo=132, routed)         1.596     2.776    rf_bd/mts_i/mmcm_rf/inst/clk_in1
    MMCM_X0Y1            MMCME4_ADV (Prop_MMCM_CLKIN1_CLKOUT1)
                                                     -2.721     0.055 r  rf_bd/mts_i/mmcm_rf/inst/mmcme4_adv_inst/CLKOUT1
                         net (fo=1, routed)           0.251     0.306    rf_bd/mts_i/mmcm_rf/inst/clk_out2_mts_mmcm_rf_0
    BUFGCE_X0Y39         BUFGCE (Prop_BUFCE_BUFGCE_I_O)
                                                      0.028     0.334 r  rf_bd/mts_i/mmcm_rf/inst/clkout2_buf/O
    X2Y3 (CLOCK_ROOT)    net (fo=165851, routed)      2.504     2.838    rf_bd/mts_i/ctrl_interconnect/m03_couplers/auto_ds/inst/gen_downsizer.gen_simple_downsizer.axi_downsizer_inst/USE_WRITE.write_addr_inst/USE_B_CHANNEL.cmd_b_queue/inst/fifo_gen_inst/inst_fifo_gen/gconvfifo.rf/grf.rf/rstblk/clk
    SLICE_X40Y244        FDRE                                         r  rf_bd/mts_i/ctrl_interconnect/m03_couplers/auto_ds/inst/gen_downsizer.gen_simple_downsizer.axi_downsizer_inst/USE_WRITE.write_addr_inst/USE_B_CHANNEL.cmd_b_queue/inst/fifo_gen_inst/inst_fifo_gen/gconvfifo.rf/grf.rf/rstblk/ngwrdrst.grst.g7serrst.gnsckt_wrst.gcc_rst.sckt_wr_rst_cc_reg[1]/C
  -------------------------------------------------------------------    -------------------
    SLICE_X40Y244        FDRE (Prop_EFF_SLICEL_C_Q)
                                                      0.079     2.917 f  rf_bd/mts_i/ctrl_interconnect/m03_couplers/auto_ds/inst/gen_downsizer.gen_simple_downsizer.axi_downsizer_inst/USE_WRITE.write_addr_inst/USE_B_CHANNEL.cmd_b_queue/inst/fifo_gen_inst/inst_fifo_gen/gconvfifo.rf/grf.rf/rstblk/ngwrdrst.grst.g7serrst.gnsckt_wrst.gcc_rst.sckt_wr_rst_cc_reg[1]/Q
                         net (fo=2, routed)           0.798     3.715    rf_bd/mts_i/ctrl_interconnect/m03_couplers/auto_ds/inst/gen_downsizer.gen_simple_downsizer.axi_downsizer_inst/USE_WRITE.write_addr_inst/USE_B_CHANNEL.cmd_b_queue/inst/fifo_gen_inst/inst_fifo_gen/gconvfifo.rf/grf.rf/rstblk/ngwrdrst.grst.g7serrst.gnsckt_wrst.gcc_rst.sckt_wr_rst_cc[1]
    SLICE_X42Y246        LUT3 (Prop_A6LUT_SLICEM_I0_O)
                                                      0.150     3.865 f  rf_bd/mts_i/ctrl_interconnect/m03_couplers/auto_ds/inst/gen_downsizer.gen_simple_downsizer.axi_downsizer_inst/USE_WRITE.write_addr_inst/USE_B_CHANNEL.cmd_b_queue/inst/fifo_gen_inst/inst_fifo_gen/gconvfifo.rf/grf.rf/rstblk/gpregsm1.curr_fwft_state[1]_i_2/O
                         net (fo=32, routed)          1.199     5.063    rf_bd/mts_i/ctrl_interconnect/m03_couplers/auto_ds/inst/gen_downsizer.gen_simple_downsizer.axi_downsizer_inst/USE_WRITE.write_addr_inst/USE_B_CHANNEL.cmd_b_queue/inst/fifo_gen_inst/inst_fifo_gen/gconvfifo.rf/grf.rf/gntv_or_sync_fifo.gl0.rd/rpntr/gc0.count_d1_reg[4]_1
    SLICE_X36Y251        FDCE                                         f  rf_bd/mts_i/ctrl_interconnect/m03_couplers/auto_ds/inst/gen_downsizer.gen_simple_downsizer.axi_downsizer_inst/USE_WRITE.write_addr_inst/USE_B_CHANNEL.cmd_b_queue/inst/fifo_gen_inst/inst_fifo_gen/gconvfifo.rf/grf.rf/gntv_or_sync_fifo.gl0.rd/rpntr/gc0.count_reg[1]/CLR
  -------------------------------------------------------------------    -------------------

                         (clock clk_out2_mts_mmcm_rf_0 rise edge)
                                                      4.000     4.000 r  
    AN11                                              0.000     4.000 r  PL_CLK_clk_p[0] (IN)
                         net (fo=0)                   0.079     4.079    rf_bd/mts_i/ibufds_pl_clk/U0/USE_IBUFDS.GEN_IBUFDS[0].IBUFDS_I/I
    HPIOBDIFFINBUF_X0Y34 DIFFINBUF (Prop_DIFFINBUF_HPIOBDIFFINBUF_DIFF_IN_P_O)
                                                      0.556     4.635 r  rf_bd/mts_i/ibufds_pl_clk/U0/USE_IBUFDS.GEN_IBUFDS[0].IBUFDS_I/DIFFINBUF_INST/O
                         net (fo=1, routed)           0.040     4.675    rf_bd/mts_i/ibufds_pl_clk/U0/USE_IBUFDS.GEN_IBUFDS[0].IBUFDS_I/OUT
    AN11                 IBUFCTRL (Prop_IBUFCTRL_HPIOB_M_I_O)
                                                      0.000     4.675 r  rf_bd/mts_i/ibufds_pl_clk/U0/USE_IBUFDS.GEN_IBUFDS[0].IBUFDS_I/IBUFCTRL_INST/O
                         net (fo=1, routed)           0.300     4.975    rf_bd/mts_i/bufg_pl_clk/U0/BUFG_I[0]
    BUFGCE_X0Y36         BUFGCE (Prop_BUFCE_BUFGCE_I_O)
                                                      0.024     4.999 r  rf_bd/mts_i/bufg_pl_clk/U0/USE_BUFG.GEN_BUFG[0].BUFG_U/O
                         net (fo=132, routed)         1.430     6.429    rf_bd/mts_i/mmcm_rf/inst/clk_in1
    MMCM_X0Y1            MMCME4_ADV (Prop_MMCM_CLKIN1_CLKOUT1)
                                                     -2.222     4.207 r  rf_bd/mts_i/mmcm_rf/inst/mmcme4_adv_inst/CLKOUT1
                         net (fo=1, routed)           0.220     4.427    rf_bd/mts_i/mmcm_rf/inst/clk_out2_mts_mmcm_rf_0
    BUFGCE_X0Y39         BUFGCE (Prop_BUFCE_BUFGCE_I_O)
                                                      0.024     4.451 r  rf_bd/mts_i/mmcm_rf/inst/clkout2_buf/O
    X2Y3 (CLOCK_ROOT)    net (fo=165851, routed)      2.298     6.749    rf_bd/mts_i/ctrl_interconnect/m03_couplers/auto_ds/inst/gen_downsizer.gen_simple_downsizer.axi_downsizer_inst/USE_WRITE.write_addr_inst/USE_B_CHANNEL.cmd_b_queue/inst/fifo_gen_inst/inst_fifo_gen/gconvfifo.rf/grf.rf/gntv_or_sync_fifo.gl0.rd/rpntr/clk
    SLICE_X36Y251        FDCE                                         r  rf_bd/mts_i/ctrl_interconnect/m03_couplers/auto_ds/inst/gen_downsizer.gen_simple_downsizer.axi_downsizer_inst/USE_WRITE.write_addr_inst/USE_B_CHANNEL.cmd_b_queue/inst/fifo_gen_inst/inst_fifo_gen/gconvfifo.rf/grf.rf/gntv_or_sync_fifo.gl0.rd/rpntr/gc0.count_reg[1]/C
                         clock pessimism              0.062     6.810    
                         clock uncertainty           -0.054     6.757    
    SLICE_X36Y251        FDCE (Recov_HFF_SLICEL_C_CLR)
                                                     -0.066     6.691    rf_bd/mts_i/ctrl_interconnect/m03_couplers/auto_ds/inst/gen_downsizer.gen_simple_downsizer.axi_downsizer_inst/USE_WRITE.write_addr_inst/USE_B_CHANNEL.cmd_b_queue/inst/fifo_gen_inst/inst_fifo_gen/gconvfifo.rf/grf.rf/gntv_or_sync_fifo.gl0.rd/rpntr/gc0.count_reg[1]
  -------------------------------------------------------------------
                         required time                          6.691    
                         arrival time                          -5.063    
  -------------------------------------------------------------------
                         slack                                  1.628    





Min Delay Paths
--------------------------------------------------------------------------------------
Slack (MET) :             0.074ns  (arrival time - required time)
  Source:                 rf_bd/mts_i/ctrl_interconnect/m06_couplers/auto_cc/inst/gen_clock_conv.gen_async_conv.asyncfifo_axi/inst_fifo_gen/gaxi_full_lite.gwrite_ch.gwdch2.axi_wdch/grf.rf/rstblk/ngwrdrst.grst.g7serrst.gnsckt_wrst.gic_rst.rst_rd_reg2_inst/arststages_ff_reg[1]/C
                            (rising edge-triggered cell FDPE clocked by clk_out2_mts_mmcm_rf_0  {rise@0.000ns fall@2.000ns period=4.000ns})
  Destination:            rf_bd/mts_i/ctrl_interconnect/m06_couplers/auto_cc/inst/gen_clock_conv.gen_async_conv.asyncfifo_axi/inst_fifo_gen/gaxi_full_lite.gwrite_ch.gwdch2.axi_wdch/grf.rf/rstblk/ngwrdrst.grst.g7serrst.gnsckt_wrst.gic_rst.sckt_rd_rst_ic_reg/PRE
                            (removal check against rising-edge clock clk_out2_mts_mmcm_rf_0  {rise@0.000ns fall@2.000ns period=4.000ns})
  Path Group:             **async_default**
  Path Type:              Removal (Min at Fast Process Corner)
  Requirement:            0.000ns  (clk_out2_mts_mmcm_rf_0 rise@0.000ns - clk_out2_mts_mmcm_rf_0 rise@0.000ns)
  Data Path Delay:        0.140ns  (logic 0.039ns (27.857%)  route 0.101ns (72.143%))
  Logic Levels:           0  
  Clock Path Skew:        0.086ns (DCD - SCD - CPR)
    Destination Clock Delay (DCD):    1.911ns
    Source Clock Delay      (SCD):    1.740ns
    Clock Pessimism Removal (CPR):    0.085ns
  Clock Net Delay (Source):      1.429ns (routing 0.585ns, distribution 0.844ns)
  Clock Net Delay (Destination): 1.636ns (routing 0.650ns, distribution 0.986ns)

    Location             Delay type                Incr(ns)  Path(ns)    Netlist Resource(s)
  -------------------------------------------------------------------    -------------------
                         (clock clk_out2_mts_mmcm_rf_0 rise edge)
                                                      0.000     0.000 r  
    AN11                                              0.000     0.000 r  PL_CLK_clk_p[0] (IN)
                         net (fo=0)                   0.079     0.079    rf_bd/mts_i/ibufds_pl_clk/U0/USE_IBUFDS.GEN_IBUFDS[0].IBUFDS_I/I
    HPIOBDIFFINBUF_X0Y34 DIFFINBUF (Prop_DIFFINBUF_HPIOBDIFFINBUF_DIFF_IN_P_O)
                                                      0.332     0.411 r  rf_bd/mts_i/ibufds_pl_clk/U0/USE_IBUFDS.GEN_IBUFDS[0].IBUFDS_I/DIFFINBUF_INST/O
                         net (fo=1, routed)           0.040     0.451    rf_bd/mts_i/ibufds_pl_clk/U0/USE_IBUFDS.GEN_IBUFDS[0].IBUFDS_I/OUT
    AN11                 IBUFCTRL (Prop_IBUFCTRL_HPIOB_M_I_O)
                                                      0.000     0.451 r  rf_bd/mts_i/ibufds_pl_clk/U0/USE_IBUFDS.GEN_IBUFDS[0].IBUFDS_I/IBUFCTRL_INST/O
                         net (fo=1, routed)           0.194     0.645    rf_bd/mts_i/bufg_pl_clk/U0/BUFG_I[0]
    BUFGCE_X0Y36         BUFGCE (Prop_BUFCE_BUFGCE_I_O)
                                                      0.017     0.662 r  rf_bd/mts_i/bufg_pl_clk/U0/USE_BUFG.GEN_BUFG[0].BUFG_U/O
                         net (fo=132, routed)         0.883     1.545    rf_bd/mts_i/mmcm_rf/inst/clk_in1
    MMCM_X0Y1            MMCME4_ADV (Prop_MMCM_CLKIN1_CLKOUT1)
                                                     -1.400     0.145 r  rf_bd/mts_i/mmcm_rf/inst/mmcme4_adv_inst/CLKOUT1
                         net (fo=1, routed)           0.149     0.294    rf_bd/mts_i/mmcm_rf/inst/clk_out2_mts_mmcm_rf_0
    BUFGCE_X0Y39         BUFGCE (Prop_BUFCE_BUFGCE_I_O)
                                                      0.017     0.311 r  rf_bd/mts_i/mmcm_rf/inst/clkout2_buf/O
    X2Y3 (CLOCK_ROOT)    net (fo=165851, routed)      1.429     1.740    rf_bd/mts_i/ctrl_interconnect/m06_couplers/auto_cc/inst/gen_clock_conv.gen_async_conv.asyncfifo_axi/inst_fifo_gen/gaxi_full_lite.gwrite_ch.gwdch2.axi_wdch/grf.rf/rstblk/ngwrdrst.grst.g7serrst.gnsckt_wrst.gic_rst.rst_rd_reg2_inst/dest_clk
    SLICE_X21Y242        FDPE                                         r  rf_bd/mts_i/ctrl_interconnect/m06_couplers/auto_cc/inst/gen_clock_conv.gen_async_conv.asyncfifo_axi/inst_fifo_gen/gaxi_full_lite.gwrite_ch.gwdch2.axi_wdch/grf.rf/rstblk/ngwrdrst.grst.g7serrst.gnsckt_wrst.gic_rst.rst_rd_reg2_inst/arststages_ff_reg[1]/C
  -------------------------------------------------------------------    -------------------
    SLICE_X21Y242        FDPE (Prop_AFF2_SLICEM_C_Q)
                                                      0.039     1.779 f  rf_bd/mts_i/ctrl_interconnect/m06_couplers/auto_cc/inst/gen_clock_conv.gen_async_conv.asyncfifo_axi/inst_fifo_gen/gaxi_full_lite.gwrite_ch.gwdch2.axi_wdch/grf.rf/rstblk/ngwrdrst.grst.g7serrst.gnsckt_wrst.gic_rst.rst_rd_reg2_inst/arststages_ff_reg[1]/Q
                         net (fo=3, routed)           0.101     1.880    rf_bd/mts_i/ctrl_interconnect/m06_couplers/auto_cc/inst/gen_clock_conv.gen_async_conv.asyncfifo_axi/inst_fifo_gen/gaxi_full_lite.gwrite_ch.gwdch2.axi_wdch/grf.rf/rstblk/ngwrdrst.grst.rst_rd_reg2
    SLICE_X20Y242        FDPE                                         f  rf_bd/mts_i/ctrl_interconnect/m06_couplers/auto_cc/inst/gen_clock_conv.gen_async_conv.asyncfifo_axi/inst_fifo_gen/gaxi_full_lite.gwrite_ch.gwdch2.axi_wdch/grf.rf/rstblk/ngwrdrst.grst.g7serrst.gnsckt_wrst.gic_rst.sckt_rd_rst_ic_reg/PRE
  -------------------------------------------------------------------    -------------------

                         (clock clk_out2_mts_mmcm_rf_0 rise edge)
                                                      0.000     0.000 r  
    AN11                                              0.000     0.000 r  PL_CLK_clk_p[0] (IN)
                         net (fo=0)                   0.100     0.100    rf_bd/mts_i/ibufds_pl_clk/U0/USE_IBUFDS.GEN_IBUFDS[0].IBUFDS_I/I
    HPIOBDIFFINBUF_X0Y34 DIFFINBUF (Prop_DIFFINBUF_HPIOBDIFFINBUF_DIFF_IN_P_O)
                                                      0.437     0.537 r  rf_bd/mts_i/ibufds_pl_clk/U0/USE_IBUFDS.GEN_IBUFDS[0].IBUFDS_I/DIFFINBUF_INST/O
                         net (fo=1, routed)           0.050     0.587    rf_bd/mts_i/ibufds_pl_clk/U0/USE_IBUFDS.GEN_IBUFDS[0].IBUFDS_I/OUT
    AN11                 IBUFCTRL (Prop_IBUFCTRL_HPIOB_M_I_O)
                                                      0.000     0.587 r  rf_bd/mts_i/ibufds_pl_clk/U0/USE_IBUFDS.GEN_IBUFDS[0].IBUFDS_I/IBUFCTRL_INST/O
                         net (fo=1, routed)           0.235     0.822    rf_bd/mts_i/bufg_pl_clk/U0/BUFG_I[0]
    BUFGCE_X0Y36         BUFGCE (Prop_BUFCE_BUFGCE_I_O)
                                                      0.019     0.841 r  rf_bd/mts_i/bufg_pl_clk/U0/USE_BUFG.GEN_BUFG[0].BUFG_U/O
                         net (fo=132, routed)         0.988     1.829    rf_bd/mts_i/mmcm_rf/inst/clk_in1
    MMCM_X0Y1            MMCME4_ADV (Prop_MMCM_CLKIN1_CLKOUT1)
                                                     -1.743     0.086 r  rf_bd/mts_i/mmcm_rf/inst/mmcme4_adv_inst/CLKOUT1
                         net (fo=1, routed)           0.170     0.256    rf_bd/mts_i/mmcm_rf/inst/clk_out2_mts_mmcm_rf_0
    BUFGCE_X0Y39         BUFGCE (Prop_BUFCE_BUFGCE_I_O)
                                                      0.019     0.275 r  rf_bd/mts_i/mmcm_rf/inst/clkout2_buf/O
    X2Y3 (CLOCK_ROOT)    net (fo=165851, routed)      1.636     1.911    rf_bd/mts_i/ctrl_interconnect/m06_couplers/auto_cc/inst/gen_clock_conv.gen_async_conv.asyncfifo_axi/inst_fifo_gen/gaxi_full_lite.gwrite_ch.gwdch2.axi_wdch/grf.rf/rstblk/m_aclk
    SLICE_X20Y242        FDPE                                         r  rf_bd/mts_i/ctrl_interconnect/m06_couplers/auto_cc/inst/gen_clock_conv.gen_async_conv.asyncfifo_axi/inst_fifo_gen/gaxi_full_lite.gwrite_ch.gwdch2.axi_wdch/grf.rf/rstblk/ngwrdrst.grst.g7serrst.gnsckt_wrst.gic_rst.sckt_rd_rst_ic_reg/C
                         clock pessimism             -0.085     1.826    
    SLICE_X20Y242        FDPE (Remov_HFF2_SLICEM_C_PRE)
                                                     -0.020     1.806    rf_bd/mts_i/ctrl_interconnect/m06_couplers/auto_cc/inst/gen_clock_conv.gen_async_conv.asyncfifo_axi/inst_fifo_gen/gaxi_full_lite.gwrite_ch.gwdch2.axi_wdch/grf.rf/rstblk/ngwrdrst.grst.g7serrst.gnsckt_wrst.gic_rst.sckt_rd_rst_ic_reg
  -------------------------------------------------------------------
                         required time                         -1.806    
                         arrival time                           1.880    
  -------------------------------------------------------------------
                         slack                                  0.074    





---------------------------------------------------------------------------------------------------
Path Group:  **async_default**
From Clock:  clk_pl_0
  To Clock:  clk_pl_0

Setup :            0  Failing Endpoints,  Worst Slack        6.556ns,  Total Violation        0.000ns
Hold  :            0  Failing Endpoints,  Worst Slack        0.088ns,  Total Violation        0.000ns
---------------------------------------------------------------------------------------------------


Max Delay Paths
--------------------------------------------------------------------------------------
Slack (MET) :             6.556ns  (required time - arrival time)
  Source:                 rf_bd/mts_i/rst_ps/U0/ACTIVE_LOW_PR_OUT_DFF[0].FDRE_PER_N/C
                            (rising edge-triggered cell FDRE clocked by clk_pl_0  {rise@0.000ns fall@5.000ns period=10.000ns})
  Destination:            rf_bd/mts_i/usp_rf_data_converter_0/inst/i_mts_sysref_count_adc/sysref_sync_ff_reg/CLR
                            (recovery check against rising-edge clock clk_pl_0  {rise@0.000ns fall@5.000ns period=10.000ns})
  Path Group:             **async_default**
  Path Type:              Recovery (Max at Slow Process Corner)
  Requirement:            10.000ns  (clk_pl_0 rise@10.000ns - clk_pl_0 rise@0.000ns)
  Data Path Delay:        3.291ns  (logic 0.107ns (3.251%)  route 3.184ns (96.749%))
  Logic Levels:           1  (BUFGCE=1)
  Clock Path Skew:        0.042ns (DCD - SCD + CPR)
    Destination Clock Delay (DCD):    2.282ns = ( 12.282 - 10.000 ) 
    Source Clock Delay      (SCD):    2.351ns
    Clock Pessimism Removal (CPR):    0.111ns
  Clock Uncertainty:      0.130ns  ((TSJ^2 + DJ^2)^1/2) / 2 + PE
    Total System Jitter     (TSJ):    0.071ns
    Discrete Jitter          (DJ):    0.250ns
    Phase Error              (PE):    0.000ns
  Clock Net Delay (Source):      2.125ns (routing 0.662ns, distribution 1.463ns)
  Clock Net Delay (Destination): 2.100ns (routing 0.599ns, distribution 1.501ns)

    Location             Delay type                Incr(ns)  Path(ns)    Netlist Resource(s)
  -------------------------------------------------------------------    -------------------
                         (clock clk_pl_0 rise edge)
                                                      0.000     0.000 r  
    PS8_X0Y0             PS8                          0.000     0.000 r  rf_bd/mts_i/zynq_ultra_ps_e_0/inst/PS8_i/PLCLK[0]
                         net (fo=1, routed)           0.198     0.198    rf_bd/mts_i/zynq_ultra_ps_e_0/inst/pl_clk_unbuffered[0]
    BUFG_PS_X0Y48        BUFG_PS (Prop_BUFG_PS_I_O)
                                                      0.028     0.226 r  rf_bd/mts_i/zynq_ultra_ps_e_0/inst/buffer_pl_clk_0.PL_CLK_0_BUFG/O
    X2Y3 (CLOCK_ROOT)    net (fo=32907, routed)       2.125     2.351    rf_bd/mts_i/rst_ps/U0/slowest_sync_clk
    SLICE_X28Y156        FDRE                                         r  rf_bd/mts_i/rst_ps/U0/ACTIVE_LOW_PR_OUT_DFF[0].FDRE_PER_N/C
  -------------------------------------------------------------------    -------------------
    SLICE_X28Y156        FDRE (Prop_EFF2_SLICEM_C_Q)
                                                      0.079     2.430 r  rf_bd/mts_i/rst_ps/U0/ACTIVE_LOW_PR_OUT_DFF[0].FDRE_PER_N/Q
                         net (fo=1, routed)           2.037     4.467    rf_bd/mts_i/rst_ps/U0/peripheral_aresetn[0]_bufg_place
    BUFGCE_X0Y79         BUFGCE (Prop_BUFCE_BUFGCE_I_O)
                                                      0.028     4.495 r  rf_bd/mts_i/rst_ps/U0/ACTIVE_LOW_PR_OUT_DFF[0].FDRE_PER_N_bufg_place/O
                         net (fo=3357, routed)        1.147     5.642    rf_bd/mts_i/usp_rf_data_converter_0/inst/i_mts_sysref_count_adc/reset_b
    SLICE_X105Y217       FDCE                                         f  rf_bd/mts_i/usp_rf_data_converter_0/inst/i_mts_sysref_count_adc/sysref_sync_ff_reg/CLR  (IS_INVERTED)
  -------------------------------------------------------------------    -------------------

                         (clock clk_pl_0 rise edge)
                                                     10.000    10.000 r  
    PS8_X0Y0             PS8                          0.000    10.000 r  rf_bd/mts_i/zynq_ultra_ps_e_0/inst/PS8_i/PLCLK[0]
                         net (fo=1, routed)           0.157    10.157    rf_bd/mts_i/zynq_ultra_ps_e_0/inst/pl_clk_unbuffered[0]
    BUFG_PS_X0Y48        BUFG_PS (Prop_BUFG_PS_I_O)
                                                      0.025    10.182 r  rf_bd/mts_i/zynq_ultra_ps_e_0/inst/buffer_pl_clk_0.PL_CLK_0_BUFG/O
    X2Y3 (CLOCK_ROOT)    net (fo=32907, routed)       2.100    12.282    rf_bd/mts_i/usp_rf_data_converter_0/inst/i_mts_sysref_count_adc/clk
    SLICE_X105Y217       FDCE                                         r  rf_bd/mts_i/usp_rf_data_converter_0/inst/i_mts_sysref_count_adc/sysref_sync_ff_reg/C
                         clock pessimism              0.111    12.393    
                         clock uncertainty           -0.130    12.264    
    SLICE_X105Y217       FDCE (Recov_AFF_SLICEL_C_CLR)
                                                     -0.066    12.198    rf_bd/mts_i/usp_rf_data_converter_0/inst/i_mts_sysref_count_adc/sysref_sync_ff_reg
  -------------------------------------------------------------------
                         required time                         12.198    
                         arrival time                          -5.642    
  -------------------------------------------------------------------
                         slack                                  6.556    





Min Delay Paths
--------------------------------------------------------------------------------------
Slack (MET) :             0.088ns  (arrival time - required time)
  Source:                 rf_bd/mts_i/ctrl_interconnect/m06_couplers/auto_cc/inst/gen_clock_conv.gen_async_conv.asyncfifo_axi/inst_fifo_gen/gaxi_full_lite.gwrite_ch.gwach2.axi_wach/grf.rf/rstblk/ngwrdrst.grst.g7serrst.gnsckt_wrst.gic_rst.sckt_wr_rst_ic_reg/C
                            (rising edge-triggered cell FDPE clocked by clk_pl_0  {rise@0.000ns fall@5.000ns period=10.000ns})
  Destination:            rf_bd/mts_i/ctrl_interconnect/m06_couplers/auto_cc/inst/gen_clock_conv.gen_async_conv.asyncfifo_axi/inst_fifo_gen/gaxi_full_lite.gwrite_ch.gwach2.axi_wach/grf.rf/gntv_or_sync_fifo.gl0.wr/wpntr/gic0.gc0.count_d2_reg[0]/CLR
                            (removal check against rising-edge clock clk_pl_0  {rise@0.000ns fall@5.000ns period=10.000ns})
  Path Group:             **async_default**
  Path Type:              Removal (Min at Slow Process Corner)
  Requirement:            0.000ns  (clk_pl_0 rise@0.000ns - clk_pl_0 rise@0.000ns)
  Data Path Delay:        0.260ns  (logic 0.060ns (23.048%)  route 0.200ns (76.952%))
  Logic Levels:           0  
  Clock Path Skew:        0.205ns (DCD - SCD - CPR)
    Destination Clock Delay (DCD):    2.319ns
    Source Clock Delay      (SCD):    2.008ns
    Clock Pessimism Removal (CPR):    0.107ns
  Clock Net Delay (Source):      1.826ns (routing 0.599ns, distribution 1.227ns)
  Clock Net Delay (Destination): 2.093ns (routing 0.662ns, distribution 1.431ns)

    Location             Delay type                Incr(ns)  Path(ns)    Netlist Resource(s)
  -------------------------------------------------------------------    -------------------
                         (clock clk_pl_0 rise edge)
                                                      0.000     0.000 r  
    PS8_X0Y0             PS8                          0.000     0.000 r  rf_bd/mts_i/zynq_ultra_ps_e_0/inst/PS8_i/PLCLK[0]
                         net (fo=1, routed)           0.157     0.157    rf_bd/mts_i/zynq_ultra_ps_e_0/inst/pl_clk_unbuffered[0]
    BUFG_PS_X0Y48        BUFG_PS (Prop_BUFG_PS_I_O)
                                                      0.025     0.182 r  rf_bd/mts_i/zynq_ultra_ps_e_0/inst/buffer_pl_clk_0.PL_CLK_0_BUFG/O
    X2Y3 (CLOCK_ROOT)    net (fo=32907, routed)       1.826     2.008    rf_bd/mts_i/ctrl_interconnect/m06_couplers/auto_cc/inst/gen_clock_conv.gen_async_conv.asyncfifo_axi/inst_fifo_gen/gaxi_full_lite.gwrite_ch.gwach2.axi_wach/grf.rf/rstblk/s_aclk
    SLICE_X59Y236        FDPE                                         r  rf_bd/mts_i/ctrl_interconnect/m06_couplers/auto_cc/inst/gen_clock_conv.gen_async_conv.asyncfifo_axi/inst_fifo_gen/gaxi_full_lite.gwrite_ch.gwach2.axi_wach/grf.rf/rstblk/ngwrdrst.grst.g7serrst.gnsckt_wrst.gic_rst.sckt_wr_rst_ic_reg/C
  -------------------------------------------------------------------    -------------------
    SLICE_X59Y236        FDPE (Prop_GFF2_SLICEL_C_Q)
                                                      0.060     2.068 f  rf_bd/mts_i/ctrl_interconnect/m06_couplers/auto_cc/inst/gen_clock_conv.gen_async_conv.asyncfifo_axi/inst_fifo_gen/gaxi_full_lite.gwrite_ch.gwach2.axi_wach/grf.rf/rstblk/ngwrdrst.grst.g7serrst.gnsckt_wrst.gic_rst.sckt_wr_rst_ic_reg/Q
                         net (fo=15, routed)          0.200     2.268    rf_bd/mts_i/ctrl_interconnect/m06_couplers/auto_cc/inst/gen_clock_conv.gen_async_conv.asyncfifo_axi/inst_fifo_gen/gaxi_full_lite.gwrite_ch.gwach2.axi_wach/grf.rf/gntv_or_sync_fifo.gl0.wr/wpntr/AR[0]
    SLICE_X59Y242        FDCE                                         f  rf_bd/mts_i/ctrl_interconnect/m06_couplers/auto_cc/inst/gen_clock_conv.gen_async_conv.asyncfifo_axi/inst_fifo_gen/gaxi_full_lite.gwrite_ch.gwach2.axi_wach/grf.rf/gntv_or_sync_fifo.gl0.wr/wpntr/gic0.gc0.count_d2_reg[0]/CLR
  -------------------------------------------------------------------    -------------------

                         (clock clk_pl_0 rise edge)
                                                      0.000     0.000 r  
    PS8_X0Y0             PS8                          0.000     0.000 r  rf_bd/mts_i/zynq_ultra_ps_e_0/inst/PS8_i/PLCLK[0]
                         net (fo=1, routed)           0.198     0.198    rf_bd/mts_i/zynq_ultra_ps_e_0/inst/pl_clk_unbuffered[0]
    BUFG_PS_X0Y48        BUFG_PS (Prop_BUFG_PS_I_O)
                                                      0.028     0.226 r  rf_bd/mts_i/zynq_ultra_ps_e_0/inst/buffer_pl_clk_0.PL_CLK_0_BUFG/O
    X2Y3 (CLOCK_ROOT)    net (fo=32907, routed)       2.093     2.319    rf_bd/mts_i/ctrl_interconnect/m06_couplers/auto_cc/inst/gen_clock_conv.gen_async_conv.asyncfifo_axi/inst_fifo_gen/gaxi_full_lite.gwrite_ch.gwach2.axi_wach/grf.rf/gntv_or_sync_fifo.gl0.wr/wpntr/s_aclk
    SLICE_X59Y242        FDCE                                         r  rf_bd/mts_i/ctrl_interconnect/m06_couplers/auto_cc/inst/gen_clock_conv.gen_async_conv.asyncfifo_axi/inst_fifo_gen/gaxi_full_lite.gwrite_ch.gwach2.axi_wach/grf.rf/gntv_or_sync_fifo.gl0.wr/wpntr/gic0.gc0.count_d2_reg[0]/C
                         clock pessimism             -0.107     2.212    
    SLICE_X59Y242        FDCE (Remov_AFF_SLICEL_C_CLR)
                                                     -0.032     2.180    rf_bd/mts_i/ctrl_interconnect/m06_couplers/auto_cc/inst/gen_clock_conv.gen_async_conv.asyncfifo_axi/inst_fifo_gen/gaxi_full_lite.gwrite_ch.gwach2.axi_wach/grf.rf/gntv_or_sync_fifo.gl0.wr/wpntr/gic0.gc0.count_d2_reg[0]
  -------------------------------------------------------------------
                         required time                         -2.180    
                         arrival time                           2.268    
  -------------------------------------------------------------------
                         slack                                  0.088    





---------------------------------------------------------------------------------------------------
Path Group:  **async_default**
From Clock:  dbg_hub/inst/BSCANID.u_xsdbm_id/SWITCH_N_EXT_BSCAN.bscan_inst/SERIES7_BSCAN.bscan_inst/INTERNAL_TCK
  To Clock:  dbg_hub/inst/BSCANID.u_xsdbm_id/SWITCH_N_EXT_BSCAN.bscan_inst/SERIES7_BSCAN.bscan_inst/INTERNAL_TCK

Setup :            0  Failing Endpoints,  Worst Slack       47.223ns,  Total Violation        0.000ns
Hold  :            0  Failing Endpoints,  Worst Slack        0.080ns,  Total Violation        0.000ns
---------------------------------------------------------------------------------------------------


Max Delay Paths
--------------------------------------------------------------------------------------
Slack (MET) :             47.223ns  (required time - arrival time)
  Source:                 dbg_hub/inst/BSCANID.u_xsdbm_id/SWITCH_N_EXT_BSCAN.bscan_switch/state_reg[1]/C
                            (rising edge-triggered cell FDRE clocked by dbg_hub/inst/BSCANID.u_xsdbm_id/SWITCH_N_EXT_BSCAN.bscan_inst/SERIES7_BSCAN.bscan_inst/INTERNAL_TCK  {rise@0.000ns fall@25.000ns period=50.000ns})
  Destination:            dbg_hub/inst/BSCANID.u_xsdbm_id/CORE_XSDB.U_ICON/U_CMD/iTARGET_reg[7]/CLR
                            (recovery check against rising-edge clock dbg_hub/inst/BSCANID.u_xsdbm_id/SWITCH_N_EXT_BSCAN.bscan_inst/SERIES7_BSCAN.bscan_inst/INTERNAL_TCK  {rise@0.000ns fall@25.000ns period=50.000ns})
  Path Group:             **async_default**
  Path Type:              Recovery (Max at Slow Process Corner)
  Requirement:            50.000ns  (dbg_hub/inst/BSCANID.u_xsdbm_id/SWITCH_N_EXT_BSCAN.bscan_inst/SERIES7_BSCAN.bscan_inst/INTERNAL_TCK rise@50.000ns - dbg_hub/inst/BSCANID.u_xsdbm_id/SWITCH_N_EXT_BSCAN.bscan_inst/SERIES7_BSCAN.bscan_inst/INTERNAL_TCK rise@0.000ns)
  Data Path Delay:        2.533ns  (logic 0.235ns (9.276%)  route 2.298ns (90.724%))
  Logic Levels:           1  (LUT4=1)
  Clock Path Skew:        -0.142ns (DCD - SCD + CPR)
    Destination Clock Delay (DCD):    3.229ns = ( 53.229 - 50.000 ) 
    Source Clock Delay      (SCD):    7.714ns
    Clock Pessimism Removal (CPR):    4.343ns
  Clock Uncertainty:      0.035ns  ((TSJ^2 + TIJ^2)^1/2 + DJ) / 2 + PE
    Total System Jitter     (TSJ):    0.071ns
    Total Input Jitter      (TIJ):    0.000ns
    Discrete Jitter          (DJ):    0.000ns
    Phase Error              (PE):    0.000ns
  Clock Net Delay (Source):      1.949ns (routing 0.727ns, distribution 1.222ns)
  Clock Net Delay (Destination): 1.742ns (routing 0.662ns, distribution 1.080ns)

    Location             Delay type                Incr(ns)  Path(ns)    Netlist Resource(s)
  -------------------------------------------------------------------    -------------------
                         (clock dbg_hub/inst/BSCANID.u_xsdbm_id/SWITCH_N_EXT_BSCAN.bscan_inst/SERIES7_BSCAN.bscan_inst/INTERNAL_TCK rise edge)
                                                      0.000     0.000 r  
    CONFIG_SITE_X0Y0     BSCANE2                      0.000     0.000 r  dbg_hub/inst/BSCANID.u_xsdbm_id/SWITCH_N_EXT_BSCAN.bscan_inst/SERIES7_BSCAN.bscan_inst/INTERNAL_TCK
    CONFIG_SITE_X0Y0     BSCANE2 (Prop_BSCAN1_CONFIG_SITE_INTERNAL_TCK_TCK)
                                                      4.300     4.300 r  dbg_hub/inst/BSCANID.u_xsdbm_id/SWITCH_N_EXT_BSCAN.bscan_inst/SERIES7_BSCAN.bscan_inst/TCK
                         net (fo=1, routed)           1.437     5.737    dbg_hub/inst/BSCANID.u_xsdbm_id/tck_bs
    BUFGCE_X0Y59         BUFGCE (Prop_BUFCE_BUFGCE_I_O)
                                                      0.028     5.765 r  dbg_hub/inst/BSCANID.u_xsdbm_id/SWITCH_N_EXT_BSCAN.u_bufg_icon_tck/O
    X5Y3 (CLOCK_ROOT)    net (fo=490, routed)         1.949     7.714    dbg_hub/inst/BSCANID.u_xsdbm_id/SWITCH_N_EXT_BSCAN.bscan_switch/s_bscan_tck
    SLICE_X109Y121       FDRE                                         r  dbg_hub/inst/BSCANID.u_xsdbm_id/SWITCH_N_EXT_BSCAN.bscan_switch/state_reg[1]/C
  -------------------------------------------------------------------    -------------------
    SLICE_X109Y121       FDRE (Prop_AFF_SLICEM_C_Q)
                                                      0.077     7.791 f  dbg_hub/inst/BSCANID.u_xsdbm_id/SWITCH_N_EXT_BSCAN.bscan_switch/state_reg[1]/Q
                         net (fo=50, routed)          0.793     8.584    dbg_hub/inst/BSCANID.u_xsdbm_id/SWITCH_N_EXT_BSCAN.bscan_switch/state[1]
    SLICE_X104Y125       LUT4 (Prop_D5LUT_SLICEM_I0_O)
                                                      0.158     8.742 r  dbg_hub/inst/BSCANID.u_xsdbm_id/SWITCH_N_EXT_BSCAN.bscan_switch/m_bscan_sel[0]_INST_0/O
                         net (fo=11, routed)          1.505    10.247    dbg_hub/inst/BSCANID.u_xsdbm_id/CORE_XSDB.U_ICON/U_CMD/iTARGET_reg[6]_0
    SLICE_X103Y284       FDCE                                         f  dbg_hub/inst/BSCANID.u_xsdbm_id/CORE_XSDB.U_ICON/U_CMD/iTARGET_reg[7]/CLR  (IS_INVERTED)
  -------------------------------------------------------------------    -------------------

                         (clock dbg_hub/inst/BSCANID.u_xsdbm_id/SWITCH_N_EXT_BSCAN.bscan_inst/SERIES7_BSCAN.bscan_inst/INTERNAL_TCK rise edge)
                                                     50.000    50.000 r  
    CONFIG_SITE_X0Y0     BSCANE2                      0.000    50.000 r  dbg_hub/inst/BSCANID.u_xsdbm_id/SWITCH_N_EXT_BSCAN.bscan_inst/SERIES7_BSCAN.bscan_inst/INTERNAL_TCK
    CONFIG_SITE_X0Y0     BSCANE2 (Prop_BSCAN1_CONFIG_SITE_INTERNAL_TCK_TCK)
                                                      0.465    50.465 r  dbg_hub/inst/BSCANID.u_xsdbm_id/SWITCH_N_EXT_BSCAN.bscan_inst/SERIES7_BSCAN.bscan_inst/TCK
                         net (fo=1, routed)           0.998    51.463    dbg_hub/inst/BSCANID.u_xsdbm_id/tck_bs
    BUFGCE_X0Y59         BUFGCE (Prop_BUFCE_BUFGCE_I_O)
                                                      0.024    51.487 r  dbg_hub/inst/BSCANID.u_xsdbm_id/SWITCH_N_EXT_BSCAN.u_bufg_icon_tck/O
    X5Y3 (CLOCK_ROOT)    net (fo=490, routed)         1.742    53.229    dbg_hub/inst/BSCANID.u_xsdbm_id/CORE_XSDB.U_ICON/U_CMD/m_bscan_tck[0]
    SLICE_X103Y284       FDCE                                         r  dbg_hub/inst/BSCANID.u_xsdbm_id/CORE_XSDB.U_ICON/U_CMD/iTARGET_reg[7]/C
                         clock pessimism              4.343    57.572    
                         clock uncertainty           -0.035    57.536    
    SLICE_X103Y284       FDCE (Recov_AFF_SLICEM_C_CLR)
                                                     -0.066    57.470    dbg_hub/inst/BSCANID.u_xsdbm_id/CORE_XSDB.U_ICON/U_CMD/iTARGET_reg[7]
  -------------------------------------------------------------------
                         required time                         57.470    
                         arrival time                         -10.247    
  -------------------------------------------------------------------
                         slack                                 47.223    





Min Delay Paths
--------------------------------------------------------------------------------------
Slack (MET) :             0.080ns  (arrival time - required time)
  Source:                 dbg_hub/inst/BSCANID.u_xsdbm_id/CORE_XSDB.UUT_MASTER/U_ICON_INTERFACE/U_CMD6_WR/U_WR_FIFO/SUBCORE_FIFO.xsdbm_v3_0_0_wrfifo_inst/inst_fifo_gen/gconvfifo.rf/grf.rf/rstblk/ngwrdrst.grst.g7serrst.wr_rst_reg_reg[1]/C
                            (rising edge-triggered cell FDPE clocked by dbg_hub/inst/BSCANID.u_xsdbm_id/SWITCH_N_EXT_BSCAN.bscan_inst/SERIES7_BSCAN.bscan_inst/INTERNAL_TCK  {rise@0.000ns fall@25.000ns period=50.000ns})
  Destination:            dbg_hub/inst/BSCANID.u_xsdbm_id/CORE_XSDB.UUT_MASTER/U_ICON_INTERFACE/U_CMD6_WR/U_WR_FIFO/SUBCORE_FIFO.xsdbm_v3_0_0_wrfifo_inst/inst_fifo_gen/gconvfifo.rf/grf.rf/gntv_or_sync_fifo.gl0.wr/wpntr/gic0.gc0.count_reg[0]/CLR
                            (removal check against rising-edge clock dbg_hub/inst/BSCANID.u_xsdbm_id/SWITCH_N_EXT_BSCAN.bscan_inst/SERIES7_BSCAN.bscan_inst/INTERNAL_TCK  {rise@0.000ns fall@25.000ns period=50.000ns})
  Path Group:             **async_default**
  Path Type:              Removal (Min at Fast Process Corner)
  Requirement:            0.000ns  (dbg_hub/inst/BSCANID.u_xsdbm_id/SWITCH_N_EXT_BSCAN.bscan_inst/SERIES7_BSCAN.bscan_inst/INTERNAL_TCK rise@0.000ns - dbg_hub/inst/BSCANID.u_xsdbm_id/SWITCH_N_EXT_BSCAN.bscan_inst/SERIES7_BSCAN.bscan_inst/INTERNAL_TCK rise@0.000ns)
  Data Path Delay:        0.170ns  (logic 0.039ns (22.915%)  route 0.131ns (77.085%))
  Logic Levels:           0  
  Clock Path Skew:        0.110ns (DCD - SCD - CPR)
    Destination Clock Delay (DCD):    6.562ns
    Source Clock Delay      (SCD):    2.311ns
    Clock Pessimism Removal (CPR):    4.141ns
  Clock Net Delay (Source):      1.073ns (routing 0.397ns, distribution 0.676ns)
  Clock Net Delay (Destination): 1.237ns (routing 0.445ns, distribution 0.792ns)

    Location             Delay type                Incr(ns)  Path(ns)    Netlist Resource(s)
  -------------------------------------------------------------------    -------------------
                         (clock dbg_hub/inst/BSCANID.u_xsdbm_id/SWITCH_N_EXT_BSCAN.bscan_inst/SERIES7_BSCAN.bscan_inst/INTERNAL_TCK rise edge)
                                                      0.000     0.000 r  
    CONFIG_SITE_X0Y0     BSCANE2                      0.000     0.000 r  dbg_hub/inst/BSCANID.u_xsdbm_id/SWITCH_N_EXT_BSCAN.bscan_inst/SERIES7_BSCAN.bscan_inst/INTERNAL_TCK
    CONFIG_SITE_X0Y0     BSCANE2 (Prop_BSCAN1_CONFIG_SITE_INTERNAL_TCK_TCK)
                                                      0.465     0.465 r  dbg_hub/inst/BSCANID.u_xsdbm_id/SWITCH_N_EXT_BSCAN.bscan_inst/SERIES7_BSCAN.bscan_inst/TCK
                         net (fo=1, routed)           0.756     1.221    dbg_hub/inst/BSCANID.u_xsdbm_id/tck_bs
    BUFGCE_X0Y59         BUFGCE (Prop_BUFCE_BUFGCE_I_O)
                                                      0.017     1.238 r  dbg_hub/inst/BSCANID.u_xsdbm_id/SWITCH_N_EXT_BSCAN.u_bufg_icon_tck/O
    X5Y3 (CLOCK_ROOT)    net (fo=490, routed)         1.073     2.311    dbg_hub/inst/BSCANID.u_xsdbm_id/CORE_XSDB.UUT_MASTER/U_ICON_INTERFACE/U_CMD6_WR/U_WR_FIFO/SUBCORE_FIFO.xsdbm_v3_0_0_wrfifo_inst/inst_fifo_gen/gconvfifo.rf/grf.rf/rstblk/wr_clk
    SLICE_X104Y298       FDPE                                         r  dbg_hub/inst/BSCANID.u_xsdbm_id/CORE_XSDB.UUT_MASTER/U_ICON_INTERFACE/U_CMD6_WR/U_WR_FIFO/SUBCORE_FIFO.xsdbm_v3_0_0_wrfifo_inst/inst_fifo_gen/gconvfifo.rf/grf.rf/rstblk/ngwrdrst.grst.g7serrst.wr_rst_reg_reg[1]/C
  -------------------------------------------------------------------    -------------------
    SLICE_X104Y298       FDPE (Prop_AFF2_SLICEM_C_Q)
                                                      0.039     2.350 f  dbg_hub/inst/BSCANID.u_xsdbm_id/CORE_XSDB.UUT_MASTER/U_ICON_INTERFACE/U_CMD6_WR/U_WR_FIFO/SUBCORE_FIFO.xsdbm_v3_0_0_wrfifo_inst/inst_fifo_gen/gconvfifo.rf/grf.rf/rstblk/ngwrdrst.grst.g7serrst.wr_rst_reg_reg[1]/Q
                         net (fo=12, routed)          0.131     2.481    dbg_hub/inst/BSCANID.u_xsdbm_id/CORE_XSDB.UUT_MASTER/U_ICON_INTERFACE/U_CMD6_WR/U_WR_FIFO/SUBCORE_FIFO.xsdbm_v3_0_0_wrfifo_inst/inst_fifo_gen/gconvfifo.rf/grf.rf/gntv_or_sync_fifo.gl0.wr/wpntr/gic0.gc0.count_reg[0]_0[0]
    SLICE_X103Y300       FDCE                                         f  dbg_hub/inst/BSCANID.u_xsdbm_id/CORE_XSDB.UUT_MASTER/U_ICON_INTERFACE/U_CMD6_WR/U_WR_FIFO/SUBCORE_FIFO.xsdbm_v3_0_0_wrfifo_inst/inst_fifo_gen/gconvfifo.rf/grf.rf/gntv_or_sync_fifo.gl0.wr/wpntr/gic0.gc0.count_reg[0]/CLR
  -------------------------------------------------------------------    -------------------

                         (clock dbg_hub/inst/BSCANID.u_xsdbm_id/SWITCH_N_EXT_BSCAN.bscan_inst/SERIES7_BSCAN.bscan_inst/INTERNAL_TCK rise edge)
                                                      0.000     0.000 r  
    CONFIG_SITE_X0Y0     BSCANE2                      0.000     0.000 r  dbg_hub/inst/BSCANID.u_xsdbm_id/SWITCH_N_EXT_BSCAN.bscan_inst/SERIES7_BSCAN.bscan_inst/INTERNAL_TCK
    CONFIG_SITE_X0Y0     BSCANE2 (Prop_BSCAN1_CONFIG_SITE_INTERNAL_TCK_TCK)
                                                      4.300     4.300 r  dbg_hub/inst/BSCANID.u_xsdbm_id/SWITCH_N_EXT_BSCAN.bscan_inst/SERIES7_BSCAN.bscan_inst/TCK
                         net (fo=1, routed)           1.006     5.306    dbg_hub/inst/BSCANID.u_xsdbm_id/tck_bs
    BUFGCE_X0Y59         BUFGCE (Prop_BUFCE_BUFGCE_I_O)
                                                      0.019     5.325 r  dbg_hub/inst/BSCANID.u_xsdbm_id/SWITCH_N_EXT_BSCAN.u_bufg_icon_tck/O
    X5Y3 (CLOCK_ROOT)    net (fo=490, routed)         1.237     6.562    dbg_hub/inst/BSCANID.u_xsdbm_id/CORE_XSDB.UUT_MASTER/U_ICON_INTERFACE/U_CMD6_WR/U_WR_FIFO/SUBCORE_FIFO.xsdbm_v3_0_0_wrfifo_inst/inst_fifo_gen/gconvfifo.rf/grf.rf/gntv_or_sync_fifo.gl0.wr/wpntr/wr_clk
    SLICE_X103Y300       FDCE                                         r  dbg_hub/inst/BSCANID.u_xsdbm_id/CORE_XSDB.UUT_MASTER/U_ICON_INTERFACE/U_CMD6_WR/U_WR_FIFO/SUBCORE_FIFO.xsdbm_v3_0_0_wrfifo_inst/inst_fifo_gen/gconvfifo.rf/grf.rf/gntv_or_sync_fifo.gl0.wr/wpntr/gic0.gc0.count_reg[0]/C
                         clock pessimism             -4.141     2.421    
    SLICE_X103Y300       FDCE (Remov_CFF2_SLICEM_C_CLR)
                                                     -0.020     2.401    dbg_hub/inst/BSCANID.u_xsdbm_id/CORE_XSDB.UUT_MASTER/U_ICON_INTERFACE/U_CMD6_WR/U_WR_FIFO/SUBCORE_FIFO.xsdbm_v3_0_0_wrfifo_inst/inst_fifo_gen/gconvfifo.rf/grf.rf/gntv_or_sync_fifo.gl0.wr/wpntr/gic0.gc0.count_reg[0]
  -------------------------------------------------------------------
                         required time                         -2.401    
                         arrival time                           2.481    
  -------------------------------------------------------------------
                         slack                                  0.080    





---------------------------------------------------------------------------------------------------
Path Group:  **async_default**
From Clock:  mmcm_clkout0
  To Clock:  mmcm_clkout0

Setup :            0  Failing Endpoints,  Worst Slack        1.180ns,  Total Violation        0.000ns
Hold  :            0  Failing Endpoints,  Worst Slack        0.033ns,  Total Violation        0.000ns
---------------------------------------------------------------------------------------------------


Max Delay Paths
--------------------------------------------------------------------------------------
Slack (MET) :             1.180ns  (required time - arrival time)
  Source:                 ddr_ic/inst/axi_interconnect_inst/si_data_fifo_bank/gen_fifo_slot[0].data_fifo_inst/gen_fifo.fifo_gen_inst/inst_fifo_gen/gaxi_full_lite.gread_ch.grdch2.axi_rdch/grf.rf/rstblk/ngwrdrst.grst.g7serrst.gnsckt_wrst.rst_wr_reg2_inst/arststages_ff_reg[1]/C
                            (rising edge-triggered cell FDPE clocked by mmcm_clkout0  {rise@0.000ns fall@1.666ns period=3.332ns})
  Destination:            ddr_ic/inst/axi_interconnect_inst/si_data_fifo_bank/gen_fifo_slot[0].data_fifo_inst/gen_fifo.fifo_gen_inst/inst_fifo_gen/gaxi_full_lite.gread_ch.grdch2.axi_rdch/grf.rf/gntv_or_sync_fifo.gl0.rd/gr1.gr1_int.rfwft/empty_fwft_fb_o_i_reg/PRE
                            (recovery check against rising-edge clock mmcm_clkout0  {rise@0.000ns fall@1.666ns period=3.332ns})
  Path Group:             **async_default**
  Path Type:              Recovery (Max at Slow Process Corner)
  Requirement:            3.332ns  (mmcm_clkout0 rise@3.332ns - mmcm_clkout0 rise@0.000ns)
  Data Path Delay:        1.962ns  (logic 0.203ns (10.345%)  route 1.759ns (89.655%))
  Logic Levels:           1  (LUT3=1)
  Clock Path Skew:        -0.071ns (DCD - SCD + CPR)
    Destination Clock Delay (DCD):    3.727ns = ( 7.059 - 3.332 ) 
    Source Clock Delay      (SCD):    3.397ns
    Clock Pessimism Removal (CPR):    -0.401ns
  Clock Uncertainty:      0.052ns  ((TSJ^2 + DJ^2)^1/2) / 2 + PE
    Total System Jitter     (TSJ):    0.071ns
    Discrete Jitter          (DJ):    0.077ns
    Phase Error              (PE):    0.000ns
  Clock Net Delay (Source):      2.168ns (routing 0.635ns, distribution 1.533ns)
  Clock Net Delay (Destination): 1.953ns (routing 0.578ns, distribution 1.375ns)

    Location             Delay type                Incr(ns)  Path(ns)    Netlist Resource(s)
  -------------------------------------------------------------------    -------------------
                         (clock mmcm_clkout0 rise edge)
                                                      0.000     0.000 r  
    G13                                               0.000     0.000 r  c0_sys_clk_p (IN)
                         net (fo=0)                   0.100     0.100    ddr_inst/inst/u_ddr4_mem_intfc/u_mig_ddr4_phy/inst/u_ddr4_phy_pll/diff_input_clk.u_ibufg_sys_clk/I
    HPIOBDIFFINBUF_X0Y108
                         DIFFINBUF (Prop_DIFFINBUF_HPIOBDIFFINBUF_DIFF_IN_P_O)
                                                      0.549     0.649 r  ddr_inst/inst/u_ddr4_mem_intfc/u_mig_ddr4_phy/inst/u_ddr4_phy_pll/diff_input_clk.u_ibufg_sys_clk/DIFFINBUF_INST/O
                         net (fo=1, routed)           0.050     0.699    ddr_inst/inst/u_ddr4_mem_intfc/u_mig_ddr4_phy/inst/u_ddr4_phy_pll/diff_input_clk.u_ibufg_sys_clk/OUT
    G13                  IBUFCTRL (Prop_IBUFCTRL_HPIOB_M_I_O)
                                                      0.000     0.699 r  ddr_inst/inst/u_ddr4_mem_intfc/u_mig_ddr4_phy/inst/u_ddr4_phy_pll/diff_input_clk.u_ibufg_sys_clk/IBUFCTRL_INST/O
                         net (fo=2, routed)           0.384     1.083    ddr_inst/inst/u_ddr4_infrastructure/mmcm_clk_in
    MMCM_X0Y4            MMCME4_ADV (Prop_MMCM_CLKIN1_CLKOUT0)
                                                     -0.127     0.956 r  ddr_inst/inst/u_ddr4_infrastructure/gen_mmcme4.u_mmcme_adv_inst/CLKOUT0
                         net (fo=1, routed)           0.245     1.201    ddr_inst/inst/u_ddr4_infrastructure/mmcm_clkout0
    BUFGCE_X0Y118        BUFGCE (Prop_BUFCE_BUFGCE_I_O)
                                                      0.028     1.229 r  ddr_inst/inst/u_ddr4_infrastructure/u_bufg_divClk/O
    X4Y5 (CLOCK_ROOT)    net (fo=50920, routed)       2.168     3.397    ddr_ic/inst/axi_interconnect_inst/si_data_fifo_bank/gen_fifo_slot[0].data_fifo_inst/gen_fifo.fifo_gen_inst/inst_fifo_gen/gaxi_full_lite.gread_ch.grdch2.axi_rdch/grf.rf/rstblk/ngwrdrst.grst.g7serrst.gnsckt_wrst.rst_wr_reg2_inst/dest_clk
    SLICE_X46Y376        FDPE                                         r  ddr_ic/inst/axi_interconnect_inst/si_data_fifo_bank/gen_fifo_slot[0].data_fifo_inst/gen_fifo.fifo_gen_inst/inst_fifo_gen/gaxi_full_lite.gread_ch.grdch2.axi_rdch/grf.rf/rstblk/ngwrdrst.grst.g7serrst.gnsckt_wrst.rst_wr_reg2_inst/arststages_ff_reg[1]/C
  -------------------------------------------------------------------    -------------------
    SLICE_X46Y376        FDPE (Prop_AFF2_SLICEM_C_Q)
                                                      0.080     3.477 f  ddr_ic/inst/axi_interconnect_inst/si_data_fifo_bank/gen_fifo_slot[0].data_fifo_inst/gen_fifo.fifo_gen_inst/inst_fifo_gen/gaxi_full_lite.gread_ch.grdch2.axi_rdch/grf.rf/rstblk/ngwrdrst.grst.g7serrst.gnsckt_wrst.rst_wr_reg2_inst/arststages_ff_reg[1]/Q
                         net (fo=7, routed)           0.383     3.861    ddr_ic/inst/axi_interconnect_inst/si_data_fifo_bank/gen_fifo_slot[0].data_fifo_inst/gen_fifo.fifo_gen_inst/inst_fifo_gen/gaxi_full_lite.gread_ch.grdch2.axi_rdch/grf.rf/rstblk/ngwrdrst.rst_wr_reg2
    SLICE_X47Y381        LUT3 (Prop_C6LUT_SLICEL_I2_O)
                                                      0.123     3.984 f  ddr_ic/inst/axi_interconnect_inst/si_data_fifo_bank/gen_fifo_slot[0].data_fifo_inst/gen_fifo.fifo_gen_inst/inst_fifo_gen/gaxi_full_lite.gread_ch.grdch2.axi_rdch/grf.rf/rstblk/gpregsm1.curr_fwft_state[1]_i_2__0/O
                         net (fo=36, routed)          1.376     5.360    ddr_ic/inst/axi_interconnect_inst/si_data_fifo_bank/gen_fifo_slot[0].data_fifo_inst/gen_fifo.fifo_gen_inst/inst_fifo_gen/gaxi_full_lite.gread_ch.grdch2.axi_rdch/grf.rf/gntv_or_sync_fifo.gl0.rd/gr1.gr1_int.rfwft/gpregsm1.user_valid_reg_0
    SLICE_X40Y382        FDPE                                         f  ddr_ic/inst/axi_interconnect_inst/si_data_fifo_bank/gen_fifo_slot[0].data_fifo_inst/gen_fifo.fifo_gen_inst/inst_fifo_gen/gaxi_full_lite.gread_ch.grdch2.axi_rdch/grf.rf/gntv_or_sync_fifo.gl0.rd/gr1.gr1_int.rfwft/empty_fwft_fb_o_i_reg/PRE
  -------------------------------------------------------------------    -------------------

                         (clock mmcm_clkout0 rise edge)
                                                      3.332     3.332 r  
    G13                                               0.000     3.332 r  c0_sys_clk_p (IN)
                         net (fo=0)                   0.079     3.411    ddr_inst/inst/u_ddr4_mem_intfc/u_mig_ddr4_phy/inst/u_ddr4_phy_pll/diff_input_clk.u_ibufg_sys_clk/I
    HPIOBDIFFINBUF_X0Y108
                         DIFFINBUF (Prop_DIFFINBUF_HPIOBDIFFINBUF_DIFF_IN_P_O)
                                                      0.453     3.864 r  ddr_inst/inst/u_ddr4_mem_intfc/u_mig_ddr4_phy/inst/u_ddr4_phy_pll/diff_input_clk.u_ibufg_sys_clk/DIFFINBUF_INST/O
                         net (fo=1, routed)           0.040     3.904    ddr_inst/inst/u_ddr4_mem_intfc/u_mig_ddr4_phy/inst/u_ddr4_phy_pll/diff_input_clk.u_ibufg_sys_clk/OUT
    G13                  IBUFCTRL (Prop_IBUFCTRL_HPIOB_M_I_O)
                                                      0.000     3.904 r  ddr_inst/inst/u_ddr4_mem_intfc/u_mig_ddr4_phy/inst/u_ddr4_phy_pll/diff_input_clk.u_ibufg_sys_clk/IBUFCTRL_INST/O
                         net (fo=2, routed)           0.333     4.237    ddr_inst/inst/u_ddr4_infrastructure/mmcm_clk_in
    MMCM_X0Y4            MMCME4_ADV (Prop_MMCM_CLKIN1_CLKOUT0)
                                                      0.630     4.867 r  ddr_inst/inst/u_ddr4_infrastructure/gen_mmcme4.u_mmcme_adv_inst/CLKOUT0
                         net (fo=1, routed)           0.215     5.082    ddr_inst/inst/u_ddr4_infrastructure/mmcm_clkout0
    BUFGCE_X0Y118        BUFGCE (Prop_BUFCE_BUFGCE_I_O)
                                                      0.024     5.106 r  ddr_inst/inst/u_ddr4_infrastructure/u_bufg_divClk/O
    X4Y5 (CLOCK_ROOT)    net (fo=50920, routed)       1.953     7.059    ddr_ic/inst/axi_interconnect_inst/si_data_fifo_bank/gen_fifo_slot[0].data_fifo_inst/gen_fifo.fifo_gen_inst/inst_fifo_gen/gaxi_full_lite.gread_ch.grdch2.axi_rdch/grf.rf/gntv_or_sync_fifo.gl0.rd/gr1.gr1_int.rfwft/s_aclk
    SLICE_X40Y382        FDPE                                         r  ddr_ic/inst/axi_interconnect_inst/si_data_fifo_bank/gen_fifo_slot[0].data_fifo_inst/gen_fifo.fifo_gen_inst/inst_fifo_gen/gaxi_full_lite.gread_ch.grdch2.axi_rdch/grf.rf/gntv_or_sync_fifo.gl0.rd/gr1.gr1_int.rfwft/empty_fwft_fb_o_i_reg/C
                         clock pessimism             -0.401     6.658    
                         clock uncertainty           -0.052     6.606    
    SLICE_X40Y382        FDPE (Recov_DFF2_SLICEL_C_PRE)
                                                     -0.066     6.540    ddr_ic/inst/axi_interconnect_inst/si_data_fifo_bank/gen_fifo_slot[0].data_fifo_inst/gen_fifo.fifo_gen_inst/inst_fifo_gen/gaxi_full_lite.gread_ch.grdch2.axi_rdch/grf.rf/gntv_or_sync_fifo.gl0.rd/gr1.gr1_int.rfwft/empty_fwft_fb_o_i_reg
  -------------------------------------------------------------------
                         required time                          6.540    
                         arrival time                          -5.360    
  -------------------------------------------------------------------
                         slack                                  1.180    





Min Delay Paths
--------------------------------------------------------------------------------------
Slack (MET) :             0.033ns  (arrival time - required time)
  Source:                 ddr_ic/inst/axi_interconnect_inst/si_converter_bank/gen_conv_slot[3].clock_conv_inst/gen_async_readwrite.asyncfifo_rw/inst_fifo_gen/gaxi_full_lite.gread_ch.grdch2.axi_rdch/grf.rf/rstblk/ngwrdrst.grst.g7serrst.gnsckt_wrst.rst_wr_reg2_inst/arststages_ff_reg[1]/C
                            (rising edge-triggered cell FDPE clocked by mmcm_clkout0  {rise@0.000ns fall@1.666ns period=3.332ns})
  Destination:            ddr_ic/inst/axi_interconnect_inst/si_converter_bank/gen_conv_slot[3].clock_conv_inst/gen_async_readwrite.asyncfifo_rw/inst_fifo_gen/gaxi_full_lite.gread_ch.grdch2.axi_rdch/grf.rf/rstblk/grstd1.grst_full.grst_f.rst_d1_reg/PRE
                            (removal check against rising-edge clock mmcm_clkout0  {rise@0.000ns fall@1.666ns period=3.332ns})
  Path Group:             **async_default**
  Path Type:              Removal (Min at Slow Process Corner)
  Requirement:            0.000ns  (mmcm_clkout0 rise@0.000ns - mmcm_clkout0 rise@0.000ns)
  Data Path Delay:        0.220ns  (logic 0.060ns (27.215%)  route 0.160ns (72.785%))
  Logic Levels:           0  
  Clock Path Skew:        0.219ns (DCD - SCD - CPR)
    Destination Clock Delay (DCD):    3.405ns
    Source Clock Delay      (SCD):    3.673ns
    Clock Pessimism Removal (CPR):    -0.487ns
  Clock Net Delay (Source):      1.899ns (routing 0.578ns, distribution 1.321ns)
  Clock Net Delay (Destination): 2.176ns (routing 0.635ns, distribution 1.541ns)

    Location             Delay type                Incr(ns)  Path(ns)    Netlist Resource(s)
  -------------------------------------------------------------------    -------------------
                         (clock mmcm_clkout0 rise edge)
                                                      0.000     0.000 r  
    G13                                               0.000     0.000 r  c0_sys_clk_p (IN)
                         net (fo=0)                   0.079     0.079    ddr_inst/inst/u_ddr4_mem_intfc/u_mig_ddr4_phy/inst/u_ddr4_phy_pll/diff_input_clk.u_ibufg_sys_clk/I
    HPIOBDIFFINBUF_X0Y108
                         DIFFINBUF (Prop_DIFFINBUF_HPIOBDIFFINBUF_DIFF_IN_P_O)
                                                      0.453     0.532 r  ddr_inst/inst/u_ddr4_mem_intfc/u_mig_ddr4_phy/inst/u_ddr4_phy_pll/diff_input_clk.u_ibufg_sys_clk/DIFFINBUF_INST/O
                         net (fo=1, routed)           0.040     0.572    ddr_inst/inst/u_ddr4_mem_intfc/u_mig_ddr4_phy/inst/u_ddr4_phy_pll/diff_input_clk.u_ibufg_sys_clk/OUT
    G13                  IBUFCTRL (Prop_IBUFCTRL_HPIOB_M_I_O)
                                                      0.000     0.572 r  ddr_inst/inst/u_ddr4_mem_intfc/u_mig_ddr4_phy/inst/u_ddr4_phy_pll/diff_input_clk.u_ibufg_sys_clk/IBUFCTRL_INST/O
                         net (fo=2, routed)           0.333     0.905    ddr_inst/inst/u_ddr4_infrastructure/mmcm_clk_in
    MMCM_X0Y4            MMCME4_ADV (Prop_MMCM_CLKIN1_CLKOUT0)
                                                      0.630     1.535 r  ddr_inst/inst/u_ddr4_infrastructure/gen_mmcme4.u_mmcme_adv_inst/CLKOUT0
                         net (fo=1, routed)           0.215     1.750    ddr_inst/inst/u_ddr4_infrastructure/mmcm_clkout0
    BUFGCE_X0Y118        BUFGCE (Prop_BUFCE_BUFGCE_I_O)
                                                      0.024     1.774 r  ddr_inst/inst/u_ddr4_infrastructure/u_bufg_divClk/O
    X4Y5 (CLOCK_ROOT)    net (fo=50920, routed)       1.899     3.673    ddr_ic/inst/axi_interconnect_inst/si_converter_bank/gen_conv_slot[3].clock_conv_inst/gen_async_readwrite.asyncfifo_rw/inst_fifo_gen/gaxi_full_lite.gread_ch.grdch2.axi_rdch/grf.rf/rstblk/ngwrdrst.grst.g7serrst.gnsckt_wrst.rst_wr_reg2_inst/dest_clk
    SLICE_X48Y359        FDPE                                         r  ddr_ic/inst/axi_interconnect_inst/si_converter_bank/gen_conv_slot[3].clock_conv_inst/gen_async_readwrite.asyncfifo_rw/inst_fifo_gen/gaxi_full_lite.gread_ch.grdch2.axi_rdch/grf.rf/rstblk/ngwrdrst.grst.g7serrst.gnsckt_wrst.rst_wr_reg2_inst/arststages_ff_reg[1]/C
  -------------------------------------------------------------------    -------------------
    SLICE_X48Y359        FDPE (Prop_EFF2_SLICEM_C_Q)
                                                      0.060     3.733 f  ddr_ic/inst/axi_interconnect_inst/si_converter_bank/gen_conv_slot[3].clock_conv_inst/gen_async_readwrite.asyncfifo_rw/inst_fifo_gen/gaxi_full_lite.gread_ch.grdch2.axi_rdch/grf.rf/rstblk/ngwrdrst.grst.g7serrst.gnsckt_wrst.rst_wr_reg2_inst/arststages_ff_reg[1]/Q
                         net (fo=9, routed)           0.160     3.893    ddr_ic/inst/axi_interconnect_inst/si_converter_bank/gen_conv_slot[3].clock_conv_inst/gen_async_readwrite.asyncfifo_rw/inst_fifo_gen/gaxi_full_lite.gread_ch.grdch2.axi_rdch/grf.rf/rstblk/ngwrdrst.rst_wr_reg2
    SLICE_X49Y362        FDPE                                         f  ddr_ic/inst/axi_interconnect_inst/si_converter_bank/gen_conv_slot[3].clock_conv_inst/gen_async_readwrite.asyncfifo_rw/inst_fifo_gen/gaxi_full_lite.gread_ch.grdch2.axi_rdch/grf.rf/rstblk/grstd1.grst_full.grst_f.rst_d1_reg/PRE
  -------------------------------------------------------------------    -------------------

                         (clock mmcm_clkout0 rise edge)
                                                      0.000     0.000 r  
    G13                                               0.000     0.000 r  c0_sys_clk_p (IN)
                         net (fo=0)                   0.100     0.100    ddr_inst/inst/u_ddr4_mem_intfc/u_mig_ddr4_phy/inst/u_ddr4_phy_pll/diff_input_clk.u_ibufg_sys_clk/I
    HPIOBDIFFINBUF_X0Y108
                         DIFFINBUF (Prop_DIFFINBUF_HPIOBDIFFINBUF_DIFF_IN_P_O)
                                                      0.549     0.649 r  ddr_inst/inst/u_ddr4_mem_intfc/u_mig_ddr4_phy/inst/u_ddr4_phy_pll/diff_input_clk.u_ibufg_sys_clk/DIFFINBUF_INST/O
                         net (fo=1, routed)           0.050     0.699    ddr_inst/inst/u_ddr4_mem_intfc/u_mig_ddr4_phy/inst/u_ddr4_phy_pll/diff_input_clk.u_ibufg_sys_clk/OUT
    G13                  IBUFCTRL (Prop_IBUFCTRL_HPIOB_M_I_O)
                                                      0.000     0.699 r  ddr_inst/inst/u_ddr4_mem_intfc/u_mig_ddr4_phy/inst/u_ddr4_phy_pll/diff_input_clk.u_ibufg_sys_clk/IBUFCTRL_INST/O
                         net (fo=2, routed)           0.384     1.083    ddr_inst/inst/u_ddr4_infrastructure/mmcm_clk_in
    MMCM_X0Y4            MMCME4_ADV (Prop_MMCM_CLKIN1_CLKOUT0)
                                                     -0.127     0.956 r  ddr_inst/inst/u_ddr4_infrastructure/gen_mmcme4.u_mmcme_adv_inst/CLKOUT0
                         net (fo=1, routed)           0.245     1.201    ddr_inst/inst/u_ddr4_infrastructure/mmcm_clkout0
    BUFGCE_X0Y118        BUFGCE (Prop_BUFCE_BUFGCE_I_O)
                                                      0.028     1.229 r  ddr_inst/inst/u_ddr4_infrastructure/u_bufg_divClk/O
    X4Y5 (CLOCK_ROOT)    net (fo=50920, routed)       2.176     3.405    ddr_ic/inst/axi_interconnect_inst/si_converter_bank/gen_conv_slot[3].clock_conv_inst/gen_async_readwrite.asyncfifo_rw/inst_fifo_gen/gaxi_full_lite.gread_ch.grdch2.axi_rdch/grf.rf/rstblk/m_aclk
    SLICE_X49Y362        FDPE                                         r  ddr_ic/inst/axi_interconnect_inst/si_converter_bank/gen_conv_slot[3].clock_conv_inst/gen_async_readwrite.asyncfifo_rw/inst_fifo_gen/gaxi_full_lite.gread_ch.grdch2.axi_rdch/grf.rf/rstblk/grstd1.grst_full.grst_f.rst_d1_reg/C
                         clock pessimism              0.487     3.892    
    SLICE_X49Y362        FDPE (Remov_EFF2_SLICEL_C_PRE)
                                                     -0.032     3.860    ddr_ic/inst/axi_interconnect_inst/si_converter_bank/gen_conv_slot[3].clock_conv_inst/gen_async_readwrite.asyncfifo_rw/inst_fifo_gen/gaxi_full_lite.gread_ch.grdch2.axi_rdch/grf.rf/rstblk/grstd1.grst_full.grst_f.rst_d1_reg
  -------------------------------------------------------------------
                         required time                         -3.860    
                         arrival time                           3.893    
  -------------------------------------------------------------------
                         slack                                  0.033    





---------------------------------------------------------------------------------------------------
Path Group:  **async_default**
From Clock:  mmcm_clkout5
  To Clock:  mmcm_clkout5

Setup :            0  Failing Endpoints,  Worst Slack       12.070ns,  Total Violation        0.000ns
Hold  :            0  Failing Endpoints,  Worst Slack        0.109ns,  Total Violation        0.000ns
---------------------------------------------------------------------------------------------------


Max Delay Paths
--------------------------------------------------------------------------------------
Slack (MET) :             12.070ns  (required time - arrival time)
  Source:                 dbg_hub/inst/BSCANID.u_xsdbm_id/CORE_XSDB.UUT_MASTER/U_ICON_INTERFACE/U_CMD1/ctl_reg_reg[0]/C
                            (rising edge-triggered cell FDRE clocked by mmcm_clkout5  {rise@0.000ns fall@6.664ns period=13.328ns})
  Destination:            dbg_hub/inst/BSCANID.u_xsdbm_id/CORE_XSDB.UUT_MASTER/U_XSDB_BUS_CONTROLLER/sl_rst_r_reg[0]/CLR
                            (recovery check against rising-edge clock mmcm_clkout5  {rise@0.000ns fall@6.664ns period=13.328ns})
  Path Group:             **async_default**
  Path Type:              Recovery (Max at Slow Process Corner)
  Requirement:            13.328ns  (mmcm_clkout5 rise@13.328ns - mmcm_clkout5 rise@0.000ns)
  Data Path Delay:        1.087ns  (logic 0.079ns (7.266%)  route 1.008ns (92.734%))
  Logic Levels:           0  
  Clock Path Skew:        -0.044ns (DCD - SCD + CPR)
    Destination Clock Delay (DCD):    3.608ns = ( 16.936 - 13.328 ) 
    Source Clock Delay      (SCD):    3.298ns
    Clock Pessimism Removal (CPR):    -0.353ns
  Clock Uncertainty:      0.061ns  ((TSJ^2 + DJ^2)^1/2) / 2 + PE
    Total System Jitter     (TSJ):    0.071ns
    Discrete Jitter          (DJ):    0.100ns
    Phase Error              (PE):    0.000ns
  Clock Net Delay (Source):      2.078ns (routing 0.664ns, distribution 1.414ns)
  Clock Net Delay (Destination): 1.841ns (routing 0.604ns, distribution 1.237ns)

    Location             Delay type                Incr(ns)  Path(ns)    Netlist Resource(s)
  -------------------------------------------------------------------    -------------------
                         (clock mmcm_clkout5 rise edge)
                                                      0.000     0.000 r  
    G13                                               0.000     0.000 r  c0_sys_clk_p (IN)
                         net (fo=0)                   0.100     0.100    ddr_inst/inst/u_ddr4_mem_intfc/u_mig_ddr4_phy/inst/u_ddr4_phy_pll/diff_input_clk.u_ibufg_sys_clk/I
    HPIOBDIFFINBUF_X0Y108
                         DIFFINBUF (Prop_DIFFINBUF_HPIOBDIFFINBUF_DIFF_IN_P_O)
                                                      0.549     0.649 r  ddr_inst/inst/u_ddr4_mem_intfc/u_mig_ddr4_phy/inst/u_ddr4_phy_pll/diff_input_clk.u_ibufg_sys_clk/DIFFINBUF_INST/O
                         net (fo=1, routed)           0.050     0.699    ddr_inst/inst/u_ddr4_mem_intfc/u_mig_ddr4_phy/inst/u_ddr4_phy_pll/diff_input_clk.u_ibufg_sys_clk/OUT
    G13                  IBUFCTRL (Prop_IBUFCTRL_HPIOB_M_I_O)
                                                      0.000     0.699 r  ddr_inst/inst/u_ddr4_mem_intfc/u_mig_ddr4_phy/inst/u_ddr4_phy_pll/diff_input_clk.u_ibufg_sys_clk/IBUFCTRL_INST/O
                         net (fo=2, routed)           0.384     1.083    ddr_inst/inst/u_ddr4_infrastructure/mmcm_clk_in
    MMCM_X0Y4            MMCME4_ADV (Prop_MMCM_CLKIN1_CLKOUT5)
                                                     -0.127     0.956 r  ddr_inst/inst/u_ddr4_infrastructure/gen_mmcme4.u_mmcme_adv_inst/CLKOUT5
                         net (fo=1, routed)           0.236     1.192    ddr_inst/inst/u_ddr4_infrastructure/mmcm_clkout5
    BUFGCE_X0Y119        BUFGCE (Prop_BUFCE_BUFGCE_I_O)
                                                      0.028     1.220 r  ddr_inst/inst/u_ddr4_infrastructure/u_bufg_dbg_clk/O
    X3Y5 (CLOCK_ROOT)    net (fo=3638, routed)        2.078     3.298    dbg_hub/inst/BSCANID.u_xsdbm_id/CORE_XSDB.UUT_MASTER/U_ICON_INTERFACE/U_CMD1/clk
    SLICE_X100Y290       FDRE                                         r  dbg_hub/inst/BSCANID.u_xsdbm_id/CORE_XSDB.UUT_MASTER/U_ICON_INTERFACE/U_CMD1/ctl_reg_reg[0]/C
  -------------------------------------------------------------------    -------------------
    SLICE_X100Y290       FDRE (Prop_EFF_SLICEL_C_Q)
                                                      0.079     3.377 f  dbg_hub/inst/BSCANID.u_xsdbm_id/CORE_XSDB.UUT_MASTER/U_ICON_INTERFACE/U_CMD1/ctl_reg_reg[0]/Q
                         net (fo=193, routed)         1.008     4.385    dbg_hub/inst/BSCANID.u_xsdbm_id/CORE_XSDB.UUT_MASTER/U_XSDB_BUS_CONTROLLER/out[0]
    SLICE_X100Y294       FDCE                                         f  dbg_hub/inst/BSCANID.u_xsdbm_id/CORE_XSDB.UUT_MASTER/U_XSDB_BUS_CONTROLLER/sl_rst_r_reg[0]/CLR
  -------------------------------------------------------------------    -------------------

                         (clock mmcm_clkout5 rise edge)
                                                     13.328    13.328 r  
    G13                                               0.000    13.328 r  c0_sys_clk_p (IN)
                         net (fo=0)                   0.079    13.407    ddr_inst/inst/u_ddr4_mem_intfc/u_mig_ddr4_phy/inst/u_ddr4_phy_pll/diff_input_clk.u_ibufg_sys_clk/I
    HPIOBDIFFINBUF_X0Y108
                         DIFFINBUF (Prop_DIFFINBUF_HPIOBDIFFINBUF_DIFF_IN_P_O)
                                                      0.453    13.860 r  ddr_inst/inst/u_ddr4_mem_intfc/u_mig_ddr4_phy/inst/u_ddr4_phy_pll/diff_input_clk.u_ibufg_sys_clk/DIFFINBUF_INST/O
                         net (fo=1, routed)           0.040    13.900    ddr_inst/inst/u_ddr4_mem_intfc/u_mig_ddr4_phy/inst/u_ddr4_phy_pll/diff_input_clk.u_ibufg_sys_clk/OUT
    G13                  IBUFCTRL (Prop_IBUFCTRL_HPIOB_M_I_O)
                                                      0.000    13.900 r  ddr_inst/inst/u_ddr4_mem_intfc/u_mig_ddr4_phy/inst/u_ddr4_phy_pll/diff_input_clk.u_ibufg_sys_clk/IBUFCTRL_INST/O
                         net (fo=2, routed)           0.333    14.233    ddr_inst/inst/u_ddr4_infrastructure/mmcm_clk_in
    MMCM_X0Y4            MMCME4_ADV (Prop_MMCM_CLKIN1_CLKOUT5)
                                                      0.630    14.863 r  ddr_inst/inst/u_ddr4_infrastructure/gen_mmcme4.u_mmcme_adv_inst/CLKOUT5
                         net (fo=1, routed)           0.208    15.071    ddr_inst/inst/u_ddr4_infrastructure/mmcm_clkout5
    BUFGCE_X0Y119        BUFGCE (Prop_BUFCE_BUFGCE_I_O)
                                                      0.024    15.095 r  ddr_inst/inst/u_ddr4_infrastructure/u_bufg_dbg_clk/O
    X3Y5 (CLOCK_ROOT)    net (fo=3638, routed)        1.841    16.936    dbg_hub/inst/BSCANID.u_xsdbm_id/CORE_XSDB.UUT_MASTER/U_XSDB_BUS_CONTROLLER/clk
    SLICE_X100Y294       FDCE                                         r  dbg_hub/inst/BSCANID.u_xsdbm_id/CORE_XSDB.UUT_MASTER/U_XSDB_BUS_CONTROLLER/sl_rst_r_reg[0]/C
                         clock pessimism             -0.353    16.583    
                         clock uncertainty           -0.061    16.522    
    SLICE_X100Y294       FDCE (Recov_DFF2_SLICEL_C_CLR)
                                                     -0.066    16.456    dbg_hub/inst/BSCANID.u_xsdbm_id/CORE_XSDB.UUT_MASTER/U_XSDB_BUS_CONTROLLER/sl_rst_r_reg[0]
  -------------------------------------------------------------------
                         required time                         16.456    
                         arrival time                          -4.385    
  -------------------------------------------------------------------
                         slack                                 12.070    





Min Delay Paths
--------------------------------------------------------------------------------------
Slack (MET) :             0.109ns  (arrival time - required time)
  Source:                 dbg_hub/inst/BSCANID.u_xsdbm_id/CORE_XSDB.UUT_MASTER/U_XSDB_BUS_CONTROLLER/clr_rd_req_reg/C
                            (rising edge-triggered cell FDCE clocked by mmcm_clkout5  {rise@0.000ns fall@6.664ns period=13.328ns})
  Destination:            dbg_hub/inst/BSCANID.u_xsdbm_id/CORE_XSDB.UUT_MASTER/U_XSDB_BUS_CONTROLLER/U_RD_REQ_FLAG/G_POS_EDGE.flag_reg/CLR
                            (removal check against rising-edge clock mmcm_clkout5  {rise@0.000ns fall@6.664ns period=13.328ns})
  Path Group:             **async_default**
  Path Type:              Removal (Min at Fast Process Corner)
  Requirement:            0.000ns  (mmcm_clkout5 rise@0.000ns - mmcm_clkout5 rise@0.000ns)
  Data Path Delay:        0.138ns  (logic 0.039ns (28.242%)  route 0.099ns (71.758%))
  Logic Levels:           0  
  Clock Path Skew:        0.049ns (DCD - SCD - CPR)
    Destination Clock Delay (DCD):    1.949ns
    Source Clock Delay      (SCD):    2.158ns
    Clock Pessimism Removal (CPR):    -0.257ns
  Clock Net Delay (Source):      1.148ns (routing 0.368ns, distribution 0.780ns)
  Clock Net Delay (Destination): 1.287ns (routing 0.407ns, distribution 0.880ns)

    Location             Delay type                Incr(ns)  Path(ns)    Netlist Resource(s)
  -------------------------------------------------------------------    -------------------
                         (clock mmcm_clkout5 rise edge)
                                                      0.000     0.000 r  
    G13                                               0.000     0.000 r  c0_sys_clk_p (IN)
                         net (fo=0)                   0.079     0.079    ddr_inst/inst/u_ddr4_mem_intfc/u_mig_ddr4_phy/inst/u_ddr4_phy_pll/diff_input_clk.u_ibufg_sys_clk/I
    HPIOBDIFFINBUF_X0Y108
                         DIFFINBUF (Prop_DIFFINBUF_HPIOBDIFFINBUF_DIFF_IN_P_O)
                                                      0.308     0.387 r  ddr_inst/inst/u_ddr4_mem_intfc/u_mig_ddr4_phy/inst/u_ddr4_phy_pll/diff_input_clk.u_ibufg_sys_clk/DIFFINBUF_INST/O
                         net (fo=1, routed)           0.040     0.427    ddr_inst/inst/u_ddr4_mem_intfc/u_mig_ddr4_phy/inst/u_ddr4_phy_pll/diff_input_clk.u_ibufg_sys_clk/OUT
    G13                  IBUFCTRL (Prop_IBUFCTRL_HPIOB_M_I_O)
                                                      0.000     0.427 r  ddr_inst/inst/u_ddr4_mem_intfc/u_mig_ddr4_phy/inst/u_ddr4_phy_pll/diff_input_clk.u_ibufg_sys_clk/IBUFCTRL_INST/O
                         net (fo=2, routed)           0.196     0.623    ddr_inst/inst/u_ddr4_infrastructure/mmcm_clk_in
    MMCM_X0Y4            MMCME4_ADV (Prop_MMCM_CLKIN1_CLKOUT5)
                                                      0.230     0.853 r  ddr_inst/inst/u_ddr4_infrastructure/gen_mmcme4.u_mmcme_adv_inst/CLKOUT5
                         net (fo=1, routed)           0.140     0.993    ddr_inst/inst/u_ddr4_infrastructure/mmcm_clkout5
    BUFGCE_X0Y119        BUFGCE (Prop_BUFCE_BUFGCE_I_O)
                                                      0.017     1.010 r  ddr_inst/inst/u_ddr4_infrastructure/u_bufg_dbg_clk/O
    X3Y5 (CLOCK_ROOT)    net (fo=3638, routed)        1.148     2.158    dbg_hub/inst/BSCANID.u_xsdbm_id/CORE_XSDB.UUT_MASTER/U_XSDB_BUS_CONTROLLER/clk
    SLICE_X102Y296       FDCE                                         r  dbg_hub/inst/BSCANID.u_xsdbm_id/CORE_XSDB.UUT_MASTER/U_XSDB_BUS_CONTROLLER/clr_rd_req_reg/C
  -------------------------------------------------------------------    -------------------
    SLICE_X102Y296       FDCE (Prop_BFF_SLICEL_C_Q)
                                                      0.039     2.197 f  dbg_hub/inst/BSCANID.u_xsdbm_id/CORE_XSDB.UUT_MASTER/U_XSDB_BUS_CONTROLLER/clr_rd_req_reg/Q
                         net (fo=2, routed)           0.099     2.296    dbg_hub/inst/BSCANID.u_xsdbm_id/CORE_XSDB.UUT_MASTER/U_XSDB_BUS_CONTROLLER/U_RD_REQ_FLAG/clr_rd_req
    SLICE_X103Y296       FDCE                                         f  dbg_hub/inst/BSCANID.u_xsdbm_id/CORE_XSDB.UUT_MASTER/U_XSDB_BUS_CONTROLLER/U_RD_REQ_FLAG/G_POS_EDGE.flag_reg/CLR
  -------------------------------------------------------------------    -------------------

                         (clock mmcm_clkout5 rise edge)
                                                      0.000     0.000 r  
    G13                                               0.000     0.000 r  c0_sys_clk_p (IN)
                         net (fo=0)                   0.100     0.100    ddr_inst/inst/u_ddr4_mem_intfc/u_mig_ddr4_phy/inst/u_ddr4_phy_pll/diff_input_clk.u_ibufg_sys_clk/I
    HPIOBDIFFINBUF_X0Y108
                         DIFFINBUF (Prop_DIFFINBUF_HPIOBDIFFINBUF_DIFF_IN_P_O)
                                                      0.406     0.506 r  ddr_inst/inst/u_ddr4_mem_intfc/u_mig_ddr4_phy/inst/u_ddr4_phy_pll/diff_input_clk.u_ibufg_sys_clk/DIFFINBUF_INST/O
                         net (fo=1, routed)           0.050     0.556    ddr_inst/inst/u_ddr4_mem_intfc/u_mig_ddr4_phy/inst/u_ddr4_phy_pll/diff_input_clk.u_ibufg_sys_clk/OUT
    G13                  IBUFCTRL (Prop_IBUFCTRL_HPIOB_M_I_O)
                                                      0.000     0.556 r  ddr_inst/inst/u_ddr4_mem_intfc/u_mig_ddr4_phy/inst/u_ddr4_phy_pll/diff_input_clk.u_ibufg_sys_clk/IBUFCTRL_INST/O
                         net (fo=2, routed)           0.222     0.778    ddr_inst/inst/u_ddr4_infrastructure/mmcm_clk_in
    MMCM_X0Y4            MMCME4_ADV (Prop_MMCM_CLKIN1_CLKOUT5)
                                                     -0.295     0.483 r  ddr_inst/inst/u_ddr4_infrastructure/gen_mmcme4.u_mmcme_adv_inst/CLKOUT5
                         net (fo=1, routed)           0.160     0.643    ddr_inst/inst/u_ddr4_infrastructure/mmcm_clkout5
    BUFGCE_X0Y119        BUFGCE (Prop_BUFCE_BUFGCE_I_O)
                                                      0.019     0.662 r  ddr_inst/inst/u_ddr4_infrastructure/u_bufg_dbg_clk/O
    X3Y5 (CLOCK_ROOT)    net (fo=3638, routed)        1.287     1.949    dbg_hub/inst/BSCANID.u_xsdbm_id/CORE_XSDB.UUT_MASTER/U_XSDB_BUS_CONTROLLER/U_RD_REQ_FLAG/clk
    SLICE_X103Y296       FDCE                                         r  dbg_hub/inst/BSCANID.u_xsdbm_id/CORE_XSDB.UUT_MASTER/U_XSDB_BUS_CONTROLLER/U_RD_REQ_FLAG/G_POS_EDGE.flag_reg/C
                         clock pessimism              0.257     2.207    
    SLICE_X103Y296       FDCE (Remov_HFF2_SLICEM_C_CLR)
                                                     -0.020     2.187    dbg_hub/inst/BSCANID.u_xsdbm_id/CORE_XSDB.UUT_MASTER/U_XSDB_BUS_CONTROLLER/U_RD_REQ_FLAG/G_POS_EDGE.flag_reg
  -------------------------------------------------------------------
                         required time                         -2.187    
                         arrival time                           2.296    
  -------------------------------------------------------------------
                         slack                                  0.109    





---------------------------------------------------------------------------------------------------
Path Group:  **async_default**
From Clock:  txoutclk_out[0]
  To Clock:  txoutclk_out[0]

Setup :            0  Failing Endpoints,  Worst Slack        1.379ns,  Total Violation        0.000ns
Hold  :            0  Failing Endpoints,  Worst Slack        0.650ns,  Total Violation        0.000ns
---------------------------------------------------------------------------------------------------


Max Delay Paths
--------------------------------------------------------------------------------------
Slack (MET) :             1.379ns  (required time - arrival time)
  Source:                 rst_mac_sync/sync_reg_reg[3]/C
                            (rising edge-triggered cell FDPE clocked by txoutclk_out[0]  {rise@0.000ns fall@1.552ns period=3.103ns})
  Destination:            roce_fifo/m_rst_sync1_reg_reg/PRE
                            (recovery check against rising-edge clock txoutclk_out[0]  {rise@0.000ns fall@1.552ns period=3.103ns})
  Path Group:             **async_default**
  Path Type:              Recovery (Max at Slow Process Corner)
  Requirement:            3.103ns  (txoutclk_out[0] rise@3.103ns - txoutclk_out[0] rise@0.000ns)
  Data Path Delay:        1.595ns  (logic 0.081ns (5.078%)  route 1.514ns (94.922%))
  Logic Levels:           0  
  Clock Path Skew:        -0.017ns (DCD - SCD + CPR)
    Destination Clock Delay (DCD):    2.188ns = ( 5.291 - 3.103 ) 
    Source Clock Delay      (SCD):    2.314ns
    Clock Pessimism Removal (CPR):    0.109ns
  Clock Uncertainty:      0.046ns  ((TSJ^2 + DJ^2)^1/2) / 2 + PE
    Total System Jitter     (TSJ):    0.071ns
    Discrete Jitter          (DJ):    0.060ns
    Phase Error              (PE):    0.000ns
  Clock Net Delay (Source):      2.099ns (routing 0.914ns, distribution 1.185ns)
  Clock Net Delay (Destination): 1.996ns (routing 0.832ns, distribution 1.164ns)

    Location             Delay type                Incr(ns)  Path(ns)    Netlist Resource(s)
  -------------------------------------------------------------------    -------------------
                         (clock txoutclk_out[0] rise edge)
                                                      0.000     0.000 r  
    GTYE4_CHANNEL_X0Y4   GTYE4_CHANNEL                0.000     0.000 r  cmac_inst/inst/cmac_usplus_0_gt_i/inst/gen_gtwizard_gtye4_top.cmac_usplus_0_gt_gtwizard_gtye4_inst/gen_gtwizard_gtye4.gen_channel_container[1].gen_enabled_channel.gtye4_channel_wrapper_inst/channel_inst/gtye4_channel_gen.gen_gtye4_channel_inst[0].GTYE4_CHANNEL_PRIM_INST/TXOUTCLK
                         net (fo=2, routed)           0.085     0.085    cmac_inst/inst/cmac_gtwiz_userclk_tx_inst/txoutclk_out[0]
    BUFG_GT_X0Y99        BUFG_GT (Prop_BUFG_GT_I_O)
                                                      0.130     0.215 r  cmac_inst/inst/cmac_gtwiz_userclk_tx_inst/gen_gtwiz_userclk_tx_main.bufg_gt_usrclk_inst/O
    X2Y5 (CLOCK_ROOT)    net (fo=10048, routed)       2.099     2.314    rst_mac_sync/gt_txusrclk2
    SLICE_X40Y287        FDPE                                         r  rst_mac_sync/sync_reg_reg[3]/C
  -------------------------------------------------------------------    -------------------
    SLICE_X40Y287        FDPE (Prop_DFF2_SLICEL_C_Q)
                                                      0.081     2.395 f  rst_mac_sync/sync_reg_reg[3]/Q
                         net (fo=388, routed)         1.514     3.909    roce_fifo/overflow_reg_reg_0[0]
    SLICE_X79Y318        FDPE                                         f  roce_fifo/m_rst_sync1_reg_reg/PRE
  -------------------------------------------------------------------    -------------------

                         (clock txoutclk_out[0] rise edge)
                                                      3.103     3.103 r  
    GTYE4_CHANNEL_X0Y4   GTYE4_CHANNEL                0.000     3.103 r  cmac_inst/inst/cmac_usplus_0_gt_i/inst/gen_gtwizard_gtye4_top.cmac_usplus_0_gt_gtwizard_gtye4_inst/gen_gtwizard_gtye4.gen_channel_container[1].gen_enabled_channel.gtye4_channel_wrapper_inst/channel_inst/gtye4_channel_gen.gen_gtye4_channel_inst[0].GTYE4_CHANNEL_PRIM_INST/TXOUTCLK
                         net (fo=2, routed)           0.078     3.181    cmac_inst/inst/cmac_gtwiz_userclk_tx_inst/txoutclk_out[0]
    BUFG_GT_X0Y99        BUFG_GT (Prop_BUFG_GT_I_O)
                                                      0.114     3.295 r  cmac_inst/inst/cmac_gtwiz_userclk_tx_inst/gen_gtwiz_userclk_tx_main.bufg_gt_usrclk_inst/O
    X2Y5 (CLOCK_ROOT)    net (fo=10048, routed)       1.996     5.291    roce_fifo/gt_txusrclk2
    SLICE_X79Y318        FDPE                                         r  roce_fifo/m_rst_sync1_reg_reg/C
                         clock pessimism              0.109     5.400    
                         clock uncertainty           -0.046     5.354    
    SLICE_X79Y318        FDPE (Recov_EFF_SLICEM_C_PRE)
                                                     -0.066     5.288    roce_fifo/m_rst_sync1_reg_reg
  -------------------------------------------------------------------
                         required time                          5.288    
                         arrival time                          -3.909    
  -------------------------------------------------------------------
                         slack                                  1.379    





Min Delay Paths
--------------------------------------------------------------------------------------
Slack (MET) :             0.650ns  (arrival time - required time)
  Source:                 rst_mac_sync/sync_reg_reg[3]/C
                            (rising edge-triggered cell FDPE clocked by txoutclk_out[0]  {rise@0.000ns fall@1.552ns period=3.103ns})
  Destination:            roce_fifo/m_rst_sync1_reg_reg/PRE
                            (removal check against rising-edge clock txoutclk_out[0]  {rise@0.000ns fall@1.552ns period=3.103ns})
  Path Group:             **async_default**
  Path Type:              Removal (Min at Fast Process Corner)
  Requirement:            0.000ns  (txoutclk_out[0] rise@0.000ns - txoutclk_out[0] rise@0.000ns)
  Data Path Delay:        0.790ns  (logic 0.041ns (5.191%)  route 0.749ns (94.809%))
  Logic Levels:           0  
  Clock Path Skew:        0.160ns (DCD - SCD - CPR)
    Destination Clock Delay (DCD):    1.510ns
    Source Clock Delay      (SCD):    1.277ns
    Clock Pessimism Removal (CPR):    0.073ns
  Clock Net Delay (Source):      1.152ns (routing 0.495ns, distribution 0.657ns)
  Clock Net Delay (Destination): 1.371ns (routing 0.551ns, distribution 0.820ns)

    Location             Delay type                Incr(ns)  Path(ns)    Netlist Resource(s)
  -------------------------------------------------------------------    -------------------
                         (clock txoutclk_out[0] rise edge)
                                                      0.000     0.000 r  
    GTYE4_CHANNEL_X0Y4   GTYE4_CHANNEL                0.000     0.000 r  cmac_inst/inst/cmac_usplus_0_gt_i/inst/gen_gtwizard_gtye4_top.cmac_usplus_0_gt_gtwizard_gtye4_inst/gen_gtwizard_gtye4.gen_channel_container[1].gen_enabled_channel.gtye4_channel_wrapper_inst/channel_inst/gtye4_channel_gen.gen_gtye4_channel_inst[0].GTYE4_CHANNEL_PRIM_INST/TXOUTCLK
                         net (fo=2, routed)           0.052     0.052    cmac_inst/inst/cmac_gtwiz_userclk_tx_inst/txoutclk_out[0]
    BUFG_GT_X0Y99        BUFG_GT (Prop_BUFG_GT_I_O)
                                                      0.073     0.125 r  cmac_inst/inst/cmac_gtwiz_userclk_tx_inst/gen_gtwiz_userclk_tx_main.bufg_gt_usrclk_inst/O
    X2Y5 (CLOCK_ROOT)    net (fo=10048, routed)       1.152     1.277    rst_mac_sync/gt_txusrclk2
    SLICE_X40Y287        FDPE                                         r  rst_mac_sync/sync_reg_reg[3]/C
  -------------------------------------------------------------------    -------------------
    SLICE_X40Y287        FDPE (Prop_DFF2_SLICEL_C_Q)
                                                      0.041     1.318 f  rst_mac_sync/sync_reg_reg[3]/Q
                         net (fo=388, routed)         0.749     2.067    roce_fifo/overflow_reg_reg_0[0]
    SLICE_X79Y318        FDPE                                         f  roce_fifo/m_rst_sync1_reg_reg/PRE
  -------------------------------------------------------------------    -------------------

                         (clock txoutclk_out[0] rise edge)
                                                      0.000     0.000 r  
    GTYE4_CHANNEL_X0Y4   GTYE4_CHANNEL                0.000     0.000 r  cmac_inst/inst/cmac_usplus_0_gt_i/inst/gen_gtwizard_gtye4_top.cmac_usplus_0_gt_gtwizard_gtye4_inst/gen_gtwizard_gtye4.gen_channel_container[1].gen_enabled_channel.gtye4_channel_wrapper_inst/channel_inst/gtye4_channel_gen.gen_gtye4_channel_inst[0].GTYE4_CHANNEL_PRIM_INST/TXOUTCLK
                         net (fo=2, routed)           0.057     0.057    cmac_inst/inst/cmac_gtwiz_userclk_tx_inst/txoutclk_out[0]
    BUFG_GT_X0Y99        BUFG_GT (Prop_BUFG_GT_I_O)
                                                      0.082     0.139 r  cmac_inst/inst/cmac_gtwiz_userclk_tx_inst/gen_gtwiz_userclk_tx_main.bufg_gt_usrclk_inst/O
    X2Y5 (CLOCK_ROOT)    net (fo=10048, routed)       1.371     1.510    roce_fifo/gt_txusrclk2
    SLICE_X79Y318        FDPE                                         r  roce_fifo/m_rst_sync1_reg_reg/C
                         clock pessimism             -0.073     1.437    
    SLICE_X79Y318        FDPE (Remov_EFF_SLICEM_C_PRE)
                                                     -0.020     1.417    roce_fifo/m_rst_sync1_reg_reg
  -------------------------------------------------------------------
                         required time                         -1.417    
                         arrival time                           2.067    
  -------------------------------------------------------------------
                         slack                                  0.650    





