Copyright 1986-2022 Xilinx, Inc. All Rights Reserved. Copyright 2022-2023 Advanced Micro Devices, Inc. All Rights Reserved.
--------------------------------------------------------------------------------------------------------------------------------------------------
| Tool Version      : Vivado v.2023.2 (lin64) Build 4029153 Fri Oct 13 20:13:54 MDT 2023
| Date              : Sun Oct  4 02:26:10 2026
| Host              : yijie running 64-bit Ubuntu 24.04.5 LTS
| Command           : report_timing_summary -file /home/yijie/fpga/zcu208_4gsps_ofdm/build/rdma_ofdm4g_m2b_timing_summary.rpt
| Design            : rdma_ofdm_top
| Device            : xczu48dr-ffvg1517
| Speed File        : -2  PRODUCTION 1.32 01-31-2021
| Design State      : Physopt postRoute
| Temperature Grade : E
--------------------------------------------------------------------------------------------------------------------------------------------------

Timing Summary Report

------------------------------------------------------------------------------------------------
| Timer Settings
| --------------
------------------------------------------------------------------------------------------------

  Enable Multi Corner Analysis               :  Yes
  Enable Pessimism Removal                   :  Yes
  Pessimism Removal Resolution               :  Nearest Common Node
  Enable Input Delay Default Clock           :  No
  Enable Preset / Clear Arcs                 :  No
  Disable Flight Delays                      :  No
  Ignore I/O Paths                           :  No
  Timing Early Launch at Borrowing Latches   :  No
  Borrow Time for Max Delay Exceptions       :  Yes
  Merge Timing Exceptions                    :  Yes
  Inter-SLR Compensation                     :  Conservative

  Corner  Analyze    Analyze    
  Name    Max Paths  Min Paths  
  ------  ---------  ---------  
  Slow    Yes        Yes        
  Fast    Yes        Yes        


------------------------------------------------------------------------------------------------
| Report Methodology
| ------------------
------------------------------------------------------------------------------------------------

Rule       Severity  Description                                 Violations  
---------  --------  ------------------------------------------  ----------  
LUTAR-1    Warning   LUT drives async reset alert                50          
SYNTH-10   Warning   Wide multiplier                             44          
TIMING-9   Warning   Unknown CDC Logic                           1           
TIMING-24  Warning   Overridden Max delay datapath only          13          
XDCB-1     Warning   Runtime intensive exceptions                1           
CLKC-56    Advisory  MMCME4 with global clock driver has no LOC  1           
RTGT-1     Advisory  RAM retargeting possibility                 10          

Note: This report is based on the most recent report_methodology run and may not be up-to-date. Run report_methodology on the current design for the latest report.



check_timing report

Table of Contents
-----------------
1. checking no_clock (0)
2. checking constant_clock (0)
3. checking pulse_width_clock (0)
4. checking unconstrained_internal_endpoints (0)
5. checking no_input_delay (1)
6. checking no_output_delay (1)
7. checking multiple_clock (0)
8. checking generated_clocks (0)
9. checking loops (0)
10. checking partial_input_delay (0)
11. checking partial_output_delay (0)
12. checking latch_loops (0)

1. checking no_clock (0)
------------------------
 There are 0 register/latch pins with no clock.


2. checking constant_clock (0)
------------------------------
 There are 0 register/latch pins with constant_clock.


3. checking pulse_width_clock (0)
---------------------------------
 There are 0 register/latch pins which need pulse_width check


4. checking unconstrained_internal_endpoints (0)
------------------------------------------------
 There are 0 pins that are not constrained for maximum delay.

 There are 0 pins that are not constrained for maximum delay due to constant clock.


5. checking no_input_delay (1)
------------------------------
 There are 0 input ports with no input delay specified.

 There is 1 input port with no input delay but user has a false path constraint. (MEDIUM)


6. checking no_output_delay (1)
-------------------------------
 There is 1 port with no output delay specified. (HIGH)

 There are 0 ports with no output delay but user has a false path constraint

 There are 0 ports with no output delay but with a timing clock defined on it or propagating through it


7. checking multiple_clock (0)
------------------------------
 There are 0 register/latch pins with multiple clocks.


8. checking generated_clocks (0)
--------------------------------
 There are 0 generated clocks that are not connected to a clock source.


9. checking loops (0)
---------------------
 There are 0 combinational loops in the design.


10. checking partial_input_delay (0)
------------------------------------
 There are 0 input ports with partial input delay specified.


11. checking partial_output_delay (0)
-------------------------------------
 There are 0 ports with partial output delay specified.


12. checking latch_loops (0)
----------------------------
 There are 0 combinational latch loops in the design through latch input



------------------------------------------------------------------------------------------------
| Design Timing Summary
| ---------------------
------------------------------------------------------------------------------------------------

    WNS(ns)      TNS(ns)  TNS Failing Endpoints  TNS Total Endpoints      WHS(ns)      THS(ns)  THS Failing Endpoints  THS Total Endpoints     WPWS(ns)     TPWS(ns)  TPWS Failing Endpoints  TPWS Total Endpoints  
    -------      -------  ---------------------  -------------------      -------      -------  ---------------------  -------------------     --------     --------  ----------------------  --------------------  
     -0.301     -543.206                   5465              1285623        0.001        0.000                      0              1284129        0.039        0.000                       0                408912  


Timing constraints are not met.


------------------------------------------------------------------------------------------------
| Clock Summary
| -------------
------------------------------------------------------------------------------------------------

Clock                                                                                                Waveform(ns)             Period(ns)      Frequency(MHz)
-----                                                                                                ------------             ----------      --------------
PL_CLK                                                                                               {0.000 1.000}            2.000           500.000         
  clk_out1_mts_mmcm_rf_0                                                                             {0.000 1.000}            2.000           500.000         
  clk_out2_mts_mmcm_rf_0                                                                             {0.000 2.000}            4.000           250.000         
  clkfbout_mts_mmcm_rf_0                                                                             {0.000 1.000}            2.000           500.000         
RFADC0_CLK                                                                                           {0.000 2.000}            4.000           250.000         
RFADC1_CLK                                                                                           {0.000 2.000}            4.000           250.000         
RFADC2_CLK                                                                                           {0.000 2.000}            4.000           250.000         
RFADC3_CLK                                                                                           {0.000 2.000}            4.000           250.000         
RFDAC0_CLK                                                                                           {0.000 2.000}            4.000           250.000         
RFDAC1_CLK                                                                                           {0.000 2.000}            4.000           250.000         
RFDAC2_CLK                                                                                           {0.000 2.000}            4.000           250.000         
RFDAC3_CLK                                                                                           {0.000 2.000}            4.000           250.000         
c0_sys_clk_p                                                                                         {0.000 2.499}            4.998           200.080         
  mmcm_clkout0                                                                                       {0.000 1.666}            3.332           300.120         
    pll_clk[0]                                                                                       {0.000 0.208}            0.417           2400.960        
      pll_clk[0]_DIV                                                                                 {0.000 1.666}            3.332           300.120         
    pll_clk[1]                                                                                       {0.000 0.208}            0.417           2400.960        
      pll_clk[1]_DIV                                                                                 {0.000 1.666}            3.332           300.120         
    pll_clk[2]                                                                                       {0.000 0.208}            0.417           2400.960        
      pll_clk[2]_DIV                                                                                 {0.000 1.666}            3.332           300.120         
  mmcm_clkout5                                                                                       {0.000 6.664}            13.328          75.030          
  mmcm_clkout6                                                                                       {0.000 3.332}            6.664           150.060         
clk_100                                                                                              {0.000 5.000}            10.000          100.000         
  clk_100_mmcm                                                                                       {0.000 5.000}            10.000          100.000         
  clk_125_mmcm                                                                                       {0.000 4.000}            8.000           125.000         
  clk_200_mmcm                                                                                       {0.000 2.500}            5.000           200.000         
clk_pl_0                                                                                             {0.000 5.000}            10.000          100.000         
dbg_hub/inst/BSCANID.u_xsdbm_id/SWITCH_N_EXT_BSCAN.bscan_inst/SERIES7_BSCAN.bscan_inst/INTERNAL_TCK  {0.000 25.000}           50.000          20.000          
qsfp0_mgt_refclk_0_p                                                                                 {0.000 3.200}            6.400           156.250         
  qpll0outclk_out[0]                                                                                 {0.000 0.039}            0.078           12890.630       
    GTYE4_CHANNEL_TXOUTCLKPCS[0]                                                                     {0.000 1.552}            3.103           322.266         
    GTYE4_CHANNEL_TXOUTCLKPCS[1]                                                                     {0.000 1.552}            3.103           322.266         
    GTYE4_CHANNEL_TXOUTCLKPCS[2]                                                                     {0.000 1.552}            3.103           322.266         
    GTYE4_CHANNEL_TXOUTCLKPCS[3]                                                                     {0.000 1.552}            3.103           322.266         
    rxoutclk_out[0]                                                                                  {0.000 1.552}            3.103           322.266         
    txoutclk_out[0]                                                                                  {0.000 1.552}            3.103           322.266         
  qpll0outrefclk_out[0]                                                                              {0.000 3.200}            6.400           156.250         


------------------------------------------------------------------------------------------------
| Intra Clock Table
| -----------------
------------------------------------------------------------------------------------------------

Clock                                                                                                    WNS(ns)      TNS(ns)  TNS Failing Endpoints  TNS Total Endpoints      WHS(ns)      THS(ns)  THS Failing Endpoints  THS Total Endpoints     WPWS(ns)     TPWS(ns)  TPWS Failing Endpoints  TPWS Total Endpoints  
-----                                                                                                    -------      -------  ---------------------  -------------------      -------      -------  ---------------------  -------------------     --------     --------  ----------------------  --------------------  
PL_CLK                                                                                                     0.174        0.000                      0                  163        0.041        0.000                      0                  163        0.100        0.000                       0                   133  
  clk_out1_mts_mmcm_rf_0                                                                                  -0.301     -181.115                   1804                21030        0.014        0.000                      0                21030        0.350        0.000                       0                  8807  
  clk_out2_mts_mmcm_rf_0                                                                                  -0.262     -359.865                   3627               813241        0.001        0.000                      0               813241        1.300        0.000                       0                238857  
  clkfbout_mts_mmcm_rf_0                                                                                                                                                                                                                               0.710        0.000                       0                     3  
c0_sys_clk_p                                                                                               2.515        0.000                      0                   23        0.053        0.000                      0                   23        0.750        0.000                       0                    19  
  mmcm_clkout0                                                                                             0.004        0.000                      0               139743        0.010        0.000                      0               139743        0.500        0.000                       0                 50927  
    pll_clk[0]                                                                                                                                                                                                                                         0.039        0.000                       0                     9  
      pll_clk[0]_DIV                                                                                                                                                                                                                                   0.466        0.000                       0                    40  
    pll_clk[1]                                                                                                                                                                                                                                         0.039        0.000                       0                     9  
      pll_clk[1]_DIV                                                                                                                                                                                                                                   0.466        0.000                       0                    25  
    pll_clk[2]                                                                                                                                                                                                                                         0.039        0.000                       0                     9  
      pll_clk[2]_DIV                                                                                                                                                                                                                                   0.466        0.000                       0                    40  
  mmcm_clkout5                                                                                             8.224        0.000                      0                 7963        0.010        0.000                      0                 7963        6.122        0.000                       0                  3640  
  mmcm_clkout6                                                                                             0.862        0.000                      0                 5713        0.014        0.000                      0                 5185        1.086        0.000                       0                  1747  
clk_100                                                                                                                                                                                                                                                2.000        0.000                       0                     1  
  clk_100_mmcm                                                                                             5.707        0.000                      0                 2498        0.022        0.000                      0                 2498        4.458        0.000                       0                  1023  
  clk_125_mmcm                                                                                             5.933        0.000                      0                  395        0.039        0.000                      0                  395        3.725        0.000                       0                   261  
  clk_200_mmcm                                                                                             0.001        0.000                      0               176160        0.006        0.000                      0               176160        1.800        0.000                       0                 59183  
clk_pl_0                                                                                                   0.484        0.000                      0                86620        0.010        0.000                      0                86620        3.400        0.000                       0                 32907  
dbg_hub/inst/BSCANID.u_xsdbm_id/SWITCH_N_EXT_BSCAN.bscan_inst/SERIES7_BSCAN.bscan_inst/INTERNAL_TCK       13.162        0.000                      0                 1007        0.014        0.000                      0                 1007       24.468        0.000                       0                   491  
    GTYE4_CHANNEL_TXOUTCLKPCS[0]                                                                           1.984        0.000                      0                   34        0.107        0.000                      0                   34        1.277        0.000                       0                    15  
    GTYE4_CHANNEL_TXOUTCLKPCS[1]                                                                           1.783        0.000                      0                   34        0.053        0.000                      0                   34        1.277        0.000                       0                    15  
    GTYE4_CHANNEL_TXOUTCLKPCS[2]                                                                           1.938        0.000                      0                   34        0.125        0.000                      0                   34        1.277        0.000                       0                    15  
    GTYE4_CHANNEL_TXOUTCLKPCS[3]                                                                           1.567        0.000                      0                   34        0.248        0.000                      0                   34        1.277        0.000                       0                    15  
    rxoutclk_out[0]                                                                                        0.643        0.000                      0                  969        0.026        0.000                      0                  969        0.447        0.000                       0                   666  
    txoutclk_out[0]                                                                                        0.050        0.000                      0                22330        0.008        0.000                      0                22330        0.543        0.000                       0                 10055  


------------------------------------------------------------------------------------------------
| Inter Clock Table
| -----------------
------------------------------------------------------------------------------------------------

From Clock                                                                                           To Clock                                                                                                 WNS(ns)      TNS(ns)  TNS Failing Endpoints  TNS Total Endpoints      WHS(ns)      THS(ns)  THS Failing Endpoints  THS Total Endpoints  
----------                                                                                           --------                                                                                                 -------      -------  ---------------------  -------------------      -------      -------  ---------------------  -------------------  
PL_CLK                                                                                               clk_out1_mts_mmcm_rf_0                                                                                     0.102        0.000                      0                    1        0.708        0.000                      0                    1  
clk_out2_mts_mmcm_rf_0                                                                               clk_out1_mts_mmcm_rf_0                                                                                    -0.052       -0.099                      2                 1062        0.015        0.000                      0                  525  
clk_out1_mts_mmcm_rf_0                                                                               clk_out2_mts_mmcm_rf_0                                                                                    -0.246       -2.127                     32                 2074        0.037        0.000                      0                 1025  
clk_pl_0                                                                                             clk_out2_mts_mmcm_rf_0                                                                                     8.528        0.000                      0                  100                                                                        
mmcm_clkout5                                                                                         mmcm_clkout0                                                                                               0.751        0.000                      0                   28                                                                        
mmcm_clkout6                                                                                         mmcm_clkout0                                                                                               1.274        0.000                      0                  133                                                                        
clk_200_mmcm                                                                                         mmcm_clkout0                                                                                               3.511        0.000                      0                  150                                                                        
mmcm_clkout0                                                                                         pll_clk[0]_DIV                                                                                             0.363        0.000                      0                  352        0.647        0.000                      0                  352  
mmcm_clkout0                                                                                         pll_clk[1]_DIV                                                                                             0.513        0.000                      0                  224        0.658        0.000                      0                  224  
mmcm_clkout0                                                                                         pll_clk[2]_DIV                                                                                             0.381        0.000                      0                  352        0.662        0.000                      0                  352  
mmcm_clkout0                                                                                         mmcm_clkout5                                                                                              10.854        0.000                      0                   10                                                                        
clk_100_mmcm                                                                                         mmcm_clkout5                                                                                               9.421        0.000                      0                   24                                                                        
clk_200_mmcm                                                                                         mmcm_clkout5                                                                                               4.263        0.000                      0                   24                                                                        
dbg_hub/inst/BSCANID.u_xsdbm_id/SWITCH_N_EXT_BSCAN.bscan_inst/SERIES7_BSCAN.bscan_inst/INTERNAL_TCK  mmcm_clkout5                                                                                              48.959        0.000                      0                    8                                                                        
mmcm_clkout0                                                                                         mmcm_clkout6                                                                                               1.890        0.000                      0                   36        0.125        0.000                      0                    1  
mmcm_clkout5                                                                                         clk_100_mmcm                                                                                             999.450        0.000                      0                   24                                                                        
clk_200_mmcm                                                                                         clk_100_mmcm                                                                                               4.076        0.000                      0                   56                                                                        
mmcm_clkout0                                                                                         clk_200_mmcm                                                                                               1.668        0.000                      0                  150                                                                        
mmcm_clkout5                                                                                         clk_200_mmcm                                                                                             999.352        0.000                      0                   24                                                                        
clk_100_mmcm                                                                                         clk_200_mmcm                                                                                               3.283        0.000                      0                   79        0.150        0.000                      0                    1  
txoutclk_out[0]                                                                                      clk_200_mmcm                                                                                               2.525        0.000                      0                   29                                                                        
clk_out2_mts_mmcm_rf_0                                                                               clk_pl_0                                                                                                   3.157        0.000                      0                  100                                                                        
mmcm_clkout5                                                                                         dbg_hub/inst/BSCANID.u_xsdbm_id/SWITCH_N_EXT_BSCAN.bscan_inst/SERIES7_BSCAN.bscan_inst/INTERNAL_TCK       12.955        0.000                      0                    8                                                                        
clk_200_mmcm                                                                                         txoutclk_out[0]                                                                                            4.412        0.000                      0                   29                                                                        


------------------------------------------------------------------------------------------------
| Other Path Groups Table
| -----------------------
------------------------------------------------------------------------------------------------

Path Group                                                                                           From Clock                                                                                           To Clock                                                                                                 WNS(ns)      TNS(ns)  TNS Failing Endpoints  TNS Total Endpoints      WHS(ns)      THS(ns)  THS Failing Endpoints  THS Total Endpoints  
----------                                                                                           ----------                                                                                           --------                                                                                                 -------      -------  ---------------------  -------------------      -------      -------  ---------------------  -------------------  
**async_default**                                                                                    clk_200_mmcm                                                                                         clk_200_mmcm                                                                                               2.298        0.000                      0                  745        0.096        0.000                      0                  745  
**async_default**                                                                                    clk_out1_mts_mmcm_rf_0                                                                               clk_out1_mts_mmcm_rf_0                                                                                     0.047        0.000                      0                  204        0.343        0.000                      0                  204  
**async_default**                                                                                    clk_out1_mts_mmcm_rf_0                                                                               clk_out2_mts_mmcm_rf_0                                                                                     0.397        0.000                      0                    2        0.220        0.000                      0                    2  
**async_default**                                                                                    clk_out2_mts_mmcm_rf_0                                                                               clk_out2_mts_mmcm_rf_0                                                                                     0.481        0.000                      0                  929        0.097        0.000                      0                  929  
**async_default**                                                                                    clk_pl_0                                                                                             clk_pl_0                                                                                                   7.578        0.000                      0                  861        0.097        0.000                      0                  861  
**async_default**                                                                                    dbg_hub/inst/BSCANID.u_xsdbm_id/SWITCH_N_EXT_BSCAN.bscan_inst/SERIES7_BSCAN.bscan_inst/INTERNAL_TCK  dbg_hub/inst/BSCANID.u_xsdbm_id/SWITCH_N_EXT_BSCAN.bscan_inst/SERIES7_BSCAN.bscan_inst/INTERNAL_TCK       46.179        0.000                      0                  100        0.164        0.000                      0                  100  
**async_default**                                                                                    mmcm_clkout0                                                                                         mmcm_clkout0                                                                                               0.598        0.000                      0                 1221        0.096        0.000                      0                 1221  
**async_default**                                                                                    mmcm_clkout5                                                                                         mmcm_clkout5                                                                                              11.710        0.000                      0                  122        0.120        0.000                      0                  122  
**async_default**                                                                                    txoutclk_out[0]                                                                                      txoutclk_out[0]                                                                                            1.818        0.000                      0                    1        0.438        0.000                      0                    1  


------------------------------------------------------------------------------------------------
| Timing Details
| --------------
------------------------------------------------------------------------------------------------


---------------------------------------------------------------------------------------------------
From Clock:  PL_CLK
  To Clock:  PL_CLK

Setup :            0  Failing Endpoints,  Worst Slack        0.174ns,  Total Violation        0.000ns
Hold  :            0  Failing Endpoints,  Worst Slack        0.041ns,  Total Violation        0.000ns
PW    :            0  Failing Endpoints,  Worst Slack        0.100ns,  Total Violation        0.000ns
---------------------------------------------------------------------------------------------------


Max Delay Paths
--------------------------------------------------------------------------------------
Slack (MET) :             0.174ns  (required time - arrival time)
  Source:                 PL_SYSREF_P
                            (input port clocked by PL_CLK  {rise@0.000ns fall@1.000ns period=2.000ns})
  Destination:            rf_bd/mts_i/mts_sync_0/inst/sysref_pin_r_reg/D
                            (rising edge-triggered cell FDRE clocked by PL_CLK  {rise@0.000ns fall@1.000ns period=2.000ns})
  Path Group:             PL_CLK
  Path Type:              Setup (Max at Fast Process Corner)
  Requirement:            2.000ns  (PL_CLK rise@2.000ns - PL_CLK rise@0.000ns)
  Data Path Delay:        1.388ns  (logic 0.453ns (32.617%)  route 0.935ns (67.383%))
  Logic Levels:           2  (DIFFINBUF=1 IBUFCTRL=1)
  Input Delay:            2.031ns
  Clock Path Skew:        1.604ns (DCD - SCD + CPR)
    Destination Clock Delay (DCD):    1.604ns = ( 3.604 - 2.000 ) 
    Source Clock Delay      (SCD):    0.000ns
    Clock Pessimism Removal (CPR):    0.000ns
  Clock Uncertainty:      0.035ns  ((TSJ^2 + TIJ^2)^1/2 + DJ) / 2 + PE
    Total System Jitter     (TSJ):    0.071ns
    Total Input Jitter      (TIJ):    0.000ns
    Discrete Jitter          (DJ):    0.000ns
    Phase Error              (PE):    0.000ns
  Clock Net Delay (Destination): 0.942ns (routing 0.397ns, distribution 0.545ns)

    Location             Delay type                Incr(ns)  Path(ns)    Netlist Resource(s)
  -------------------------------------------------------------------    -------------------
                         (clock PL_CLK rise edge)     0.000     0.000 r  
                         input delay                  2.031     2.031    
    AP18                                              0.000     2.031 r  PL_SYSREF_P (IN)
                         net (fo=0)                   0.100     2.131    rf_bd/mts_i/mts_sync_0/inst/sysref_ibuf/I
    HPIOBDIFFINBUF_X0Y58 DIFFINBUF (Prop_DIFFINBUF_HPIOBDIFFINBUF_DIFF_IN_P_O)
                                                      0.453     2.584 r  rf_bd/mts_i/mts_sync_0/inst/sysref_ibuf/DIFFINBUF_INST/O
                         net (fo=1, routed)           0.050     2.634    rf_bd/mts_i/mts_sync_0/inst/sysref_ibuf/OUT
    AP18                 IBUFCTRL (Prop_IBUFCTRL_HPIOB_M_I_O)
                                                      0.000     2.634 r  rf_bd/mts_i/mts_sync_0/inst/sysref_ibuf/IBUFCTRL_INST/O
                         net (fo=1, routed)           0.785     3.419    rf_bd/mts_i/mts_sync_0/inst/sysref_i
    SLICE_X78Y151        FDRE                                         r  rf_bd/mts_i/mts_sync_0/inst/sysref_pin_r_reg/D
  -------------------------------------------------------------------    -------------------

                         (clock PL_CLK rise edge)     2.000     2.000 r  
    AN11                                              0.000     2.000 r  PL_CLK_clk_p[0] (IN)
                         net (fo=0)                   0.079     2.079    rf_bd/mts_i/ibufds_pl_clk/U0/USE_IBUFDS.GEN_IBUFDS[0].IBUFDS_I/I
    HPIOBDIFFINBUF_X0Y34 DIFFINBUF (Prop_DIFFINBUF_HPIOBDIFFINBUF_DIFF_IN_P_O)
                                                      0.332     2.411 r  rf_bd/mts_i/ibufds_pl_clk/U0/USE_IBUFDS.GEN_IBUFDS[0].IBUFDS_I/DIFFINBUF_INST/O
                         net (fo=1, routed)           0.040     2.451    rf_bd/mts_i/ibufds_pl_clk/U0/USE_IBUFDS.GEN_IBUFDS[0].IBUFDS_I/OUT
    AN11                 IBUFCTRL (Prop_IBUFCTRL_HPIOB_M_I_O)
                                                      0.000     2.451 r  rf_bd/mts_i/ibufds_pl_clk/U0/USE_IBUFDS.GEN_IBUFDS[0].IBUFDS_I/IBUFCTRL_INST/O
                         net (fo=1, routed)           0.194     2.645    rf_bd/mts_i/bufg_pl_clk/U0/BUFG_I[0]
    BUFGCE_X0Y34         BUFGCE (Prop_BUFCE_BUFGCE_I_O)
                                                      0.017     2.662 r  rf_bd/mts_i/bufg_pl_clk/U0/USE_BUFG.GEN_BUFG[0].BUFG_U/O
    X2Y1 (CLOCK_ROOT)    net (fo=132, routed)         0.942     3.604    rf_bd/mts_i/mts_sync_0/inst/pl_clk
    SLICE_X78Y151        FDRE                                         r  rf_bd/mts_i/mts_sync_0/inst/sysref_pin_r_reg/C
                         clock pessimism              0.000     3.604    
                         clock uncertainty           -0.035     3.568    
    SLICE_X78Y151        FDRE (Setup_AFF2_SLICEM_C_D)
                                                      0.024     3.592    rf_bd/mts_i/mts_sync_0/inst/sysref_pin_r_reg
  -------------------------------------------------------------------
                         required time                          3.592    
                         arrival time                          -3.419    
  -------------------------------------------------------------------
                         slack                                  0.174    





Min Delay Paths
--------------------------------------------------------------------------------------
Slack (MET) :             0.041ns  (arrival time - required time)
  Source:                 rf_bd/mts_i/clk_meter_0/inst/clk_count_reg[23]/C
                            (rising edge-triggered cell FDRE clocked by PL_CLK  {rise@0.000ns fall@1.000ns period=2.000ns})
  Destination:            rf_bd/mts_i/clk_meter_0/inst/clk_count_gray_reg[23]/D
                            (rising edge-triggered cell FDRE clocked by PL_CLK  {rise@0.000ns fall@1.000ns period=2.000ns})
  Path Group:             PL_CLK
  Path Type:              Hold (Min at Fast Process Corner)
  Requirement:            0.000ns  (PL_CLK rise@0.000ns - PL_CLK rise@0.000ns)
  Data Path Delay:        0.140ns  (logic 0.059ns (42.115%)  route 0.081ns (57.885%))
  Logic Levels:           1  (LUT2=1)
  Clock Path Skew:        0.052ns (DCD - SCD - CPR)
    Destination Clock Delay (DCD):    1.879ns
    Source Clock Delay      (SCD):    1.578ns
    Clock Pessimism Removal (CPR):    0.249ns
  Clock Net Delay (Source):      0.917ns (routing 0.397ns, distribution 0.520ns)
  Clock Net Delay (Destination): 1.038ns (routing 0.439ns, distribution 0.599ns)

    Location             Delay type                Incr(ns)  Path(ns)    Netlist Resource(s)
  -------------------------------------------------------------------    -------------------
                         (clock PL_CLK rise edge)     0.000     0.000 r  
    AN11                                              0.000     0.000 r  PL_CLK_clk_p[0] (IN)
                         net (fo=0)                   0.079     0.079    rf_bd/mts_i/ibufds_pl_clk/U0/USE_IBUFDS.GEN_IBUFDS[0].IBUFDS_I/I
    HPIOBDIFFINBUF_X0Y34 DIFFINBUF (Prop_DIFFINBUF_HPIOBDIFFINBUF_DIFF_IN_P_O)
                                                      0.332     0.411 r  rf_bd/mts_i/ibufds_pl_clk/U0/USE_IBUFDS.GEN_IBUFDS[0].IBUFDS_I/DIFFINBUF_INST/O
                         net (fo=1, routed)           0.040     0.451    rf_bd/mts_i/ibufds_pl_clk/U0/USE_IBUFDS.GEN_IBUFDS[0].IBUFDS_I/OUT
    AN11                 IBUFCTRL (Prop_IBUFCTRL_HPIOB_M_I_O)
                                                      0.000     0.451 r  rf_bd/mts_i/ibufds_pl_clk/U0/USE_IBUFDS.GEN_IBUFDS[0].IBUFDS_I/IBUFCTRL_INST/O
                         net (fo=1, routed)           0.194     0.645    rf_bd/mts_i/bufg_pl_clk/U0/BUFG_I[0]
    BUFGCE_X0Y34         BUFGCE (Prop_BUFCE_BUFGCE_I_O)
                                                      0.017     0.662 r  rf_bd/mts_i/bufg_pl_clk/U0/USE_BUFG.GEN_BUFG[0].BUFG_U/O
    X2Y1 (CLOCK_ROOT)    net (fo=132, routed)         0.917     1.578    rf_bd/mts_i/clk_meter_0/inst/pl_clk
    SLICE_X34Y166        FDRE                                         r  rf_bd/mts_i/clk_meter_0/inst/clk_count_reg[23]/C
  -------------------------------------------------------------------    -------------------
    SLICE_X34Y166        FDRE (Prop_HFF_SLICEM_C_Q)
                                                      0.039     1.617 r  rf_bd/mts_i/clk_meter_0/inst/clk_count_reg[23]/Q
                         net (fo=3, routed)           0.075     1.692    rf_bd/mts_i/clk_meter_0/inst/clk_count_reg__0[23]
    SLICE_X33Y167        LUT2 (Prop_G5LUT_SLICEL_I1_O)
                                                      0.020     1.712 r  rf_bd/mts_i/clk_meter_0/inst/clk_count_gray[23]_i_1/O
                         net (fo=1, routed)           0.006     1.718    rf_bd/mts_i/clk_meter_0/inst/clk_count_gray0[23]
    SLICE_X33Y167        FDRE                                         r  rf_bd/mts_i/clk_meter_0/inst/clk_count_gray_reg[23]/D
  -------------------------------------------------------------------    -------------------

                         (clock PL_CLK rise edge)     0.000     0.000 r  
    AN11                                              0.000     0.000 r  PL_CLK_clk_p[0] (IN)
                         net (fo=0)                   0.100     0.100    rf_bd/mts_i/ibufds_pl_clk/U0/USE_IBUFDS.GEN_IBUFDS[0].IBUFDS_I/I
    HPIOBDIFFINBUF_X0Y34 DIFFINBUF (Prop_DIFFINBUF_HPIOBDIFFINBUF_DIFF_IN_P_O)
                                                      0.437     0.537 r  rf_bd/mts_i/ibufds_pl_clk/U0/USE_IBUFDS.GEN_IBUFDS[0].IBUFDS_I/DIFFINBUF_INST/O
                         net (fo=1, routed)           0.050     0.587    rf_bd/mts_i/ibufds_pl_clk/U0/USE_IBUFDS.GEN_IBUFDS[0].IBUFDS_I/OUT
    AN11                 IBUFCTRL (Prop_IBUFCTRL_HPIOB_M_I_O)
                                                      0.000     0.587 r  rf_bd/mts_i/ibufds_pl_clk/U0/USE_IBUFDS.GEN_IBUFDS[0].IBUFDS_I/IBUFCTRL_INST/O
                         net (fo=1, routed)           0.235     0.822    rf_bd/mts_i/bufg_pl_clk/U0/BUFG_I[0]
    BUFGCE_X0Y34         BUFGCE (Prop_BUFCE_BUFGCE_I_O)
                                                      0.019     0.841 r  rf_bd/mts_i/bufg_pl_clk/U0/USE_BUFG.GEN_BUFG[0].BUFG_U/O
    X2Y1 (CLOCK_ROOT)    net (fo=132, routed)         1.038     1.879    rf_bd/mts_i/clk_meter_0/inst/pl_clk
    SLICE_X33Y167        FDRE                                         r  rf_bd/mts_i/clk_meter_0/inst/clk_count_gray_reg[23]/C
                         clock pessimism             -0.249     1.630    
    SLICE_X33Y167        FDRE (Hold_GFF2_SLICEL_C_D)
                                                      0.047     1.677    rf_bd/mts_i/clk_meter_0/inst/clk_count_gray_reg[23]
  -------------------------------------------------------------------
                         required time                         -1.677    
                         arrival time                           1.718    
  -------------------------------------------------------------------
                         slack                                  0.041    





Pulse Width Checks
--------------------------------------------------------------------------------------
Clock Name:         PL_CLK
Waveform(ns):       { 0.000 1.000 }
Period(ns):         2.000
Sources:            { PL_CLK_clk_p[0] }

Check Type        Corner  Lib Pin            Reference Pin  Required(ns)  Actual(ns)  Slack(ns)  Location      Pin
Min Period        n/a     BUFGCE/I           n/a            1.290         2.000       0.710      BUFGCE_X0Y34  rf_bd/mts_i/bufg_pl_clk/U0/USE_BUFG.GEN_BUFG[0].BUFG_U/I
Max Period        n/a     MMCME4_ADV/CLKIN1  n/a            100.000       2.000       98.000     MMCM_X0Y1     rf_bd/mts_i/mmcm_rf/inst/mmcme4_adv_inst/CLKIN1
Low Pulse Width   Slow    MMCME4_ADV/CLKIN1  n/a            0.900         1.000       0.100      MMCM_X0Y1     rf_bd/mts_i/mmcm_rf/inst/mmcme4_adv_inst/CLKIN1
High Pulse Width  Slow    MMCME4_ADV/CLKIN1  n/a            0.900         1.000       0.100      MMCM_X0Y1     rf_bd/mts_i/mmcm_rf/inst/mmcme4_adv_inst/CLKIN1



---------------------------------------------------------------------------------------------------
From Clock:  clk_out1_mts_mmcm_rf_0
  To Clock:  clk_out1_mts_mmcm_rf_0

Setup :         1804  Failing Endpoints,  Worst Slack       -0.301ns,  Total Violation     -181.115ns
Hold  :            0  Failing Endpoints,  Worst Slack        0.014ns,  Total Violation        0.000ns
PW    :            0  Failing Endpoints,  Worst Slack        0.350ns,  Total Violation        0.000ns
---------------------------------------------------------------------------------------------------


Max Delay Paths
--------------------------------------------------------------------------------------
Slack (VIOLATED) :        -0.301ns  (required time - arrival time)
  Source:                 rf_bd/mts_i/usp_rf_data_converter_0/inst/mts_usp_rf_data_converter_0_0_rf_wrapper_i/rx0_u_adc/FABRIC_CLK
                            (rising edge-triggered cell RFADC clocked by clk_out1_mts_mmcm_rf_0  {rise@0.000ns fall@1.000ns period=2.000ns})
  Destination:            g_gear.gear/q1_reg[126]/D
                            (rising edge-triggered cell FDRE clocked by clk_out1_mts_mmcm_rf_0  {rise@0.000ns fall@1.000ns period=2.000ns})
  Path Group:             clk_out1_mts_mmcm_rf_0
  Path Type:              Setup (Max at Slow Process Corner)
  Requirement:            2.000ns  (clk_out1_mts_mmcm_rf_0 rise@2.000ns - clk_out1_mts_mmcm_rf_0 rise@0.000ns)
  Data Path Delay:        1.999ns  (logic 0.444ns (22.213%)  route 1.555ns (77.787%))
  Logic Levels:           0  
  Clock Path Skew:        -0.277ns (DCD - SCD + CPR)
    Destination Clock Delay (DCD):    2.699ns = ( 4.699 - 2.000 ) 
    Source Clock Delay      (SCD):    3.024ns
    Clock Pessimism Removal (CPR):    0.048ns
  Clock Uncertainty:      0.050ns  ((TSJ^2 + DJ^2)^1/2) / 2 + PE
    Total System Jitter     (TSJ):    0.071ns
    Discrete Jitter          (DJ):    0.070ns
    Phase Error              (PE):    0.000ns
  Clock Net Delay (Source):      2.998ns (routing 1.156ns, distribution 1.842ns)
  Clock Net Delay (Destination): 2.576ns (routing 1.051ns, distribution 1.525ns)

    Location             Delay type                Incr(ns)  Path(ns)    Netlist Resource(s)
  -------------------------------------------------------------------    -------------------
                         (clock clk_out1_mts_mmcm_rf_0 rise edge)
                                                      0.000     0.000 r  
    AN11                                              0.000     0.000 r  PL_CLK_clk_p[0] (IN)
                         net (fo=0)                   0.100     0.100    rf_bd/mts_i/ibufds_pl_clk/U0/USE_IBUFDS.GEN_IBUFDS[0].IBUFDS_I/I
    HPIOBDIFFINBUF_X0Y34 DIFFINBUF (Prop_DIFFINBUF_HPIOBDIFFINBUF_DIFF_IN_P_O)
                                                      0.666     0.766 r  rf_bd/mts_i/ibufds_pl_clk/U0/USE_IBUFDS.GEN_IBUFDS[0].IBUFDS_I/DIFFINBUF_INST/O
                         net (fo=1, routed)           0.050     0.816    rf_bd/mts_i/ibufds_pl_clk/U0/USE_IBUFDS.GEN_IBUFDS[0].IBUFDS_I/OUT
    AN11                 IBUFCTRL (Prop_IBUFCTRL_HPIOB_M_I_O)
                                                      0.000     0.816 r  rf_bd/mts_i/ibufds_pl_clk/U0/USE_IBUFDS.GEN_IBUFDS[0].IBUFDS_I/IBUFCTRL_INST/O
                         net (fo=1, routed)           0.336     1.152    rf_bd/mts_i/bufg_pl_clk/U0/BUFG_I[0]
    BUFGCE_X0Y34         BUFGCE (Prop_BUFCE_BUFGCE_I_O)
                                                      0.028     1.180 r  rf_bd/mts_i/bufg_pl_clk/U0/USE_BUFG.GEN_BUFG[0].BUFG_U/O
                         net (fo=132, routed)         1.570     2.750    rf_bd/mts_i/mmcm_rf/inst/clk_in1
    MMCM_X0Y1            MMCME4_ADV (Prop_MMCM_CLKIN1_CLKOUT0)
                                                     -2.996    -0.246 r  rf_bd/mts_i/mmcm_rf/inst/mmcme4_adv_inst/CLKOUT0
                         net (fo=1, routed)           0.244    -0.002    rf_bd/mts_i/mmcm_rf/inst/clk_out1_mts_mmcm_rf_0
    BUFGCE_X0Y32         BUFGCE (Prop_BUFCE_BUFGCE_I_O)
                                                      0.028     0.026 r  rf_bd/mts_i/mmcm_rf/inst/clkout1_buf/O
    X2Y3 (CLOCK_ROOT)    net (fo=8805, routed)        2.998     3.024    rf_bd/mts_i/usp_rf_data_converter_0/inst/mts_usp_rf_data_converter_0_0_rf_wrapper_i/m0_axis_aclk
    RFADC_X0Y0           RFADC                                        r  rf_bd/mts_i/usp_rf_data_converter_0/inst/mts_usp_rf_data_converter_0_0_rf_wrapper_i/rx0_u_adc/FABRIC_CLK
  -------------------------------------------------------------------    -------------------
    RFADC_X0Y0           RFADC (Prop_RFADC_FABRIC_CLK_DATA_ADC0[126])
                                                      0.444     3.468 r  rf_bd/mts_i/usp_rf_data_converter_0/inst/mts_usp_rf_data_converter_0_0_rf_wrapper_i/rx0_u_adc/DATA_ADC0[126]
                         net (fo=2, routed)           1.555     5.023    g_gear.gear/q1_reg[127]_0[126]
    SLICE_X102Y79        FDRE                                         r  g_gear.gear/q1_reg[126]/D
  -------------------------------------------------------------------    -------------------

                         (clock clk_out1_mts_mmcm_rf_0 rise edge)
                                                      2.000     2.000 r  
    AN11                                              0.000     2.000 r  PL_CLK_clk_p[0] (IN)
                         net (fo=0)                   0.079     2.079    rf_bd/mts_i/ibufds_pl_clk/U0/USE_IBUFDS.GEN_IBUFDS[0].IBUFDS_I/I
    HPIOBDIFFINBUF_X0Y34 DIFFINBUF (Prop_DIFFINBUF_HPIOBDIFFINBUF_DIFF_IN_P_O)
                                                      0.556     2.635 r  rf_bd/mts_i/ibufds_pl_clk/U0/USE_IBUFDS.GEN_IBUFDS[0].IBUFDS_I/DIFFINBUF_INST/O
                         net (fo=1, routed)           0.040     2.675    rf_bd/mts_i/ibufds_pl_clk/U0/USE_IBUFDS.GEN_IBUFDS[0].IBUFDS_I/OUT
    AN11                 IBUFCTRL (Prop_IBUFCTRL_HPIOB_M_I_O)
                                                      0.000     2.675 r  rf_bd/mts_i/ibufds_pl_clk/U0/USE_IBUFDS.GEN_IBUFDS[0].IBUFDS_I/IBUFCTRL_INST/O
                         net (fo=1, routed)           0.300     2.975    rf_bd/mts_i/bufg_pl_clk/U0/BUFG_I[0]
    BUFGCE_X0Y34         BUFGCE (Prop_BUFCE_BUFGCE_I_O)
                                                      0.024     2.999 r  rf_bd/mts_i/bufg_pl_clk/U0/USE_BUFG.GEN_BUFG[0].BUFG_U/O
                         net (fo=132, routed)         1.407     4.406    rf_bd/mts_i/mmcm_rf/inst/clk_in1
    MMCM_X0Y1            MMCME4_ADV (Prop_MMCM_CLKIN1_CLKOUT0)
                                                     -2.521     1.885 r  rf_bd/mts_i/mmcm_rf/inst/mmcme4_adv_inst/CLKOUT0
                         net (fo=1, routed)           0.214     2.099    rf_bd/mts_i/mmcm_rf/inst/clk_out1_mts_mmcm_rf_0
    BUFGCE_X0Y32         BUFGCE (Prop_BUFCE_BUFGCE_I_O)
                                                      0.024     2.123 r  rf_bd/mts_i/mmcm_rf/inst/clkout1_buf/O
    X2Y3 (CLOCK_ROOT)    net (fo=8805, routed)        2.576     4.699    g_gear.gear/CLK
    SLICE_X102Y79        FDRE                                         r  g_gear.gear/q1_reg[126]/C
                         clock pessimism              0.048     4.747    
                         clock uncertainty           -0.050     4.697    
    SLICE_X102Y79        FDRE (Setup_EFF_SLICEL_C_D)
                                                      0.025     4.722    g_gear.gear/q1_reg[126]
  -------------------------------------------------------------------
                         required time                          4.722    
                         arrival time                          -5.023    
  -------------------------------------------------------------------
                         slack                                 -0.301    





Min Delay Paths
--------------------------------------------------------------------------------------
Slack (MET) :             0.014ns  (arrival time - required time)
  Source:                 rf_bd/mts_i/usp_rf_data_converter_0/inst/i_xpm_cdc_single_mt_mrk_rst/arststages_ff_reg[3]/C
                            (rising edge-triggered cell FDPE clocked by clk_out1_mts_mmcm_rf_0  {rise@0.000ns fall@1.000ns period=2.000ns})
  Destination:            rf_bd/mts_i/usp_rf_data_converter_0/inst/i_rf_conv_mt_mrk_counter_adc30/IFDRE_sync_rst_ppl/D
                            (rising edge-triggered cell FDRE clocked by clk_out1_mts_mmcm_rf_0  {rise@0.000ns fall@1.000ns period=2.000ns})
  Path Group:             clk_out1_mts_mmcm_rf_0
  Path Type:              Hold (Min at Slow Process Corner)
  Requirement:            0.000ns  (clk_out1_mts_mmcm_rf_0 rise@0.000ns - clk_out1_mts_mmcm_rf_0 rise@0.000ns)
  Data Path Delay:        0.191ns  (logic 0.060ns (31.420%)  route 0.131ns (68.580%))
  Logic Levels:           0  
  Clock Path Skew:        0.117ns (DCD - SCD - CPR)
    Destination Clock Delay (DCD):    3.157ns
    Source Clock Delay      (SCD):    2.926ns
    Clock Pessimism Removal (CPR):    0.114ns
  Clock Net Delay (Source):      2.803ns (routing 1.051ns, distribution 1.752ns)
  Clock Net Delay (Destination): 3.131ns (routing 1.156ns, distribution 1.975ns)

    Location             Delay type                Incr(ns)  Path(ns)    Netlist Resource(s)
  -------------------------------------------------------------------    -------------------
                         (clock clk_out1_mts_mmcm_rf_0 rise edge)
                                                      0.000     0.000 r  
    AN11                                              0.000     0.000 r  PL_CLK_clk_p[0] (IN)
                         net (fo=0)                   0.079     0.079    rf_bd/mts_i/ibufds_pl_clk/U0/USE_IBUFDS.GEN_IBUFDS[0].IBUFDS_I/I
    HPIOBDIFFINBUF_X0Y34 DIFFINBUF (Prop_DIFFINBUF_HPIOBDIFFINBUF_DIFF_IN_P_O)
                                                      0.556     0.635 r  rf_bd/mts_i/ibufds_pl_clk/U0/USE_IBUFDS.GEN_IBUFDS[0].IBUFDS_I/DIFFINBUF_INST/O
                         net (fo=1, routed)           0.040     0.675    rf_bd/mts_i/ibufds_pl_clk/U0/USE_IBUFDS.GEN_IBUFDS[0].IBUFDS_I/OUT
    AN11                 IBUFCTRL (Prop_IBUFCTRL_HPIOB_M_I_O)
                                                      0.000     0.675 r  rf_bd/mts_i/ibufds_pl_clk/U0/USE_IBUFDS.GEN_IBUFDS[0].IBUFDS_I/IBUFCTRL_INST/O
                         net (fo=1, routed)           0.300     0.975    rf_bd/mts_i/bufg_pl_clk/U0/BUFG_I[0]
    BUFGCE_X0Y34         BUFGCE (Prop_BUFCE_BUFGCE_I_O)
                                                      0.024     0.999 r  rf_bd/mts_i/bufg_pl_clk/U0/USE_BUFG.GEN_BUFG[0].BUFG_U/O
                         net (fo=132, routed)         1.407     2.406    rf_bd/mts_i/mmcm_rf/inst/clk_in1
    MMCM_X0Y1            MMCME4_ADV (Prop_MMCM_CLKIN1_CLKOUT0)
                                                     -2.521    -0.115 r  rf_bd/mts_i/mmcm_rf/inst/mmcme4_adv_inst/CLKOUT0
                         net (fo=1, routed)           0.214     0.099    rf_bd/mts_i/mmcm_rf/inst/clk_out1_mts_mmcm_rf_0
    BUFGCE_X0Y32         BUFGCE (Prop_BUFCE_BUFGCE_I_O)
                                                      0.024     0.123 r  rf_bd/mts_i/mmcm_rf/inst/clkout1_buf/O
    X2Y3 (CLOCK_ROOT)    net (fo=8805, routed)        2.803     2.926    rf_bd/mts_i/usp_rf_data_converter_0/inst/i_xpm_cdc_single_mt_mrk_rst/dest_clk
    SLICE_X106Y260       FDPE                                         r  rf_bd/mts_i/usp_rf_data_converter_0/inst/i_xpm_cdc_single_mt_mrk_rst/arststages_ff_reg[3]/C
  -------------------------------------------------------------------    -------------------
    SLICE_X106Y260       FDPE (Prop_GFF2_SLICEL_C_Q)
                                                      0.060     2.986 r  rf_bd/mts_i/usp_rf_data_converter_0/inst/i_xpm_cdc_single_mt_mrk_rst/arststages_ff_reg[3]/Q
                         net (fo=6, routed)           0.131     3.117    rf_bd/mts_i/usp_rf_data_converter_0/inst/i_rf_conv_mt_mrk_counter_adc30/sync_rst
    SLICE_X107Y258       FDRE                                         r  rf_bd/mts_i/usp_rf_data_converter_0/inst/i_rf_conv_mt_mrk_counter_adc30/IFDRE_sync_rst_ppl/D
  -------------------------------------------------------------------    -------------------

                         (clock clk_out1_mts_mmcm_rf_0 rise edge)
                                                      0.000     0.000 r  
    AN11                                              0.000     0.000 r  PL_CLK_clk_p[0] (IN)
                         net (fo=0)                   0.100     0.100    rf_bd/mts_i/ibufds_pl_clk/U0/USE_IBUFDS.GEN_IBUFDS[0].IBUFDS_I/I
    HPIOBDIFFINBUF_X0Y34 DIFFINBUF (Prop_DIFFINBUF_HPIOBDIFFINBUF_DIFF_IN_P_O)
                                                      0.666     0.766 r  rf_bd/mts_i/ibufds_pl_clk/U0/USE_IBUFDS.GEN_IBUFDS[0].IBUFDS_I/DIFFINBUF_INST/O
                         net (fo=1, routed)           0.050     0.816    rf_bd/mts_i/ibufds_pl_clk/U0/USE_IBUFDS.GEN_IBUFDS[0].IBUFDS_I/OUT
    AN11                 IBUFCTRL (Prop_IBUFCTRL_HPIOB_M_I_O)
                                                      0.000     0.816 r  rf_bd/mts_i/ibufds_pl_clk/U0/USE_IBUFDS.GEN_IBUFDS[0].IBUFDS_I/IBUFCTRL_INST/O
                         net (fo=1, routed)           0.336     1.152    rf_bd/mts_i/bufg_pl_clk/U0/BUFG_I[0]
    BUFGCE_X0Y34         BUFGCE (Prop_BUFCE_BUFGCE_I_O)
                                                      0.028     1.180 r  rf_bd/mts_i/bufg_pl_clk/U0/USE_BUFG.GEN_BUFG[0].BUFG_U/O
                         net (fo=132, routed)         1.570     2.750    rf_bd/mts_i/mmcm_rf/inst/clk_in1
    MMCM_X0Y1            MMCME4_ADV (Prop_MMCM_CLKIN1_CLKOUT0)
                                                     -2.996    -0.246 r  rf_bd/mts_i/mmcm_rf/inst/mmcme4_adv_inst/CLKOUT0
                         net (fo=1, routed)           0.244    -0.002    rf_bd/mts_i/mmcm_rf/inst/clk_out1_mts_mmcm_rf_0
    BUFGCE_X0Y32         BUFGCE (Prop_BUFCE_BUFGCE_I_O)
                                                      0.028     0.026 r  rf_bd/mts_i/mmcm_rf/inst/clkout1_buf/O
    X2Y3 (CLOCK_ROOT)    net (fo=8805, routed)        3.131     3.157    rf_bd/mts_i/usp_rf_data_converter_0/inst/i_rf_conv_mt_mrk_counter_adc30/clk
    SLICE_X107Y258       FDRE                                         r  rf_bd/mts_i/usp_rf_data_converter_0/inst/i_rf_conv_mt_mrk_counter_adc30/IFDRE_sync_rst_ppl/C
                         clock pessimism             -0.114     3.042    
    SLICE_X107Y258       FDRE (Hold_EFF_SLICEM_C_D)
                                                      0.060     3.102    rf_bd/mts_i/usp_rf_data_converter_0/inst/i_rf_conv_mt_mrk_counter_adc30/IFDRE_sync_rst_ppl
  -------------------------------------------------------------------
                         required time                         -3.102    
                         arrival time                           3.117    
  -------------------------------------------------------------------
                         slack                                  0.014    





Pulse Width Checks
--------------------------------------------------------------------------------------
Clock Name:         clk_out1_mts_mmcm_rf_0
Waveform(ns):       { 0.000 1.000 }
Period(ns):         2.000
Sources:            { rf_bd/mts_i/mmcm_rf/inst/mmcme4_adv_inst/CLKOUT0 }

Check Type        Corner  Lib Pin           Reference Pin  Required(ns)  Actual(ns)  Slack(ns)  Location    Pin
Min Period        n/a     RFADC/FABRIC_CLK  n/a            1.626         2.000       0.374      RFADC_X0Y0  rf_bd/mts_i/usp_rf_data_converter_0/inst/mts_usp_rf_data_converter_0_0_rf_wrapper_i/rx0_u_adc/FABRIC_CLK
Low Pulse Width   Slow    RFADC/FABRIC_CLK  n/a            0.650         1.000       0.350      RFADC_X0Y0  rf_bd/mts_i/usp_rf_data_converter_0/inst/mts_usp_rf_data_converter_0_0_rf_wrapper_i/rx0_u_adc/FABRIC_CLK
High Pulse Width  Slow    RFADC/FABRIC_CLK  n/a            0.650         1.000       0.350      RFADC_X0Y0  rf_bd/mts_i/usp_rf_data_converter_0/inst/mts_usp_rf_data_converter_0_0_rf_wrapper_i/rx0_u_adc/FABRIC_CLK



---------------------------------------------------------------------------------------------------
From Clock:  clk_out2_mts_mmcm_rf_0
  To Clock:  clk_out2_mts_mmcm_rf_0

Setup :         3627  Failing Endpoints,  Worst Slack       -0.262ns,  Total Violation     -359.865ns
Hold  :            0  Failing Endpoints,  Worst Slack        0.001ns,  Total Violation        0.000ns
PW    :            0  Failing Endpoints,  Worst Slack        1.300ns,  Total Violation        0.000ns
---------------------------------------------------------------------------------------------------


Max Delay Paths
--------------------------------------------------------------------------------------
Slack (VIOLATED) :        -0.262ns  (required time - arrival time)
  Source:                 stream_inst/g_m2b.u_m2rx/u_dp/g_e[7].u_e/xa1_reg/CLKARDCLK
                            (rising edge-triggered cell RAMB36E2 clocked by clk_out2_mts_mmcm_rf_0  {rise@0.000ns fall@2.000ns period=4.000ns})
  Destination:            stream_inst/g_m2b.u_m2rx/u_dp/g_e[7].u_e/p_1_out/DSP_A_B_DATA_INST/A[9]
                            (rising edge-triggered cell DSP_A_B_DATA clocked by clk_out2_mts_mmcm_rf_0  {rise@0.000ns fall@2.000ns period=4.000ns})
  Path Group:             clk_out2_mts_mmcm_rf_0
  Path Type:              Setup (Max at Slow Process Corner)
  Requirement:            4.000ns  (clk_out2_mts_mmcm_rf_0 rise@4.000ns - clk_out2_mts_mmcm_rf_0 rise@0.000ns)
  Data Path Delay:        3.778ns  (logic 1.236ns (32.713%)  route 2.542ns (67.287%))
  Logic Levels:           4  (CARRY8=2 LUT6=2)
  Clock Path Skew:        -0.157ns (DCD - SCD + CPR)
    Destination Clock Delay (DCD):    2.602ns = ( 6.602 - 4.000 ) 
    Source Clock Delay      (SCD):    2.863ns
    Clock Pessimism Removal (CPR):    0.104ns
  Clock Uncertainty:      0.054ns  ((TSJ^2 + DJ^2)^1/2) / 2 + PE
    Total System Jitter     (TSJ):    0.071ns
    Discrete Jitter          (DJ):    0.081ns
    Phase Error              (PE):    0.000ns
  Clock Net Delay (Source):      2.830ns (routing 1.068ns, distribution 1.762ns)
  Clock Net Delay (Destination): 2.473ns (routing 0.972ns, distribution 1.501ns)

    Location             Delay type                Incr(ns)  Path(ns)    Netlist Resource(s)
  -------------------------------------------------------------------    -------------------
                         (clock clk_out2_mts_mmcm_rf_0 rise edge)
                                                      0.000     0.000 r  
    AN11                                              0.000     0.000 r  PL_CLK_clk_p[0] (IN)
                         net (fo=0)                   0.100     0.100    rf_bd/mts_i/ibufds_pl_clk/U0/USE_IBUFDS.GEN_IBUFDS[0].IBUFDS_I/I
    HPIOBDIFFINBUF_X0Y34 DIFFINBUF (Prop_DIFFINBUF_HPIOBDIFFINBUF_DIFF_IN_P_O)
                                                      0.666     0.766 r  rf_bd/mts_i/ibufds_pl_clk/U0/USE_IBUFDS.GEN_IBUFDS[0].IBUFDS_I/DIFFINBUF_INST/O
                         net (fo=1, routed)           0.050     0.816    rf_bd/mts_i/ibufds_pl_clk/U0/USE_IBUFDS.GEN_IBUFDS[0].IBUFDS_I/OUT
    AN11                 IBUFCTRL (Prop_IBUFCTRL_HPIOB_M_I_O)
                                                      0.000     0.816 r  rf_bd/mts_i/ibufds_pl_clk/U0/USE_IBUFDS.GEN_IBUFDS[0].IBUFDS_I/IBUFCTRL_INST/O
                         net (fo=1, routed)           0.336     1.152    rf_bd/mts_i/bufg_pl_clk/U0/BUFG_I[0]
    BUFGCE_X0Y34         BUFGCE (Prop_BUFCE_BUFGCE_I_O)
                                                      0.028     1.180 r  rf_bd/mts_i/bufg_pl_clk/U0/USE_BUFG.GEN_BUFG[0].BUFG_U/O
                         net (fo=132, routed)         1.570     2.750    rf_bd/mts_i/mmcm_rf/inst/clk_in1
    MMCM_X0Y1            MMCME4_ADV (Prop_MMCM_CLKIN1_CLKOUT1)
                                                     -2.996    -0.246 r  rf_bd/mts_i/mmcm_rf/inst/mmcme4_adv_inst/CLKOUT1
                         net (fo=1, routed)           0.251     0.005    rf_bd/mts_i/mmcm_rf/inst/clk_out2_mts_mmcm_rf_0
    BUFGCE_X0Y39         BUFGCE (Prop_BUFCE_BUFGCE_I_O)
                                                      0.028     0.033 r  rf_bd/mts_i/mmcm_rf/inst/clkout2_buf/O
    X2Y3 (CLOCK_ROOT)    net (fo=248285, routed)      2.830     2.863    stream_inst/g_m2b.u_m2rx/u_dp/g_e[7].u_e/clk_half
    RAMB36_X9Y16         RAMB36E2                                     r  stream_inst/g_m2b.u_m2rx/u_dp/g_e[7].u_e/xa1_reg/CLKARDCLK
  -------------------------------------------------------------------    -------------------
    RAMB36_X9Y16         RAMB36E2 (Prop_RAMB36E2_RAMB36_CLKARDCLK_DOUTADOUT[1])
                                                      0.832     3.695 f  stream_inst/g_m2b.u_m2rx/u_dp/g_e[7].u_e/xa1_reg/DOUTADOUT[1]
                         net (fo=3, routed)           0.707     4.402    stream_inst/g_m2b.u_m2rx/u_dp/g_e[7].u_e/xqa1[1]
    SLICE_X92Y102        LUT6 (Prop_F6LUT_SLICEL_I1_O)
                                                      0.035     4.437 r  stream_inst/g_m2b.u_m2rx/u_dp/g_e[7].u_e/zr2[8]_i_21__6/O
                         net (fo=1, routed)           0.546     4.983    stream_inst/g_m2b.u_m2rx/u_dp/g_e[7].u_e/zr2[8]_i_21__6_n_0
    SLICE_X88Y102        CARRY8 (Prop_CARRY8_SLICEL_S[0]_CO[7])
                                                      0.190     5.173 r  stream_inst/g_m2b.u_m2rx/u_dp/g_e[7].u_e/zr2_reg[8]_i_4__6/CO[7]
                         net (fo=1, routed)           0.026     5.199    stream_inst/g_m2b.u_m2rx/u_dp/g_e[7].u_e/zr2_reg[8]_i_4__6_n_0
    SLICE_X88Y103        CARRY8 (Prop_CARRY8_SLICEL_CI_O[0])
                                                      0.056     5.255 r  stream_inst/g_m2b.u_m2rx/u_dp/g_e[7].u_e/zr2_reg[16]_i_4__6/O[0]
                         net (fo=2, routed)           0.504     5.760    stream_inst/g_m2b.u_m2rx/u_dp/g_e[7].u_e/zr2_reg[16]_i_4__6_n_15
    SLICE_X92Y108        LUT6 (Prop_F6LUT_SLICEL_I3_O)
                                                      0.123     5.883 r  stream_inst/g_m2b.u_m2rx/u_dp/g_e[7].u_e/zr2[9]_i_1__6/O
                         net (fo=7, routed)           0.759     6.641    stream_inst/g_m2b.u_m2rx/u_dp/g_e[7].u_e/p_1_out/A[9]
    DSP48E2_X15Y47       DSP_A_B_DATA                                 r  stream_inst/g_m2b.u_m2rx/u_dp/g_e[7].u_e/p_1_out/DSP_A_B_DATA_INST/A[9]
  -------------------------------------------------------------------    -------------------

                         (clock clk_out2_mts_mmcm_rf_0 rise edge)
                                                      4.000     4.000 r  
    AN11                                              0.000     4.000 r  PL_CLK_clk_p[0] (IN)
                         net (fo=0)                   0.079     4.079    rf_bd/mts_i/ibufds_pl_clk/U0/USE_IBUFDS.GEN_IBUFDS[0].IBUFDS_I/I
    HPIOBDIFFINBUF_X0Y34 DIFFINBUF (Prop_DIFFINBUF_HPIOBDIFFINBUF_DIFF_IN_P_O)
                                                      0.556     4.635 r  rf_bd/mts_i/ibufds_pl_clk/U0/USE_IBUFDS.GEN_IBUFDS[0].IBUFDS_I/DIFFINBUF_INST/O
                         net (fo=1, routed)           0.040     4.675    rf_bd/mts_i/ibufds_pl_clk/U0/USE_IBUFDS.GEN_IBUFDS[0].IBUFDS_I/OUT
    AN11                 IBUFCTRL (Prop_IBUFCTRL_HPIOB_M_I_O)
                                                      0.000     4.675 r  rf_bd/mts_i/ibufds_pl_clk/U0/USE_IBUFDS.GEN_IBUFDS[0].IBUFDS_I/IBUFCTRL_INST/O
                         net (fo=1, routed)           0.300     4.975    rf_bd/mts_i/bufg_pl_clk/U0/BUFG_I[0]
    BUFGCE_X0Y34         BUFGCE (Prop_BUFCE_BUFGCE_I_O)
                                                      0.024     4.999 r  rf_bd/mts_i/bufg_pl_clk/U0/USE_BUFG.GEN_BUFG[0].BUFG_U/O
                         net (fo=132, routed)         1.407     6.406    rf_bd/mts_i/mmcm_rf/inst/clk_in1
    MMCM_X0Y1            MMCME4_ADV (Prop_MMCM_CLKIN1_CLKOUT1)
                                                     -2.521     3.885 r  rf_bd/mts_i/mmcm_rf/inst/mmcme4_adv_inst/CLKOUT1
                         net (fo=1, routed)           0.220     4.105    rf_bd/mts_i/mmcm_rf/inst/clk_out2_mts_mmcm_rf_0
    BUFGCE_X0Y39         BUFGCE (Prop_BUFCE_BUFGCE_I_O)
                                                      0.024     4.129 r  rf_bd/mts_i/mmcm_rf/inst/clkout2_buf/O
    X2Y3 (CLOCK_ROOT)    net (fo=248285, routed)      2.473     6.602    stream_inst/g_m2b.u_m2rx/u_dp/g_e[7].u_e/p_1_out/CLK
    DSP48E2_X15Y47       DSP_A_B_DATA                                 r  stream_inst/g_m2b.u_m2rx/u_dp/g_e[7].u_e/p_1_out/DSP_A_B_DATA_INST/CLK
                         clock pessimism              0.104     6.706    
                         clock uncertainty           -0.054     6.652    
    DSP48E2_X15Y47       DSP_A_B_DATA (Setup_DSP_A_B_DATA_DSP48E2_CLK_A[9])
                                                     -0.273     6.379    stream_inst/g_m2b.u_m2rx/u_dp/g_e[7].u_e/p_1_out/DSP_A_B_DATA_INST
  -------------------------------------------------------------------
                         required time                          6.379    
                         arrival time                          -6.641    
  -------------------------------------------------------------------
                         slack                                 -0.262    





Min Delay Paths
--------------------------------------------------------------------------------------
Slack (MET) :             0.001ns  (arrival time - required time)
  Source:                 rf_bd/mts_i/cap3_ctrl/U0/gext_inst.abcv4_0_ext_inst/GEN_AXI4.I_FULL_AXI/I_WR_CHNL/GEN_WRDATA[212].bram_wrdata_int_reg[212]/C
                            (rising edge-triggered cell FDRE clocked by clk_out2_mts_mmcm_rf_0  {rise@0.000ns fall@2.000ns period=4.000ns})
  Destination:            rf_bd/mts_i/cap3_mem/U0/inst_blk_mem_gen/gnuram_with_32bit_addr.uram_tdp.xpm_memory_tdpram_inst/xpm_memory_base_inst/gen_wr_a.gen_byte_narrow.for_mem_cols[1].mem_reg_uram_2/DIN_A[68]
                            (rising edge-triggered cell URAM288 clocked by clk_out2_mts_mmcm_rf_0  {rise@0.000ns fall@2.000ns period=4.000ns})
  Path Group:             clk_out2_mts_mmcm_rf_0
  Path Type:              Hold (Min at Slow Process Corner)
  Requirement:            0.000ns  (clk_out2_mts_mmcm_rf_0 rise@0.000ns - clk_out2_mts_mmcm_rf_0 rise@0.000ns)
  Data Path Delay:        0.141ns  (logic 0.058ns (41.135%)  route 0.083ns (58.865%))
  Logic Levels:           0  
  Clock Path Skew:        0.198ns (DCD - SCD - CPR)
    Destination Clock Delay (DCD):    2.859ns
    Source Clock Delay      (SCD):    2.560ns
    Clock Pessimism Removal (CPR):    0.100ns
  Clock Net Delay (Source):      2.432ns (routing 0.972ns, distribution 1.460ns)
  Clock Net Delay (Destination): 2.826ns (routing 1.068ns, distribution 1.758ns)

    Location             Delay type                Incr(ns)  Path(ns)    Netlist Resource(s)
  -------------------------------------------------------------------    -------------------
                         (clock clk_out2_mts_mmcm_rf_0 rise edge)
                                                      0.000     0.000 r  
    AN11                                              0.000     0.000 r  PL_CLK_clk_p[0] (IN)
                         net (fo=0)                   0.079     0.079    rf_bd/mts_i/ibufds_pl_clk/U0/USE_IBUFDS.GEN_IBUFDS[0].IBUFDS_I/I
    HPIOBDIFFINBUF_X0Y34 DIFFINBUF (Prop_DIFFINBUF_HPIOBDIFFINBUF_DIFF_IN_P_O)
                                                      0.556     0.635 r  rf_bd/mts_i/ibufds_pl_clk/U0/USE_IBUFDS.GEN_IBUFDS[0].IBUFDS_I/DIFFINBUF_INST/O
                         net (fo=1, routed)           0.040     0.675    rf_bd/mts_i/ibufds_pl_clk/U0/USE_IBUFDS.GEN_IBUFDS[0].IBUFDS_I/OUT
    AN11                 IBUFCTRL (Prop_IBUFCTRL_HPIOB_M_I_O)
                                                      0.000     0.675 r  rf_bd/mts_i/ibufds_pl_clk/U0/USE_IBUFDS.GEN_IBUFDS[0].IBUFDS_I/IBUFCTRL_INST/O
                         net (fo=1, routed)           0.300     0.975    rf_bd/mts_i/bufg_pl_clk/U0/BUFG_I[0]
    BUFGCE_X0Y34         BUFGCE (Prop_BUFCE_BUFGCE_I_O)
                                                      0.024     0.999 r  rf_bd/mts_i/bufg_pl_clk/U0/USE_BUFG.GEN_BUFG[0].BUFG_U/O
                         net (fo=132, routed)         1.407     2.406    rf_bd/mts_i/mmcm_rf/inst/clk_in1
    MMCM_X0Y1            MMCME4_ADV (Prop_MMCM_CLKIN1_CLKOUT1)
                                                     -2.521    -0.115 r  rf_bd/mts_i/mmcm_rf/inst/mmcme4_adv_inst/CLKOUT1
                         net (fo=1, routed)           0.220     0.105    rf_bd/mts_i/mmcm_rf/inst/clk_out2_mts_mmcm_rf_0
    BUFGCE_X0Y39         BUFGCE (Prop_BUFCE_BUFGCE_I_O)
                                                      0.024     0.129 r  rf_bd/mts_i/mmcm_rf/inst/clkout2_buf/O
    X2Y3 (CLOCK_ROOT)    net (fo=248285, routed)      2.432     2.560    rf_bd/mts_i/cap3_ctrl/U0/gext_inst.abcv4_0_ext_inst/GEN_AXI4.I_FULL_AXI/I_WR_CHNL/s_axi_aclk
    SLICE_X18Y355        FDRE                                         r  rf_bd/mts_i/cap3_ctrl/U0/gext_inst.abcv4_0_ext_inst/GEN_AXI4.I_FULL_AXI/I_WR_CHNL/GEN_WRDATA[212].bram_wrdata_int_reg[212]/C
  -------------------------------------------------------------------    -------------------
    SLICE_X18Y355        FDRE (Prop_DFF_SLICEM_C_Q)
                                                      0.058     2.618 r  rf_bd/mts_i/cap3_ctrl/U0/gext_inst.abcv4_0_ext_inst/GEN_AXI4.I_FULL_AXI/I_WR_CHNL/GEN_WRDATA[212].bram_wrdata_int_reg[212]/Q
                         net (fo=1, routed)           0.083     2.701    rf_bd/mts_i/cap3_mem/U0/inst_blk_mem_gen/gnuram_with_32bit_addr.uram_tdp.xpm_memory_tdpram_inst/xpm_memory_base_inst/dina[212]
    URAM288_X0Y46        URAM288                                      r  rf_bd/mts_i/cap3_mem/U0/inst_blk_mem_gen/gnuram_with_32bit_addr.uram_tdp.xpm_memory_tdpram_inst/xpm_memory_base_inst/gen_wr_a.gen_byte_narrow.for_mem_cols[1].mem_reg_uram_2/DIN_A[68]
  -------------------------------------------------------------------    -------------------

                         (clock clk_out2_mts_mmcm_rf_0 rise edge)
                                                      0.000     0.000 r  
    AN11                                              0.000     0.000 r  PL_CLK_clk_p[0] (IN)
                         net (fo=0)                   0.100     0.100    rf_bd/mts_i/ibufds_pl_clk/U0/USE_IBUFDS.GEN_IBUFDS[0].IBUFDS_I/I
    HPIOBDIFFINBUF_X0Y34 DIFFINBUF (Prop_DIFFINBUF_HPIOBDIFFINBUF_DIFF_IN_P_O)
                                                      0.666     0.766 r  rf_bd/mts_i/ibufds_pl_clk/U0/USE_IBUFDS.GEN_IBUFDS[0].IBUFDS_I/DIFFINBUF_INST/O
                         net (fo=1, routed)           0.050     0.816    rf_bd/mts_i/ibufds_pl_clk/U0/USE_IBUFDS.GEN_IBUFDS[0].IBUFDS_I/OUT
    AN11                 IBUFCTRL (Prop_IBUFCTRL_HPIOB_M_I_O)
                                                      0.000     0.816 r  rf_bd/mts_i/ibufds_pl_clk/U0/USE_IBUFDS.GEN_IBUFDS[0].IBUFDS_I/IBUFCTRL_INST/O
                         net (fo=1, routed)           0.336     1.152    rf_bd/mts_i/bufg_pl_clk/U0/BUFG_I[0]
    BUFGCE_X0Y34         BUFGCE (Prop_BUFCE_BUFGCE_I_O)
                                                      0.028     1.180 r  rf_bd/mts_i/bufg_pl_clk/U0/USE_BUFG.GEN_BUFG[0].BUFG_U/O
                         net (fo=132, routed)         1.570     2.750    rf_bd/mts_i/mmcm_rf/inst/clk_in1
    MMCM_X0Y1            MMCME4_ADV (Prop_MMCM_CLKIN1_CLKOUT1)
                                                     -2.996    -0.246 r  rf_bd/mts_i/mmcm_rf/inst/mmcme4_adv_inst/CLKOUT1
                         net (fo=1, routed)           0.251     0.005    rf_bd/mts_i/mmcm_rf/inst/clk_out2_mts_mmcm_rf_0
    BUFGCE_X0Y39         BUFGCE (Prop_BUFCE_BUFGCE_I_O)
                                                      0.028     0.033 r  rf_bd/mts_i/mmcm_rf/inst/clkout2_buf/O
    X2Y3 (CLOCK_ROOT)    net (fo=248285, routed)      2.826     2.859    rf_bd/mts_i/cap3_mem/U0/inst_blk_mem_gen/gnuram_with_32bit_addr.uram_tdp.xpm_memory_tdpram_inst/xpm_memory_base_inst/clka
    URAM288_X0Y46        URAM288                                      r  rf_bd/mts_i/cap3_mem/U0/inst_blk_mem_gen/gnuram_with_32bit_addr.uram_tdp.xpm_memory_tdpram_inst/xpm_memory_base_inst/gen_wr_a.gen_byte_narrow.for_mem_cols[1].mem_reg_uram_2/CLK
                         clock pessimism             -0.100     2.759    
    URAM288_X0Y46        URAM288 (Hold_URAM_288K_INST_URAM288_CLK_DIN_A[68])
                                                     -0.058     2.701    rf_bd/mts_i/cap3_mem/U0/inst_blk_mem_gen/gnuram_with_32bit_addr.uram_tdp.xpm_memory_tdpram_inst/xpm_memory_base_inst/gen_wr_a.gen_byte_narrow.for_mem_cols[1].mem_reg_uram_2
  -------------------------------------------------------------------
                         required time                         -2.701    
                         arrival time                           2.701    
  -------------------------------------------------------------------
                         slack                                  0.001    





Pulse Width Checks
--------------------------------------------------------------------------------------
Clock Name:         clk_out2_mts_mmcm_rf_0
Waveform(ns):       { 0.000 2.000 }
Period(ns):         4.000
Sources:            { rf_bd/mts_i/mmcm_rf/inst/mmcme4_adv_inst/CLKOUT1 }

Check Type        Corner  Lib Pin      Reference Pin  Required(ns)  Actual(ns)  Slack(ns)  Location       Pin
Min Period        n/a     URAM288/CLK  n/a            1.666         4.000       2.334      URAM288_X0Y16  rf_bd/mts_i/cap0_mem/U0/inst_blk_mem_gen/gnuram_with_32bit_addr.uram_tdp.xpm_memory_tdpram_inst/xpm_memory_base_inst/gen_wr_a.gen_byte_narrow.for_mem_cols[1].mem_reg_uram_0/CLK
Low Pulse Width   Slow    URAM288/CLK  n/a            0.700         2.000       1.300      URAM288_X0Y16  rf_bd/mts_i/cap0_mem/U0/inst_blk_mem_gen/gnuram_with_32bit_addr.uram_tdp.xpm_memory_tdpram_inst/xpm_memory_base_inst/gen_wr_a.gen_byte_narrow.for_mem_cols[1].mem_reg_uram_0/CLK
High Pulse Width  Slow    URAM288/CLK  n/a            0.700         2.000       1.300      URAM288_X0Y16  rf_bd/mts_i/cap0_mem/U0/inst_blk_mem_gen/gnuram_with_32bit_addr.uram_tdp.xpm_memory_tdpram_inst/xpm_memory_base_inst/gen_wr_a.gen_byte_narrow.for_mem_cols[1].mem_reg_uram_0/CLK



---------------------------------------------------------------------------------------------------
From Clock:  clkfbout_mts_mmcm_rf_0
  To Clock:  clkfbout_mts_mmcm_rf_0

Setup :           NA  Failing Endpoints,  Worst Slack           NA  ,  Total Violation           NA
Hold  :           NA  Failing Endpoints,  Worst Slack           NA  ,  Total Violation           NA
PW    :            0  Failing Endpoints,  Worst Slack        0.710ns,  Total Violation        0.000ns
---------------------------------------------------------------------------------------------------


Pulse Width Checks
--------------------------------------------------------------------------------------
Clock Name:         clkfbout_mts_mmcm_rf_0
Waveform(ns):       { 0.000 1.000 }
Period(ns):         2.000
Sources:            { rf_bd/mts_i/mmcm_rf/inst/mmcme4_adv_inst/CLKFBOUT }

Check Type  Corner  Lib Pin             Reference Pin  Required(ns)  Actual(ns)  Slack(ns)  Location      Pin
Min Period  n/a     BUFGCE/I            n/a            1.290         2.000       0.710      BUFGCE_X0Y30  rf_bd/mts_i/mmcm_rf/inst/clkf_buf/I
Max Period  n/a     MMCME4_ADV/CLKFBIN  n/a            100.000       2.000       98.000     MMCM_X0Y1     rf_bd/mts_i/mmcm_rf/inst/mmcme4_adv_inst/CLKFBIN



---------------------------------------------------------------------------------------------------
From Clock:  c0_sys_clk_p
  To Clock:  c0_sys_clk_p

Setup :            0  Failing Endpoints,  Worst Slack        2.515ns,  Total Violation        0.000ns
Hold  :            0  Failing Endpoints,  Worst Slack        0.053ns,  Total Violation        0.000ns
PW    :            0  Failing Endpoints,  Worst Slack        0.750ns,  Total Violation        0.000ns
---------------------------------------------------------------------------------------------------


Max Delay Paths
--------------------------------------------------------------------------------------
Slack (MET) :             2.515ns  (required time - arrival time)
  Source:                 ddr_inst/inst/u_ddr4_infrastructure/counter_input_rst_reg[6]/C
                            (rising edge-triggered cell FDRE clocked by c0_sys_clk_p  {rise@0.000ns fall@2.499ns period=4.998ns})
  Destination:            ddr_inst/inst/u_ddr4_infrastructure/input_rst_mmcm_reg/D
                            (rising edge-triggered cell FDRE clocked by c0_sys_clk_p  {rise@0.000ns fall@2.499ns period=4.998ns})
  Path Group:             c0_sys_clk_p
  Path Type:              Setup (Max at Slow Process Corner)
  Requirement:            4.998ns  (c0_sys_clk_p rise@4.998ns - c0_sys_clk_p rise@0.000ns)
  Data Path Delay:        2.383ns  (logic 0.331ns (13.887%)  route 2.052ns (86.113%))
  Logic Levels:           2  (LUT3=1 LUT5=1)
  Clock Path Skew:        -0.089ns (DCD - SCD + CPR)
    Destination Clock Delay (DCD):    2.334ns = ( 7.332 - 4.998 ) 
    Source Clock Delay      (SCD):    2.699ns
    Clock Pessimism Removal (CPR):    0.277ns
  Clock Uncertainty:      0.035ns  ((TSJ^2 + TIJ^2)^1/2 + DJ) / 2 + PE
    Total System Jitter     (TSJ):    0.071ns
    Total Input Jitter      (TIJ):    0.000ns
    Discrete Jitter          (DJ):    0.000ns
    Phase Error              (PE):    0.000ns
  Clock Net Delay (Source):      1.649ns (routing 0.795ns, distribution 0.854ns)
  Clock Net Delay (Destination): 1.452ns (routing 0.722ns, distribution 0.730ns)

    Location             Delay type                Incr(ns)  Path(ns)    Netlist Resource(s)
  -------------------------------------------------------------------    -------------------
                         (clock c0_sys_clk_p rise edge)
                                                      0.000     0.000 r  
    G13                                               0.000     0.000 r  c0_sys_clk_p (IN)
                         net (fo=0)                   0.100     0.100    ddr_inst/inst/u_ddr4_mem_intfc/u_mig_ddr4_phy/inst/u_ddr4_phy_pll/diff_input_clk.u_ibufg_sys_clk/I
    HPIOBDIFFINBUF_X0Y108
                         DIFFINBUF (Prop_DIFFINBUF_HPIOBDIFFINBUF_DIFF_IN_P_O)
                                                      0.549     0.649 r  ddr_inst/inst/u_ddr4_mem_intfc/u_mig_ddr4_phy/inst/u_ddr4_phy_pll/diff_input_clk.u_ibufg_sys_clk/DIFFINBUF_INST/O
                         net (fo=1, routed)           0.050     0.699    ddr_inst/inst/u_ddr4_mem_intfc/u_mig_ddr4_phy/inst/u_ddr4_phy_pll/diff_input_clk.u_ibufg_sys_clk/OUT
    G13                  IBUFCTRL (Prop_IBUFCTRL_HPIOB_M_I_O)
                                                      0.000     0.699 r  ddr_inst/inst/u_ddr4_mem_intfc/u_mig_ddr4_phy/inst/u_ddr4_phy_pll/diff_input_clk.u_ibufg_sys_clk/IBUFCTRL_INST/O
                         net (fo=2, routed)           0.323     1.022    ddr_inst/inst/u_ddr4_infrastructure/sys_clk_in
    BUFGCE_X0Y117        BUFGCE (Prop_BUFCE_BUFGCE_I_O)
                                                      0.028     1.050 r  ddr_inst/inst/u_ddr4_infrastructure/u_bufg_inst/O
    X4Y3 (CLOCK_ROOT)    net (fo=17, routed)          1.649     2.699    ddr_inst/inst/u_ddr4_infrastructure/sys_clk_in_bufg
    SLICE_X82Y190        FDRE                                         r  ddr_inst/inst/u_ddr4_infrastructure/counter_input_rst_reg[6]/C
  -------------------------------------------------------------------    -------------------
    SLICE_X82Y190        FDRE (Prop_AFF_SLICEM_C_Q)
                                                      0.077     2.776 f  ddr_inst/inst/u_ddr4_infrastructure/counter_input_rst_reg[6]/Q
                         net (fo=7, routed)           0.510     3.287    ddr_inst/inst/u_ddr4_infrastructure/counter_input_rst[6]
    SLICE_X81Y190        LUT3 (Prop_D5LUT_SLICEL_I2_O)
                                                      0.096     3.383 f  ddr_inst/inst/u_ddr4_infrastructure/input_rst_mmcm_i_2/O
                         net (fo=1, routed)           1.089     4.472    ddr_inst/inst/u_ddr4_infrastructure/input_rst_mmcm_i_2_n_0
    SLICE_X81Y190        LUT5 (Prop_H5LUT_SLICEL_I3_O)
                                                      0.158     4.630 r  ddr_inst/inst/u_ddr4_infrastructure/input_rst_mmcm_i_1/O
                         net (fo=1, routed)           0.453     5.083    ddr_inst/inst/u_ddr4_infrastructure/input_rst_mmcm_i_1_n_0
    SLICE_X83Y195        FDRE                                         r  ddr_inst/inst/u_ddr4_infrastructure/input_rst_mmcm_reg/D
  -------------------------------------------------------------------    -------------------

                         (clock c0_sys_clk_p rise edge)
                                                      4.998     4.998 r  
    G13                                               0.000     4.998 r  c0_sys_clk_p (IN)
                         net (fo=0)                   0.079     5.077    ddr_inst/inst/u_ddr4_mem_intfc/u_mig_ddr4_phy/inst/u_ddr4_phy_pll/diff_input_clk.u_ibufg_sys_clk/I
    HPIOBDIFFINBUF_X0Y108
                         DIFFINBUF (Prop_DIFFINBUF_HPIOBDIFFINBUF_DIFF_IN_P_O)
                                                      0.453     5.530 r  ddr_inst/inst/u_ddr4_mem_intfc/u_mig_ddr4_phy/inst/u_ddr4_phy_pll/diff_input_clk.u_ibufg_sys_clk/DIFFINBUF_INST/O
                         net (fo=1, routed)           0.040     5.570    ddr_inst/inst/u_ddr4_mem_intfc/u_mig_ddr4_phy/inst/u_ddr4_phy_pll/diff_input_clk.u_ibufg_sys_clk/OUT
    G13                  IBUFCTRL (Prop_IBUFCTRL_HPIOB_M_I_O)
                                                      0.000     5.570 r  ddr_inst/inst/u_ddr4_mem_intfc/u_mig_ddr4_phy/inst/u_ddr4_phy_pll/diff_input_clk.u_ibufg_sys_clk/IBUFCTRL_INST/O
                         net (fo=2, routed)           0.286     5.856    ddr_inst/inst/u_ddr4_infrastructure/sys_clk_in
    BUFGCE_X0Y117        BUFGCE (Prop_BUFCE_BUFGCE_I_O)
                                                      0.024     5.880 r  ddr_inst/inst/u_ddr4_infrastructure/u_bufg_inst/O
    X4Y3 (CLOCK_ROOT)    net (fo=17, routed)          1.452     7.332    ddr_inst/inst/u_ddr4_infrastructure/sys_clk_in_bufg
    SLICE_X83Y195        FDRE                                         r  ddr_inst/inst/u_ddr4_infrastructure/input_rst_mmcm_reg/C
                         clock pessimism              0.277     7.608    
                         clock uncertainty           -0.035     7.573    
    SLICE_X83Y195        FDRE (Setup_EFF_SLICEM_C_D)
                                                      0.025     7.598    ddr_inst/inst/u_ddr4_infrastructure/input_rst_mmcm_reg
  -------------------------------------------------------------------
                         required time                          7.598    
                         arrival time                          -5.083    
  -------------------------------------------------------------------
                         slack                                  2.515    





Min Delay Paths
--------------------------------------------------------------------------------------
Slack (MET) :             0.053ns  (arrival time - required time)
  Source:                 ddr_inst/inst/u_ddr4_infrastructure/rst_input_async_reg[1]/C
                            (rising edge-triggered cell FDPE clocked by c0_sys_clk_p  {rise@0.000ns fall@2.499ns period=4.998ns})
  Destination:            ddr_inst/inst/u_ddr4_infrastructure/rst_input_sync_r_reg[0]/D
                            (rising edge-triggered cell FDRE clocked by c0_sys_clk_p  {rise@0.000ns fall@2.499ns period=4.998ns})
  Path Group:             c0_sys_clk_p
  Path Type:              Hold (Min at Fast Process Corner)
  Requirement:            0.000ns  (c0_sys_clk_p rise@0.000ns - c0_sys_clk_p rise@0.000ns)
  Data Path Delay:        0.118ns  (logic 0.040ns (33.898%)  route 0.078ns (66.102%))
  Logic Levels:           0  
  Clock Path Skew:        0.018ns (DCD - SCD - CPR)
    Destination Clock Delay (DCD):    1.787ns
    Source Clock Delay      (SCD):    1.496ns
    Clock Pessimism Removal (CPR):    0.274ns
  Clock Net Delay (Source):      0.908ns (routing 0.437ns, distribution 0.471ns)
  Clock Net Delay (Destination): 1.031ns (routing 0.489ns, distribution 0.542ns)

    Location             Delay type                Incr(ns)  Path(ns)    Netlist Resource(s)
  -------------------------------------------------------------------    -------------------
                         (clock c0_sys_clk_p rise edge)
                                                      0.000     0.000 r  
    G13                                               0.000     0.000 r  c0_sys_clk_p (IN)
                         net (fo=0)                   0.079     0.079    ddr_inst/inst/u_ddr4_mem_intfc/u_mig_ddr4_phy/inst/u_ddr4_phy_pll/diff_input_clk.u_ibufg_sys_clk/I
    HPIOBDIFFINBUF_X0Y108
                         DIFFINBUF (Prop_DIFFINBUF_HPIOBDIFFINBUF_DIFF_IN_P_O)
                                                      0.308     0.387 r  ddr_inst/inst/u_ddr4_mem_intfc/u_mig_ddr4_phy/inst/u_ddr4_phy_pll/diff_input_clk.u_ibufg_sys_clk/DIFFINBUF_INST/O
                         net (fo=1, routed)           0.040     0.427    ddr_inst/inst/u_ddr4_mem_intfc/u_mig_ddr4_phy/inst/u_ddr4_phy_pll/diff_input_clk.u_ibufg_sys_clk/OUT
    G13                  IBUFCTRL (Prop_IBUFCTRL_HPIOB_M_I_O)
                                                      0.000     0.427 r  ddr_inst/inst/u_ddr4_mem_intfc/u_mig_ddr4_phy/inst/u_ddr4_phy_pll/diff_input_clk.u_ibufg_sys_clk/IBUFCTRL_INST/O
                         net (fo=2, routed)           0.144     0.571    ddr_inst/inst/u_ddr4_infrastructure/sys_clk_in
    BUFGCE_X0Y117        BUFGCE (Prop_BUFCE_BUFGCE_I_O)
                                                      0.017     0.588 r  ddr_inst/inst/u_ddr4_infrastructure/u_bufg_inst/O
    X4Y3 (CLOCK_ROOT)    net (fo=17, routed)          0.908     1.496    ddr_inst/inst/u_ddr4_infrastructure/sys_clk_in_bufg
    SLICE_X81Y180        FDPE                                         r  ddr_inst/inst/u_ddr4_infrastructure/rst_input_async_reg[1]/C
  -------------------------------------------------------------------    -------------------
    SLICE_X81Y180        FDPE (Prop_BFF2_SLICEL_C_Q)
                                                      0.040     1.536 r  ddr_inst/inst/u_ddr4_infrastructure/rst_input_async_reg[1]/Q
                         net (fo=1, routed)           0.078     1.614    ddr_inst/inst/u_ddr4_infrastructure/rst_input_async[1]
    SLICE_X81Y181        FDRE                                         r  ddr_inst/inst/u_ddr4_infrastructure/rst_input_sync_r_reg[0]/D
  -------------------------------------------------------------------    -------------------

                         (clock c0_sys_clk_p rise edge)
                                                      0.000     0.000 r  
    G13                                               0.000     0.000 r  c0_sys_clk_p (IN)
                         net (fo=0)                   0.100     0.100    ddr_inst/inst/u_ddr4_mem_intfc/u_mig_ddr4_phy/inst/u_ddr4_phy_pll/diff_input_clk.u_ibufg_sys_clk/I
    HPIOBDIFFINBUF_X0Y108
                         DIFFINBUF (Prop_DIFFINBUF_HPIOBDIFFINBUF_DIFF_IN_P_O)
                                                      0.406     0.506 r  ddr_inst/inst/u_ddr4_mem_intfc/u_mig_ddr4_phy/inst/u_ddr4_phy_pll/diff_input_clk.u_ibufg_sys_clk/DIFFINBUF_INST/O
                         net (fo=1, routed)           0.050     0.556    ddr_inst/inst/u_ddr4_mem_intfc/u_mig_ddr4_phy/inst/u_ddr4_phy_pll/diff_input_clk.u_ibufg_sys_clk/OUT
    G13                  IBUFCTRL (Prop_IBUFCTRL_HPIOB_M_I_O)
                                                      0.000     0.556 r  ddr_inst/inst/u_ddr4_mem_intfc/u_mig_ddr4_phy/inst/u_ddr4_phy_pll/diff_input_clk.u_ibufg_sys_clk/IBUFCTRL_INST/O
                         net (fo=2, routed)           0.181     0.737    ddr_inst/inst/u_ddr4_infrastructure/sys_clk_in
    BUFGCE_X0Y117        BUFGCE (Prop_BUFCE_BUFGCE_I_O)
                                                      0.019     0.756 r  ddr_inst/inst/u_ddr4_infrastructure/u_bufg_inst/O
    X4Y3 (CLOCK_ROOT)    net (fo=17, routed)          1.031     1.787    ddr_inst/inst/u_ddr4_infrastructure/sys_clk_in_bufg
    SLICE_X81Y181        FDRE                                         r  ddr_inst/inst/u_ddr4_infrastructure/rst_input_sync_r_reg[0]/C
                         clock pessimism             -0.274     1.514    
    SLICE_X81Y181        FDRE (Hold_AFF2_SLICEL_C_D)
                                                      0.047     1.561    ddr_inst/inst/u_ddr4_infrastructure/rst_input_sync_r_reg[0]
  -------------------------------------------------------------------
                         required time                         -1.561    
                         arrival time                           1.614    
  -------------------------------------------------------------------
                         slack                                  0.053    





Pulse Width Checks
--------------------------------------------------------------------------------------
Clock Name:         c0_sys_clk_p
Waveform(ns):       { 0.000 2.499 }
Period(ns):         4.998
Sources:            { c0_sys_clk_p }

Check Type        Corner  Lib Pin            Reference Pin  Required(ns)  Actual(ns)  Slack(ns)  Location       Pin
Min Period        n/a     BUFGCE/I           n/a            1.290         4.998       3.708      BUFGCE_X0Y117  ddr_inst/inst/u_ddr4_infrastructure/u_bufg_inst/I
Max Period        n/a     MMCME4_ADV/CLKIN1  n/a            100.000       4.998       95.002     MMCM_X0Y4      ddr_inst/inst/u_ddr4_infrastructure/gen_mmcme4.u_mmcme_adv_inst/CLKIN1
Low Pulse Width   Slow    MMCME4_ADV/CLKIN1  n/a            1.749         2.499       0.750      MMCM_X0Y4      ddr_inst/inst/u_ddr4_infrastructure/gen_mmcme4.u_mmcme_adv_inst/CLKIN1
High Pulse Width  Slow    MMCME4_ADV/CLKIN1  n/a            1.749         2.499       0.750      MMCM_X0Y4      ddr_inst/inst/u_ddr4_infrastructure/gen_mmcme4.u_mmcme_adv_inst/CLKIN1



---------------------------------------------------------------------------------------------------
From Clock:  mmcm_clkout0
  To Clock:  mmcm_clkout0

Setup :            0  Failing Endpoints,  Worst Slack        0.004ns,  Total Violation        0.000ns
Hold  :            0  Failing Endpoints,  Worst Slack        0.010ns,  Total Violation        0.000ns
PW    :            0  Failing Endpoints,  Worst Slack        0.500ns,  Total Violation        0.000ns
---------------------------------------------------------------------------------------------------


Max Delay Paths
--------------------------------------------------------------------------------------
Slack (MET) :             0.004ns  (required time - arrival time)
  Source:                 ddr_inst/inst/u_ddr4_mem_intfc/u_ddr_cal_top/u_ddr_cal/u_ddr_cal_addr_decode/u_ddr_cal_cplx/u_ddr_cal_cplx_data/rd_addr_101_reg_rep/CLKARDCLK
                            (rising edge-triggered cell RAMB18E2 clocked by mmcm_clkout0  {rise@0.000ns fall@1.666ns period=3.332ns})
  Destination:            ddr_inst/inst/u_ddr4_mem_intfc/u_ddr_cal_top/u_ddr_cal/u_ddr_cal_addr_decode/u_ddr_cal_cplx/cplx_DQOut_reg[324]/D
                            (rising edge-triggered cell FDRE clocked by mmcm_clkout0  {rise@0.000ns fall@1.666ns period=3.332ns})
  Path Group:             mmcm_clkout0
  Path Type:              Setup (Max at Slow Process Corner)
  Requirement:            3.332ns  (mmcm_clkout0 rise@3.332ns - mmcm_clkout0 rise@0.000ns)
  Data Path Delay:        3.139ns  (logic 0.342ns (10.894%)  route 2.797ns (89.106%))
  Logic Levels:           1  (LUT4=1)
  Clock Path Skew:        -0.161ns (DCD - SCD + CPR)
    Destination Clock Delay (DCD):    3.451ns = ( 6.783 - 3.332 ) 
    Source Clock Delay      (SCD):    3.147ns
    Clock Pessimism Removal (CPR):    -0.465ns
  Clock Uncertainty:      0.052ns  ((TSJ^2 + DJ^2)^1/2) / 2 + PE
    Total System Jitter     (TSJ):    0.071ns
    Discrete Jitter          (DJ):    0.077ns
    Phase Error              (PE):    0.000ns
  Clock Net Delay (Source):      1.918ns (routing 0.635ns, distribution 1.283ns)
  Clock Net Delay (Destination): 1.678ns (routing 0.578ns, distribution 1.100ns)

    Location             Delay type                Incr(ns)  Path(ns)    Netlist Resource(s)
  -------------------------------------------------------------------    -------------------
                         (clock mmcm_clkout0 rise edge)
                                                      0.000     0.000 r  
    G13                                               0.000     0.000 r  c0_sys_clk_p (IN)
                         net (fo=0)                   0.100     0.100    ddr_inst/inst/u_ddr4_mem_intfc/u_mig_ddr4_phy/inst/u_ddr4_phy_pll/diff_input_clk.u_ibufg_sys_clk/I
    HPIOBDIFFINBUF_X0Y108
                         DIFFINBUF (Prop_DIFFINBUF_HPIOBDIFFINBUF_DIFF_IN_P_O)
                                                      0.549     0.649 r  ddr_inst/inst/u_ddr4_mem_intfc/u_mig_ddr4_phy/inst/u_ddr4_phy_pll/diff_input_clk.u_ibufg_sys_clk/DIFFINBUF_INST/O
                         net (fo=1, routed)           0.050     0.699    ddr_inst/inst/u_ddr4_mem_intfc/u_mig_ddr4_phy/inst/u_ddr4_phy_pll/diff_input_clk.u_ibufg_sys_clk/OUT
    G13                  IBUFCTRL (Prop_IBUFCTRL_HPIOB_M_I_O)
                                                      0.000     0.699 r  ddr_inst/inst/u_ddr4_mem_intfc/u_mig_ddr4_phy/inst/u_ddr4_phy_pll/diff_input_clk.u_ibufg_sys_clk/IBUFCTRL_INST/O
                         net (fo=2, routed)           0.384     1.083    ddr_inst/inst/u_ddr4_infrastructure/mmcm_clk_in
    MMCM_X0Y4            MMCME4_ADV (Prop_MMCM_CLKIN1_CLKOUT0)
                                                     -0.127     0.956 r  ddr_inst/inst/u_ddr4_infrastructure/gen_mmcme4.u_mmcme_adv_inst/CLKOUT0
                         net (fo=1, routed)           0.245     1.201    ddr_inst/inst/u_ddr4_infrastructure/mmcm_clkout0
    BUFGCE_X0Y118        BUFGCE (Prop_BUFCE_BUFGCE_I_O)
                                                      0.028     1.229 r  ddr_inst/inst/u_ddr4_infrastructure/u_bufg_divClk/O
    X4Y5 (CLOCK_ROOT)    net (fo=50926, routed)       1.918     3.147    ddr_inst/inst/u_ddr4_mem_intfc/u_ddr_cal_top/u_ddr_cal/u_ddr_cal_addr_decode/u_ddr_cal_cplx/u_ddr_cal_cplx_data/rd_addr_101_reg[7]_0
    RAMB18_X9Y116        RAMB18E2                                     r  ddr_inst/inst/u_ddr4_mem_intfc/u_ddr_cal_top/u_ddr_cal/u_ddr_cal_addr_decode/u_ddr_cal_cplx/u_ddr_cal_cplx_data/rd_addr_101_reg_rep/CLKARDCLK
  -------------------------------------------------------------------    -------------------
    RAMB18_X9Y116        RAMB18E2 (Prop_RAMB18E2_L_RAMB180_CLKARDCLK_DOUTADOUT[3])
                                                      0.219     3.366 r  ddr_inst/inst/u_ddr4_mem_intfc/u_ddr_cal_top/u_ddr_cal/u_ddr_cal_addr_decode/u_ddr_cal_cplx/u_ddr_cal_cplx_data/rd_addr_101_reg_rep/DOUTADOUT[3]
                         net (fo=75, routed)          2.731     6.097    ddr_inst/inst/u_ddr4_mem_intfc/u_ddr_cal_top/u_ddr_cal/u_ddr_cal_addr_decode/u_ddr_cal_cplx/u_ddr_cal_cplx_data/p_2_in15_in
    SLICE_X82Y226        LUT4 (Prop_C6LUT_SLICEM_I3_O)
                                                      0.123     6.220 r  ddr_inst/inst/u_ddr4_mem_intfc/u_ddr_cal_top/u_ddr_cal/u_ddr_cal_addr_decode/u_ddr_cal_cplx/u_ddr_cal_cplx_data/cplx_DQOut[324]_i_1/O
                         net (fo=1, routed)           0.066     6.286    ddr_inst/inst/u_ddr4_mem_intfc/u_ddr_cal_top/u_ddr_cal/u_ddr_cal_addr_decode/u_ddr_cal_cplx/u_ddr_cal_cplx_data_n_189
    SLICE_X82Y226        FDRE                                         r  ddr_inst/inst/u_ddr4_mem_intfc/u_ddr_cal_top/u_ddr_cal/u_ddr_cal_addr_decode/u_ddr_cal_cplx/cplx_DQOut_reg[324]/D
  -------------------------------------------------------------------    -------------------

                         (clock mmcm_clkout0 rise edge)
                                                      3.332     3.332 r  
    G13                                               0.000     3.332 r  c0_sys_clk_p (IN)
                         net (fo=0)                   0.079     3.411    ddr_inst/inst/u_ddr4_mem_intfc/u_mig_ddr4_phy/inst/u_ddr4_phy_pll/diff_input_clk.u_ibufg_sys_clk/I
    HPIOBDIFFINBUF_X0Y108
                         DIFFINBUF (Prop_DIFFINBUF_HPIOBDIFFINBUF_DIFF_IN_P_O)
                                                      0.453     3.864 r  ddr_inst/inst/u_ddr4_mem_intfc/u_mig_ddr4_phy/inst/u_ddr4_phy_pll/diff_input_clk.u_ibufg_sys_clk/DIFFINBUF_INST/O
                         net (fo=1, routed)           0.040     3.904    ddr_inst/inst/u_ddr4_mem_intfc/u_mig_ddr4_phy/inst/u_ddr4_phy_pll/diff_input_clk.u_ibufg_sys_clk/OUT
    G13                  IBUFCTRL (Prop_IBUFCTRL_HPIOB_M_I_O)
                                                      0.000     3.904 r  ddr_inst/inst/u_ddr4_mem_intfc/u_mig_ddr4_phy/inst/u_ddr4_phy_pll/diff_input_clk.u_ibufg_sys_clk/IBUFCTRL_INST/O
                         net (fo=2, routed)           0.333     4.237    ddr_inst/inst/u_ddr4_infrastructure/mmcm_clk_in
    MMCM_X0Y4            MMCME4_ADV (Prop_MMCM_CLKIN1_CLKOUT0)
                                                      0.630     4.867 r  ddr_inst/inst/u_ddr4_infrastructure/gen_mmcme4.u_mmcme_adv_inst/CLKOUT0
                         net (fo=1, routed)           0.215     5.082    ddr_inst/inst/u_ddr4_infrastructure/mmcm_clkout0
    BUFGCE_X0Y118        BUFGCE (Prop_BUFCE_BUFGCE_I_O)
                                                      0.024     5.106 r  ddr_inst/inst/u_ddr4_infrastructure/u_bufg_divClk/O
    X4Y5 (CLOCK_ROOT)    net (fo=50926, routed)       1.678     6.783    ddr_inst/inst/u_ddr4_mem_intfc/u_ddr_cal_top/u_ddr_cal/u_ddr_cal_addr_decode/u_ddr_cal_cplx/rd_addr_101_reg[7]
    SLICE_X82Y226        FDRE                                         r  ddr_inst/inst/u_ddr4_mem_intfc/u_ddr_cal_top/u_ddr_cal/u_ddr_cal_addr_decode/u_ddr_cal_cplx/cplx_DQOut_reg[324]/C
                         clock pessimism             -0.465     6.318    
                         clock uncertainty           -0.052     6.265    
    SLICE_X82Y226        FDRE (Setup_CFF_SLICEM_C_D)
                                                      0.025     6.290    ddr_inst/inst/u_ddr4_mem_intfc/u_ddr_cal_top/u_ddr_cal/u_ddr_cal_addr_decode/u_ddr_cal_cplx/cplx_DQOut_reg[324]
  -------------------------------------------------------------------
                         required time                          6.290    
                         arrival time                          -6.286    
  -------------------------------------------------------------------
                         slack                                  0.004    





Min Delay Paths
--------------------------------------------------------------------------------------
Slack (MET) :             0.010ns  (arrival time - required time)
  Source:                 ddr_ic/inst/axi_interconnect_inst/si_converter_bank/gen_conv_slot[1].clock_conv_inst/gen_async_readwrite.asyncfifo_rw/inst_fifo_gen/gaxi_full_lite.gwrite_ch.gwdch2.axi_wdch/grf.rf/gntv_or_sync_fifo.mem/gdm.dm_gen.dm/gpr1.dout_i_reg[486]/C
                            (rising edge-triggered cell FDRE clocked by mmcm_clkout0  {rise@0.000ns fall@1.666ns period=3.332ns})
  Destination:            ddr_ic/inst/axi_interconnect_inst/si_converter_bank/gen_conv_slot[1].clock_conv_inst/gen_async_readwrite.asyncfifo_rw/inst_fifo_gen/gaxi_full_lite.gwrite_ch.gwdch2.axi_wdch/grf.rf/gntv_or_sync_fifo.mem/goreg_dm.dout_i_reg[486]/D
                            (rising edge-triggered cell FDRE clocked by mmcm_clkout0  {rise@0.000ns fall@1.666ns period=3.332ns})
  Path Group:             mmcm_clkout0
  Path Type:              Hold (Min at Slow Process Corner)
  Requirement:            0.000ns  (mmcm_clkout0 rise@0.000ns - mmcm_clkout0 rise@0.000ns)
  Data Path Delay:        0.126ns  (logic 0.058ns (46.032%)  route 0.068ns (53.968%))
  Logic Levels:           0  
  Clock Path Skew:        0.054ns (DCD - SCD - CPR)
    Destination Clock Delay (DCD):    3.181ns
    Source Clock Delay      (SCD):    3.493ns
    Clock Pessimism Removal (CPR):    -0.366ns
  Clock Net Delay (Source):      1.720ns (routing 0.578ns, distribution 1.142ns)
  Clock Net Delay (Destination): 1.952ns (routing 0.635ns, distribution 1.317ns)

    Location             Delay type                Incr(ns)  Path(ns)    Netlist Resource(s)
  -------------------------------------------------------------------    -------------------
                         (clock mmcm_clkout0 rise edge)
                                                      0.000     0.000 r  
    G13                                               0.000     0.000 r  c0_sys_clk_p (IN)
                         net (fo=0)                   0.079     0.079    ddr_inst/inst/u_ddr4_mem_intfc/u_mig_ddr4_phy/inst/u_ddr4_phy_pll/diff_input_clk.u_ibufg_sys_clk/I
    HPIOBDIFFINBUF_X0Y108
                         DIFFINBUF (Prop_DIFFINBUF_HPIOBDIFFINBUF_DIFF_IN_P_O)
                                                      0.453     0.532 r  ddr_inst/inst/u_ddr4_mem_intfc/u_mig_ddr4_phy/inst/u_ddr4_phy_pll/diff_input_clk.u_ibufg_sys_clk/DIFFINBUF_INST/O
                         net (fo=1, routed)           0.040     0.572    ddr_inst/inst/u_ddr4_mem_intfc/u_mig_ddr4_phy/inst/u_ddr4_phy_pll/diff_input_clk.u_ibufg_sys_clk/OUT
    G13                  IBUFCTRL (Prop_IBUFCTRL_HPIOB_M_I_O)
                                                      0.000     0.572 r  ddr_inst/inst/u_ddr4_mem_intfc/u_mig_ddr4_phy/inst/u_ddr4_phy_pll/diff_input_clk.u_ibufg_sys_clk/IBUFCTRL_INST/O
                         net (fo=2, routed)           0.333     0.905    ddr_inst/inst/u_ddr4_infrastructure/mmcm_clk_in
    MMCM_X0Y4            MMCME4_ADV (Prop_MMCM_CLKIN1_CLKOUT0)
                                                      0.630     1.535 r  ddr_inst/inst/u_ddr4_infrastructure/gen_mmcme4.u_mmcme_adv_inst/CLKOUT0
                         net (fo=1, routed)           0.215     1.750    ddr_inst/inst/u_ddr4_infrastructure/mmcm_clkout0
    BUFGCE_X0Y118        BUFGCE (Prop_BUFCE_BUFGCE_I_O)
                                                      0.024     1.774 r  ddr_inst/inst/u_ddr4_infrastructure/u_bufg_divClk/O
    X4Y5 (CLOCK_ROOT)    net (fo=50926, routed)       1.720     3.493    ddr_ic/inst/axi_interconnect_inst/si_converter_bank/gen_conv_slot[1].clock_conv_inst/gen_async_readwrite.asyncfifo_rw/inst_fifo_gen/gaxi_full_lite.gwrite_ch.gwdch2.axi_wdch/grf.rf/gntv_or_sync_fifo.mem/gdm.dm_gen.dm/m_aclk
    SLICE_X102Y368       FDRE                                         r  ddr_ic/inst/axi_interconnect_inst/si_converter_bank/gen_conv_slot[1].clock_conv_inst/gen_async_readwrite.asyncfifo_rw/inst_fifo_gen/gaxi_full_lite.gwrite_ch.gwdch2.axi_wdch/grf.rf/gntv_or_sync_fifo.mem/gdm.dm_gen.dm/gpr1.dout_i_reg[486]/C
  -------------------------------------------------------------------    -------------------
    SLICE_X102Y368       FDRE (Prop_HFF_SLICEL_C_Q)
                                                      0.058     3.551 r  ddr_ic/inst/axi_interconnect_inst/si_converter_bank/gen_conv_slot[1].clock_conv_inst/gen_async_readwrite.asyncfifo_rw/inst_fifo_gen/gaxi_full_lite.gwrite_ch.gwdch2.axi_wdch/grf.rf/gntv_or_sync_fifo.mem/gdm.dm_gen.dm/gpr1.dout_i_reg[486]/Q
                         net (fo=1, routed)           0.068     3.619    ddr_ic/inst/axi_interconnect_inst/si_converter_bank/gen_conv_slot[1].clock_conv_inst/gen_async_readwrite.asyncfifo_rw/inst_fifo_gen/gaxi_full_lite.gwrite_ch.gwdch2.axi_wdch/grf.rf/gntv_or_sync_fifo.mem/gdm.dm_gen.dm_n_90
    SLICE_X102Y367       FDRE                                         r  ddr_ic/inst/axi_interconnect_inst/si_converter_bank/gen_conv_slot[1].clock_conv_inst/gen_async_readwrite.asyncfifo_rw/inst_fifo_gen/gaxi_full_lite.gwrite_ch.gwdch2.axi_wdch/grf.rf/gntv_or_sync_fifo.mem/goreg_dm.dout_i_reg[486]/D
  -------------------------------------------------------------------    -------------------

                         (clock mmcm_clkout0 rise edge)
                                                      0.000     0.000 r  
    G13                                               0.000     0.000 r  c0_sys_clk_p (IN)
                         net (fo=0)                   0.100     0.100    ddr_inst/inst/u_ddr4_mem_intfc/u_mig_ddr4_phy/inst/u_ddr4_phy_pll/diff_input_clk.u_ibufg_sys_clk/I
    HPIOBDIFFINBUF_X0Y108
                         DIFFINBUF (Prop_DIFFINBUF_HPIOBDIFFINBUF_DIFF_IN_P_O)
                                                      0.549     0.649 r  ddr_inst/inst/u_ddr4_mem_intfc/u_mig_ddr4_phy/inst/u_ddr4_phy_pll/diff_input_clk.u_ibufg_sys_clk/DIFFINBUF_INST/O
                         net (fo=1, routed)           0.050     0.699    ddr_inst/inst/u_ddr4_mem_intfc/u_mig_ddr4_phy/inst/u_ddr4_phy_pll/diff_input_clk.u_ibufg_sys_clk/OUT
    G13                  IBUFCTRL (Prop_IBUFCTRL_HPIOB_M_I_O)
                                                      0.000     0.699 r  ddr_inst/inst/u_ddr4_mem_intfc/u_mig_ddr4_phy/inst/u_ddr4_phy_pll/diff_input_clk.u_ibufg_sys_clk/IBUFCTRL_INST/O
                         net (fo=2, routed)           0.384     1.083    ddr_inst/inst/u_ddr4_infrastructure/mmcm_clk_in
    MMCM_X0Y4            MMCME4_ADV (Prop_MMCM_CLKIN1_CLKOUT0)
                                                     -0.127     0.956 r  ddr_inst/inst/u_ddr4_infrastructure/gen_mmcme4.u_mmcme_adv_inst/CLKOUT0
                         net (fo=1, routed)           0.245     1.201    ddr_inst/inst/u_ddr4_infrastructure/mmcm_clkout0
    BUFGCE_X0Y118        BUFGCE (Prop_BUFCE_BUFGCE_I_O)
                                                      0.028     1.229 r  ddr_inst/inst/u_ddr4_infrastructure/u_bufg_divClk/O
    X4Y5 (CLOCK_ROOT)    net (fo=50926, routed)       1.952     3.181    ddr_ic/inst/axi_interconnect_inst/si_converter_bank/gen_conv_slot[1].clock_conv_inst/gen_async_readwrite.asyncfifo_rw/inst_fifo_gen/gaxi_full_lite.gwrite_ch.gwdch2.axi_wdch/grf.rf/gntv_or_sync_fifo.mem/m_aclk
    SLICE_X102Y367       FDRE                                         r  ddr_ic/inst/axi_interconnect_inst/si_converter_bank/gen_conv_slot[1].clock_conv_inst/gen_async_readwrite.asyncfifo_rw/inst_fifo_gen/gaxi_full_lite.gwrite_ch.gwdch2.axi_wdch/grf.rf/gntv_or_sync_fifo.mem/goreg_dm.dout_i_reg[486]/C
                         clock pessimism              0.366     3.548    
    SLICE_X102Y367       FDRE (Hold_HFF2_SLICEL_C_D)
                                                      0.062     3.610    ddr_ic/inst/axi_interconnect_inst/si_converter_bank/gen_conv_slot[1].clock_conv_inst/gen_async_readwrite.asyncfifo_rw/inst_fifo_gen/gaxi_full_lite.gwrite_ch.gwdch2.axi_wdch/grf.rf/gntv_or_sync_fifo.mem/goreg_dm.dout_i_reg[486]
  -------------------------------------------------------------------
                         required time                         -3.610    
                         arrival time                           3.619    
  -------------------------------------------------------------------
                         slack                                  0.010    





Pulse Width Checks
--------------------------------------------------------------------------------------
Clock Name:         mmcm_clkout0
Waveform(ns):       { 0.000 1.666 }
Period(ns):         3.332
Sources:            { ddr_inst/inst/u_ddr4_infrastructure/gen_mmcme4.u_mmcme_adv_inst/CLKOUT0 }

Check Type        Corner  Lib Pin                    Reference Pin  Required(ns)  Actual(ns)  Slack(ns)  Location               Pin
Min Period        n/a     RXTX_BITSLICE/FIFO_RD_CLK  n/a            1.694         3.332       1.638      BITSLICE_RX_TX_X0Y156  ddr_inst/inst/u_ddr4_mem_intfc/u_mig_ddr4_phy/inst/generate_block1.u_ddr_xiphy/byte_num[0].xiphy_byte_wrapper.u_xiphy_byte_wrapper/I_BITSLICE_LOWER[0].GEN_RXTX_BITSLICE_EN.u_xiphy_bitslice_lower/xiphy_rxtx_bitslice/FIFO_RD_CLK
Max Period        n/a     PLLE4_ADV/CLKIN            n/a            14.286        3.332       10.954     PLL_X0Y7               ddr_inst/inst/u_ddr4_mem_intfc/u_mig_ddr4_phy/inst/u_ddr4_phy_pll/plle_loop[0].gen_plle4.PLLE4_BASE_INST_OTHER/CLKIN
Low Pulse Width   Slow    PLLE4_ADV/CLKIN            n/a            1.166         1.666       0.500      PLL_X0Y7               ddr_inst/inst/u_ddr4_mem_intfc/u_mig_ddr4_phy/inst/u_ddr4_phy_pll/plle_loop[0].gen_plle4.PLLE4_BASE_INST_OTHER/CLKIN
High Pulse Width  Slow    PLLE4_ADV/CLKIN            n/a            1.166         1.666       0.500      PLL_X0Y7               ddr_inst/inst/u_ddr4_mem_intfc/u_mig_ddr4_phy/inst/u_ddr4_phy_pll/plle_loop[0].gen_plle4.PLLE4_BASE_INST_OTHER/CLKIN



---------------------------------------------------------------------------------------------------
From Clock:  pll_clk[0]
  To Clock:  pll_clk[0]

Setup :           NA  Failing Endpoints,  Worst Slack           NA  ,  Total Violation           NA
Hold  :           NA  Failing Endpoints,  Worst Slack           NA  ,  Total Violation           NA
PW    :            0  Failing Endpoints,  Worst Slack        0.039ns,  Total Violation        0.000ns
---------------------------------------------------------------------------------------------------


Pulse Width Checks
--------------------------------------------------------------------------------------
Clock Name:         pll_clk[0]
Waveform(ns):       { 0.000 0.208 }
Period(ns):         0.417
Sources:            { ddr_inst/inst/u_ddr4_mem_intfc/u_mig_ddr4_phy/inst/u_ddr4_phy_pll/plle_loop[0].gen_plle4.PLLE4_BASE_INST_OTHER/CLKOUTPHY }

Check Type        Corner  Lib Pin                   Reference Pin             Required(ns)  Actual(ns)  Slack(ns)  Location                Pin
Min Period        n/a     BITSLICE_CONTROL/PLL_CLK  n/a                       0.375         0.417       0.042      BITSLICE_CONTROL_X0Y24  ddr_inst/inst/u_ddr4_mem_intfc/u_mig_ddr4_phy/inst/generate_block1.u_ddr_xiphy/byte_num[0].xiphy_byte_wrapper.u_xiphy_byte_wrapper/I_CONTROL[0].GEN_I_CONTROL.u_xiphy_control/xiphy_control/PLL_CLK
Low Pulse Width   Slow    BITSLICE_CONTROL/PLL_CLK  n/a                       0.169         0.208       0.039      BITSLICE_CONTROL_X0Y24  ddr_inst/inst/u_ddr4_mem_intfc/u_mig_ddr4_phy/inst/generate_block1.u_ddr_xiphy/byte_num[0].xiphy_byte_wrapper.u_xiphy_byte_wrapper/I_CONTROL[0].GEN_I_CONTROL.u_xiphy_control/xiphy_control/PLL_CLK
High Pulse Width  Slow    BITSLICE_CONTROL/PLL_CLK  n/a                       0.169         0.208       0.039      BITSLICE_CONTROL_X0Y24  ddr_inst/inst/u_ddr4_mem_intfc/u_mig_ddr4_phy/inst/generate_block1.u_ddr_xiphy/byte_num[0].xiphy_byte_wrapper.u_xiphy_byte_wrapper/I_CONTROL[0].GEN_I_CONTROL.u_xiphy_control/xiphy_control/PLL_CLK
Max Skew          Fast    BITSLICE_CONTROL/PLL_CLK  BITSLICE_CONTROL/RIU_CLK  -0.300        -1.391      1.091      BITSLICE_CONTROL_X0Y28  ddr_inst/inst/u_ddr4_mem_intfc/u_mig_ddr4_phy/inst/generate_block1.u_ddr_xiphy/byte_num[2].xiphy_byte_wrapper.u_xiphy_byte_wrapper/I_CONTROL[0].GEN_I_CONTROL.u_xiphy_control/xiphy_control/PLL_CLK



---------------------------------------------------------------------------------------------------
From Clock:  pll_clk[0]_DIV
  To Clock:  pll_clk[0]_DIV

Setup :           NA  Failing Endpoints,  Worst Slack           NA  ,  Total Violation           NA
Hold  :           NA  Failing Endpoints,  Worst Slack           NA  ,  Total Violation           NA
PW    :            0  Failing Endpoints,  Worst Slack        0.466ns,  Total Violation        0.000ns
---------------------------------------------------------------------------------------------------


Pulse Width Checks
--------------------------------------------------------------------------------------
Clock Name:         pll_clk[0]_DIV
Waveform(ns):       { 0.000 1.666 }
Period(ns):         3.332
Sources:            { ddr_inst/inst/u_ddr4_mem_intfc/u_mig_ddr4_phy/inst/generate_block1.u_ddr_xiphy/byte_num[0].xiphy_byte_wrapper.u_xiphy_byte_wrapper/I_CONTROL[0].GEN_I_CONTROL.u_xiphy_control/xiphy_control/RX_DIV4_CLK_Q ddr_inst/inst/u_ddr4_mem_intfc/u_mig_ddr4_phy/inst/generate_block1.u_ddr_xiphy/byte_num[0].xiphy_byte_wrapper.u_xiphy_byte_wrapper/I_CONTROL[0].GEN_I_CONTROL.u_xiphy_control/xiphy_control/TX_DIV4_CLK_Q ddr_inst/inst/u_ddr4_mem_intfc/u_mig_ddr4_phy/inst/generate_block1.u_ddr_xiphy/byte_num[0].xiphy_byte_wrapper.u_xiphy_byte_wrapper/I_CONTROL[1].GEN_I_CONTROL.u_xiphy_control/xiphy_control/RX_DIV4_CLK_Q ddr_inst/inst/u_ddr4_mem_intfc/u_mig_ddr4_phy/inst/generate_block1.u_ddr_xiphy/byte_num[0].xiphy_byte_wrapper.u_xiphy_byte_wrapper/I_CONTROL[1].GEN_I_CONTROL.u_xiphy_control/xiphy_control/TX_DIV4_CLK_Q ddr_inst/inst/u_ddr4_mem_intfc/u_mig_ddr4_phy/inst/generate_block1.u_ddr_xiphy/byte_num[1].xiphy_byte_wrapper.u_xiphy_byte_wrapper/I_CONTROL[0].GEN_I_CONTROL.u_xiphy_control/xiphy_control/RX_DIV4_CLK_Q ddr_inst/inst/u_ddr4_mem_intfc/u_mig_ddr4_phy/inst/generate_block1.u_ddr_xiphy/byte_num[1].xiphy_byte_wrapper.u_xiphy_byte_wrapper/I_CONTROL[0].GEN_I_CONTROL.u_xiphy_control/xiphy_control/TX_DIV4_CLK_Q ddr_inst/inst/u_ddr4_mem_intfc/u_mig_ddr4_phy/inst/generate_block1.u_ddr_xiphy/byte_num[1].xiphy_byte_wrapper.u_xiphy_byte_wrapper/I_CONTROL[1].GEN_I_CONTROL.u_xiphy_control/xiphy_control/RX_DIV4_CLK_Q ddr_inst/inst/u_ddr4_mem_intfc/u_mig_ddr4_phy/inst/generate_block1.u_ddr_xiphy/byte_num[1].xiphy_byte_wrapper.u_xiphy_byte_wrapper/I_CONTROL[1].GEN_I_CONTROL.u_xiphy_control/xiphy_control/TX_DIV4_CLK_Q ddr_inst/inst/u_ddr4_mem_intfc/u_mig_ddr4_phy/inst/generate_block1.u_ddr_xiphy/byte_num[2].xiphy_byte_wrapper.u_xiphy_byte_wrapper/I_CONTROL[0].GEN_I_CONTROL.u_xiphy_control/xiphy_control/RX_DIV4_CLK_Q ddr_inst/inst/u_ddr4_mem_intfc/u_mig_ddr4_phy/inst/generate_block1.u_ddr_xiphy/byte_num[2].xiphy_byte_wrapper.u_xiphy_byte_wrapper/I_CONTROL[0].GEN_I_CONTROL.u_xiphy_control/xiphy_control/TX_DIV4_CLK_Q ddr_inst/inst/u_ddr4_mem_intfc/u_mig_ddr4_phy/inst/generate_block1.u_ddr_xiphy/byte_num[2].xiphy_byte_wrapper.u_xiphy_byte_wrapper/I_CONTROL[1].GEN_I_CONTROL.u_xiphy_control/xiphy_control/RX_DIV4_CLK_Q ddr_inst/inst/u_ddr4_mem_intfc/u_mig_ddr4_phy/inst/generate_block1.u_ddr_xiphy/byte_num[2].xiphy_byte_wrapper.u_xiphy_byte_wrapper/I_CONTROL[1].GEN_I_CONTROL.u_xiphy_control/xiphy_control/TX_DIV4_CLK_Q ddr_inst/inst/u_ddr4_mem_intfc/u_mig_ddr4_phy/inst/generate_block1.u_ddr_xiphy/byte_num[3].xiphy_byte_wrapper.u_xiphy_byte_wrapper/I_CONTROL[0].GEN_I_CONTROL.u_xiphy_control/xiphy_control/RX_DIV4_CLK_Q ddr_inst/inst/u_ddr4_mem_intfc/u_mig_ddr4_phy/inst/generate_block1.u_ddr_xiphy/byte_num[3].xiphy_byte_wrapper.u_xiphy_byte_wrapper/I_CONTROL[0].GEN_I_CONTROL.u_xiphy_control/xiphy_control/TX_DIV4_CLK_Q ddr_inst/inst/u_ddr4_mem_intfc/u_mig_ddr4_phy/inst/generate_block1.u_ddr_xiphy/byte_num[3].xiphy_byte_wrapper.u_xiphy_byte_wrapper/I_CONTROL[1].GEN_I_CONTROL.u_xiphy_control/xiphy_control/RX_DIV4_CLK_Q ddr_inst/inst/u_ddr4_mem_intfc/u_mig_ddr4_phy/inst/generate_block1.u_ddr_xiphy/byte_num[3].xiphy_byte_wrapper.u_xiphy_byte_wrapper/I_CONTROL[1].GEN_I_CONTROL.u_xiphy_control/xiphy_control/TX_DIV4_CLK_Q }

Check Type        Corner  Lib Pin                           Reference Pin  Required(ns)  Actual(ns)  Slack(ns)  Location               Pin
Min Period        n/a     RXTX_BITSLICE/TX_BIT_CTRL_IN[26]  n/a            2.667         3.332       0.665      BITSLICE_RX_TX_X0Y156  ddr_inst/inst/u_ddr4_mem_intfc/u_mig_ddr4_phy/inst/generate_block1.u_ddr_xiphy/byte_num[0].xiphy_byte_wrapper.u_xiphy_byte_wrapper/I_BITSLICE_LOWER[0].GEN_RXTX_BITSLICE_EN.u_xiphy_bitslice_lower/xiphy_rxtx_bitslice/TX_BIT_CTRL_IN[26]
Low Pulse Width   Slow    RXTX_BITSLICE/TX_BIT_CTRL_IN[26]  n/a            1.200         1.666       0.466      BITSLICE_RX_TX_X0Y156  ddr_inst/inst/u_ddr4_mem_intfc/u_mig_ddr4_phy/inst/generate_block1.u_ddr_xiphy/byte_num[0].xiphy_byte_wrapper.u_xiphy_byte_wrapper/I_BITSLICE_LOWER[0].GEN_RXTX_BITSLICE_EN.u_xiphy_bitslice_lower/xiphy_rxtx_bitslice/TX_BIT_CTRL_IN[26]
High Pulse Width  Slow    RXTX_BITSLICE/TX_BIT_CTRL_IN[26]  n/a            1.200         1.666       0.466      BITSLICE_RX_TX_X0Y156  ddr_inst/inst/u_ddr4_mem_intfc/u_mig_ddr4_phy/inst/generate_block1.u_ddr_xiphy/byte_num[0].xiphy_byte_wrapper.u_xiphy_byte_wrapper/I_BITSLICE_LOWER[0].GEN_RXTX_BITSLICE_EN.u_xiphy_bitslice_lower/xiphy_rxtx_bitslice/TX_BIT_CTRL_IN[26]



---------------------------------------------------------------------------------------------------
From Clock:  pll_clk[1]
  To Clock:  pll_clk[1]

Setup :           NA  Failing Endpoints,  Worst Slack           NA  ,  Total Violation           NA
Hold  :           NA  Failing Endpoints,  Worst Slack           NA  ,  Total Violation           NA
PW    :            0  Failing Endpoints,  Worst Slack        0.039ns,  Total Violation        0.000ns
---------------------------------------------------------------------------------------------------


Pulse Width Checks
--------------------------------------------------------------------------------------
Clock Name:         pll_clk[1]
Waveform(ns):       { 0.000 0.208 }
Period(ns):         0.417
Sources:            { ddr_inst/inst/u_ddr4_mem_intfc/u_mig_ddr4_phy/inst/u_ddr4_phy_pll/plle_loop[1].gen_plle4.PLLE4_BASE_INST_OTHER/CLKOUTPHY }

Check Type        Corner  Lib Pin                   Reference Pin  Required(ns)  Actual(ns)  Slack(ns)  Location                Pin
Min Period        n/a     BITSLICE_CONTROL/PLL_CLK  n/a            0.375         0.417       0.042      BITSLICE_CONTROL_X0Y32  ddr_inst/inst/u_ddr4_mem_intfc/u_mig_ddr4_phy/inst/generate_block1.u_ddr_xiphy/byte_num[4].xiphy_byte_wrapper.u_xiphy_byte_wrapper/I_CONTROL[0].GEN_I_CONTROL.u_xiphy_control/xiphy_control/PLL_CLK
Low Pulse Width   Slow    BITSLICE_CONTROL/PLL_CLK  n/a            0.169         0.208       0.039      BITSLICE_CONTROL_X0Y32  ddr_inst/inst/u_ddr4_mem_intfc/u_mig_ddr4_phy/inst/generate_block1.u_ddr_xiphy/byte_num[4].xiphy_byte_wrapper.u_xiphy_byte_wrapper/I_CONTROL[0].GEN_I_CONTROL.u_xiphy_control/xiphy_control/PLL_CLK
High Pulse Width  Slow    BITSLICE_CONTROL/PLL_CLK  n/a            0.169         0.208       0.039      BITSLICE_CONTROL_X0Y32  ddr_inst/inst/u_ddr4_mem_intfc/u_mig_ddr4_phy/inst/generate_block1.u_ddr_xiphy/byte_num[4].xiphy_byte_wrapper.u_xiphy_byte_wrapper/I_CONTROL[0].GEN_I_CONTROL.u_xiphy_control/xiphy_control/PLL_CLK



---------------------------------------------------------------------------------------------------
From Clock:  pll_clk[1]_DIV
  To Clock:  pll_clk[1]_DIV

Setup :           NA  Failing Endpoints,  Worst Slack           NA  ,  Total Violation           NA
Hold  :           NA  Failing Endpoints,  Worst Slack           NA  ,  Total Violation           NA
PW    :            0  Failing Endpoints,  Worst Slack        0.466ns,  Total Violation        0.000ns
---------------------------------------------------------------------------------------------------


Pulse Width Checks
--------------------------------------------------------------------------------------
Clock Name:         pll_clk[1]_DIV
Waveform(ns):       { 0.000 1.666 }
Period(ns):         3.332
Sources:            { ddr_inst/inst/u_ddr4_mem_intfc/u_mig_ddr4_phy/inst/generate_block1.u_ddr_xiphy/byte_num[4].xiphy_byte_wrapper.u_xiphy_byte_wrapper/I_CONTROL[0].GEN_I_CONTROL.u_xiphy_control/xiphy_control/RX_DIV4_CLK_Q ddr_inst/inst/u_ddr4_mem_intfc/u_mig_ddr4_phy/inst/generate_block1.u_ddr_xiphy/byte_num[4].xiphy_byte_wrapper.u_xiphy_byte_wrapper/I_CONTROL[0].GEN_I_CONTROL.u_xiphy_control/xiphy_control/TX_DIV4_CLK_Q ddr_inst/inst/u_ddr4_mem_intfc/u_mig_ddr4_phy/inst/generate_block1.u_ddr_xiphy/byte_num[4].xiphy_byte_wrapper.u_xiphy_byte_wrapper/I_CONTROL[1].GEN_I_CONTROL.u_xiphy_control/xiphy_control/RX_DIV4_CLK_Q ddr_inst/inst/u_ddr4_mem_intfc/u_mig_ddr4_phy/inst/generate_block1.u_ddr_xiphy/byte_num[4].xiphy_byte_wrapper.u_xiphy_byte_wrapper/I_CONTROL[1].GEN_I_CONTROL.u_xiphy_control/xiphy_control/TX_DIV4_CLK_Q ddr_inst/inst/u_ddr4_mem_intfc/u_mig_ddr4_phy/inst/generate_block1.u_ddr_xiphy/byte_num[5].xiphy_byte_wrapper.u_xiphy_byte_wrapper/I_CONTROL[0].GEN_I_CONTROL.u_xiphy_control/xiphy_control/RX_DIV4_CLK_Q ddr_inst/inst/u_ddr4_mem_intfc/u_mig_ddr4_phy/inst/generate_block1.u_ddr_xiphy/byte_num[5].xiphy_byte_wrapper.u_xiphy_byte_wrapper/I_CONTROL[0].GEN_I_CONTROL.u_xiphy_control/xiphy_control/TX_DIV4_CLK_Q ddr_inst/inst/u_ddr4_mem_intfc/u_mig_ddr4_phy/inst/generate_block1.u_ddr_xiphy/byte_num[5].xiphy_byte_wrapper.u_xiphy_byte_wrapper/I_CONTROL[1].GEN_I_CONTROL.u_xiphy_control/xiphy_control/RX_DIV4_CLK_Q ddr_inst/inst/u_ddr4_mem_intfc/u_mig_ddr4_phy/inst/generate_block1.u_ddr_xiphy/byte_num[5].xiphy_byte_wrapper.u_xiphy_byte_wrapper/I_CONTROL[1].GEN_I_CONTROL.u_xiphy_control/xiphy_control/TX_DIV4_CLK_Q ddr_inst/inst/u_ddr4_mem_intfc/u_mig_ddr4_phy/inst/generate_block1.u_ddr_xiphy/byte_num[6].xiphy_byte_wrapper.u_xiphy_byte_wrapper/I_CONTROL[0].GEN_I_CONTROL.u_xiphy_control/xiphy_control/RX_DIV4_CLK_Q ddr_inst/inst/u_ddr4_mem_intfc/u_mig_ddr4_phy/inst/generate_block1.u_ddr_xiphy/byte_num[6].xiphy_byte_wrapper.u_xiphy_byte_wrapper/I_CONTROL[0].GEN_I_CONTROL.u_xiphy_control/xiphy_control/TX_DIV4_CLK_Q ddr_inst/inst/u_ddr4_mem_intfc/u_mig_ddr4_phy/inst/generate_block1.u_ddr_xiphy/byte_num[6].xiphy_byte_wrapper.u_xiphy_byte_wrapper/I_CONTROL[1].GEN_I_CONTROL.u_xiphy_control/xiphy_control/RX_DIV4_CLK_Q ddr_inst/inst/u_ddr4_mem_intfc/u_mig_ddr4_phy/inst/generate_block1.u_ddr_xiphy/byte_num[6].xiphy_byte_wrapper.u_xiphy_byte_wrapper/I_CONTROL[1].GEN_I_CONTROL.u_xiphy_control/xiphy_control/TX_DIV4_CLK_Q ddr_inst/inst/u_ddr4_mem_intfc/u_mig_ddr4_phy/inst/generate_block1.u_ddr_xiphy/byte_num[7].xiphy_byte_wrapper.u_xiphy_byte_wrapper/I_CONTROL[0].GEN_I_CONTROL.u_xiphy_control/xiphy_control/RX_DIV4_CLK_Q ddr_inst/inst/u_ddr4_mem_intfc/u_mig_ddr4_phy/inst/generate_block1.u_ddr_xiphy/byte_num[7].xiphy_byte_wrapper.u_xiphy_byte_wrapper/I_CONTROL[0].GEN_I_CONTROL.u_xiphy_control/xiphy_control/TX_DIV4_CLK_Q ddr_inst/inst/u_ddr4_mem_intfc/u_mig_ddr4_phy/inst/generate_block1.u_ddr_xiphy/byte_num[7].xiphy_byte_wrapper.u_xiphy_byte_wrapper/I_CONTROL[1].GEN_I_CONTROL.u_xiphy_control/xiphy_control/RX_DIV4_CLK_Q ddr_inst/inst/u_ddr4_mem_intfc/u_mig_ddr4_phy/inst/generate_block1.u_ddr_xiphy/byte_num[7].xiphy_byte_wrapper.u_xiphy_byte_wrapper/I_CONTROL[1].GEN_I_CONTROL.u_xiphy_control/xiphy_control/TX_DIV4_CLK_Q }

Check Type        Corner  Lib Pin                           Reference Pin  Required(ns)  Actual(ns)  Slack(ns)  Location               Pin
Min Period        n/a     RXTX_BITSLICE/TX_BIT_CTRL_IN[26]  n/a            2.667         3.332       0.665      BITSLICE_RX_TX_X0Y209  ddr_inst/inst/u_ddr4_mem_intfc/u_mig_ddr4_phy/inst/generate_block1.u_ddr_xiphy/byte_num[4].xiphy_byte_wrapper.u_xiphy_byte_wrapper/I_BITSLICE_LOWER[1].GEN_RXTX_BITSLICE_EN.u_xiphy_bitslice_lower/xiphy_rxtx_bitslice/TX_BIT_CTRL_IN[26]
Low Pulse Width   Slow    RXTX_BITSLICE/TX_BIT_CTRL_IN[26]  n/a            1.200         1.666       0.466      BITSLICE_RX_TX_X0Y209  ddr_inst/inst/u_ddr4_mem_intfc/u_mig_ddr4_phy/inst/generate_block1.u_ddr_xiphy/byte_num[4].xiphy_byte_wrapper.u_xiphy_byte_wrapper/I_BITSLICE_LOWER[1].GEN_RXTX_BITSLICE_EN.u_xiphy_bitslice_lower/xiphy_rxtx_bitslice/TX_BIT_CTRL_IN[26]
High Pulse Width  Slow    RXTX_BITSLICE/TX_BIT_CTRL_IN[26]  n/a            1.200         1.666       0.466      BITSLICE_RX_TX_X0Y209  ddr_inst/inst/u_ddr4_mem_intfc/u_mig_ddr4_phy/inst/generate_block1.u_ddr_xiphy/byte_num[4].xiphy_byte_wrapper.u_xiphy_byte_wrapper/I_BITSLICE_LOWER[1].GEN_RXTX_BITSLICE_EN.u_xiphy_bitslice_lower/xiphy_rxtx_bitslice/TX_BIT_CTRL_IN[26]



---------------------------------------------------------------------------------------------------
From Clock:  pll_clk[2]
  To Clock:  pll_clk[2]

Setup :           NA  Failing Endpoints,  Worst Slack           NA  ,  Total Violation           NA
Hold  :           NA  Failing Endpoints,  Worst Slack           NA  ,  Total Violation           NA
PW    :            0  Failing Endpoints,  Worst Slack        0.039ns,  Total Violation        0.000ns
---------------------------------------------------------------------------------------------------


Pulse Width Checks
--------------------------------------------------------------------------------------
Clock Name:         pll_clk[2]
Waveform(ns):       { 0.000 0.208 }
Period(ns):         0.417
Sources:            { ddr_inst/inst/u_ddr4_mem_intfc/u_mig_ddr4_phy/inst/u_ddr4_phy_pll/plle_loop[2].gen_plle4.PLLE4_BASE_INST_OTHER/CLKOUTPHY }

Check Type        Corner  Lib Pin                   Reference Pin             Required(ns)  Actual(ns)  Slack(ns)  Location                Pin
Min Period        n/a     BITSLICE_CONTROL/PLL_CLK  n/a                       0.375         0.417       0.042      BITSLICE_CONTROL_X0Y44  ddr_inst/inst/u_ddr4_mem_intfc/u_mig_ddr4_phy/inst/generate_block1.u_ddr_xiphy/byte_num[10].xiphy_byte_wrapper.u_xiphy_byte_wrapper/I_CONTROL[0].GEN_I_CONTROL.u_xiphy_control/xiphy_control/PLL_CLK
Low Pulse Width   Slow    BITSLICE_CONTROL/PLL_CLK  n/a                       0.169         0.208       0.039      BITSLICE_CONTROL_X0Y44  ddr_inst/inst/u_ddr4_mem_intfc/u_mig_ddr4_phy/inst/generate_block1.u_ddr_xiphy/byte_num[10].xiphy_byte_wrapper.u_xiphy_byte_wrapper/I_CONTROL[0].GEN_I_CONTROL.u_xiphy_control/xiphy_control/PLL_CLK
High Pulse Width  Slow    BITSLICE_CONTROL/PLL_CLK  n/a                       0.169         0.208       0.039      BITSLICE_CONTROL_X0Y44  ddr_inst/inst/u_ddr4_mem_intfc/u_mig_ddr4_phy/inst/generate_block1.u_ddr_xiphy/byte_num[10].xiphy_byte_wrapper.u_xiphy_byte_wrapper/I_CONTROL[0].GEN_I_CONTROL.u_xiphy_control/xiphy_control/PLL_CLK
Max Skew          Fast    BITSLICE_CONTROL/PLL_CLK  BITSLICE_CONTROL/RIU_CLK  -0.300        -1.403      1.103      BITSLICE_CONTROL_X0Y44  ddr_inst/inst/u_ddr4_mem_intfc/u_mig_ddr4_phy/inst/generate_block1.u_ddr_xiphy/byte_num[10].xiphy_byte_wrapper.u_xiphy_byte_wrapper/I_CONTROL[0].GEN_I_CONTROL.u_xiphy_control/xiphy_control/PLL_CLK



---------------------------------------------------------------------------------------------------
From Clock:  pll_clk[2]_DIV
  To Clock:  pll_clk[2]_DIV

Setup :           NA  Failing Endpoints,  Worst Slack           NA  ,  Total Violation           NA
Hold  :           NA  Failing Endpoints,  Worst Slack           NA  ,  Total Violation           NA
PW    :            0  Failing Endpoints,  Worst Slack        0.466ns,  Total Violation        0.000ns
---------------------------------------------------------------------------------------------------


Pulse Width Checks
--------------------------------------------------------------------------------------
Clock Name:         pll_clk[2]_DIV
Waveform(ns):       { 0.000 1.666 }
Period(ns):         3.332
Sources:            { ddr_inst/inst/u_ddr4_mem_intfc/u_mig_ddr4_phy/inst/generate_block1.u_ddr_xiphy/byte_num[10].xiphy_byte_wrapper.u_xiphy_byte_wrapper/I_CONTROL[0].GEN_I_CONTROL.u_xiphy_control/xiphy_control/RX_DIV4_CLK_Q ddr_inst/inst/u_ddr4_mem_intfc/u_mig_ddr4_phy/inst/generate_block1.u_ddr_xiphy/byte_num[10].xiphy_byte_wrapper.u_xiphy_byte_wrapper/I_CONTROL[0].GEN_I_CONTROL.u_xiphy_control/xiphy_control/TX_DIV4_CLK_Q ddr_inst/inst/u_ddr4_mem_intfc/u_mig_ddr4_phy/inst/generate_block1.u_ddr_xiphy/byte_num[10].xiphy_byte_wrapper.u_xiphy_byte_wrapper/I_CONTROL[1].GEN_I_CONTROL.u_xiphy_control/xiphy_control/RX_DIV4_CLK_Q ddr_inst/inst/u_ddr4_mem_intfc/u_mig_ddr4_phy/inst/generate_block1.u_ddr_xiphy/byte_num[10].xiphy_byte_wrapper.u_xiphy_byte_wrapper/I_CONTROL[1].GEN_I_CONTROL.u_xiphy_control/xiphy_control/TX_DIV4_CLK_Q ddr_inst/inst/u_ddr4_mem_intfc/u_mig_ddr4_phy/inst/generate_block1.u_ddr_xiphy/byte_num[11].xiphy_byte_wrapper.u_xiphy_byte_wrapper/I_CONTROL[0].GEN_I_CONTROL.u_xiphy_control/xiphy_control/RX_DIV4_CLK_Q ddr_inst/inst/u_ddr4_mem_intfc/u_mig_ddr4_phy/inst/generate_block1.u_ddr_xiphy/byte_num[11].xiphy_byte_wrapper.u_xiphy_byte_wrapper/I_CONTROL[0].GEN_I_CONTROL.u_xiphy_control/xiphy_control/TX_DIV4_CLK_Q ddr_inst/inst/u_ddr4_mem_intfc/u_mig_ddr4_phy/inst/generate_block1.u_ddr_xiphy/byte_num[11].xiphy_byte_wrapper.u_xiphy_byte_wrapper/I_CONTROL[1].GEN_I_CONTROL.u_xiphy_control/xiphy_control/RX_DIV4_CLK_Q ddr_inst/inst/u_ddr4_mem_intfc/u_mig_ddr4_phy/inst/generate_block1.u_ddr_xiphy/byte_num[11].xiphy_byte_wrapper.u_xiphy_byte_wrapper/I_CONTROL[1].GEN_I_CONTROL.u_xiphy_control/xiphy_control/TX_DIV4_CLK_Q ddr_inst/inst/u_ddr4_mem_intfc/u_mig_ddr4_phy/inst/generate_block1.u_ddr_xiphy/byte_num[8].xiphy_byte_wrapper.u_xiphy_byte_wrapper/I_CONTROL[0].GEN_I_CONTROL.u_xiphy_control/xiphy_control/RX_DIV4_CLK_Q ddr_inst/inst/u_ddr4_mem_intfc/u_mig_ddr4_phy/inst/generate_block1.u_ddr_xiphy/byte_num[8].xiphy_byte_wrapper.u_xiphy_byte_wrapper/I_CONTROL[0].GEN_I_CONTROL.u_xiphy_control/xiphy_control/TX_DIV4_CLK_Q ddr_inst/inst/u_ddr4_mem_intfc/u_mig_ddr4_phy/inst/generate_block1.u_ddr_xiphy/byte_num[8].xiphy_byte_wrapper.u_xiphy_byte_wrapper/I_CONTROL[1].GEN_I_CONTROL.u_xiphy_control/xiphy_control/RX_DIV4_CLK_Q ddr_inst/inst/u_ddr4_mem_intfc/u_mig_ddr4_phy/inst/generate_block1.u_ddr_xiphy/byte_num[8].xiphy_byte_wrapper.u_xiphy_byte_wrapper/I_CONTROL[1].GEN_I_CONTROL.u_xiphy_control/xiphy_control/TX_DIV4_CLK_Q ddr_inst/inst/u_ddr4_mem_intfc/u_mig_ddr4_phy/inst/generate_block1.u_ddr_xiphy/byte_num[9].xiphy_byte_wrapper.u_xiphy_byte_wrapper/I_CONTROL[0].GEN_I_CONTROL.u_xiphy_control/xiphy_control/RX_DIV4_CLK_Q ddr_inst/inst/u_ddr4_mem_intfc/u_mig_ddr4_phy/inst/generate_block1.u_ddr_xiphy/byte_num[9].xiphy_byte_wrapper.u_xiphy_byte_wrapper/I_CONTROL[0].GEN_I_CONTROL.u_xiphy_control/xiphy_control/TX_DIV4_CLK_Q ddr_inst/inst/u_ddr4_mem_intfc/u_mig_ddr4_phy/inst/generate_block1.u_ddr_xiphy/byte_num[9].xiphy_byte_wrapper.u_xiphy_byte_wrapper/I_CONTROL[1].GEN_I_CONTROL.u_xiphy_control/xiphy_control/RX_DIV4_CLK_Q ddr_inst/inst/u_ddr4_mem_intfc/u_mig_ddr4_phy/inst/generate_block1.u_ddr_xiphy/byte_num[9].xiphy_byte_wrapper.u_xiphy_byte_wrapper/I_CONTROL[1].GEN_I_CONTROL.u_xiphy_control/xiphy_control/TX_DIV4_CLK_Q }

Check Type        Corner  Lib Pin                           Reference Pin  Required(ns)  Actual(ns)  Slack(ns)  Location               Pin
Min Period        n/a     RXTX_BITSLICE/TX_BIT_CTRL_IN[26]  n/a            2.667         3.332       0.665      BITSLICE_RX_TX_X0Y286  ddr_inst/inst/u_ddr4_mem_intfc/u_mig_ddr4_phy/inst/generate_block1.u_ddr_xiphy/byte_num[10].xiphy_byte_wrapper.u_xiphy_byte_wrapper/I_BITSLICE_LOWER[0].GEN_RXTX_BITSLICE_EN.u_xiphy_bitslice_lower/xiphy_rxtx_bitslice/TX_BIT_CTRL_IN[26]
Low Pulse Width   Slow    RXTX_BITSLICE/TX_BIT_CTRL_IN[26]  n/a            1.200         1.666       0.466      BITSLICE_RX_TX_X0Y286  ddr_inst/inst/u_ddr4_mem_intfc/u_mig_ddr4_phy/inst/generate_block1.u_ddr_xiphy/byte_num[10].xiphy_byte_wrapper.u_xiphy_byte_wrapper/I_BITSLICE_LOWER[0].GEN_RXTX_BITSLICE_EN.u_xiphy_bitslice_lower/xiphy_rxtx_bitslice/TX_BIT_CTRL_IN[26]
High Pulse Width  Slow    RXTX_BITSLICE/TX_BIT_CTRL_IN[26]  n/a            1.200         1.666       0.466      BITSLICE_RX_TX_X0Y286  ddr_inst/inst/u_ddr4_mem_intfc/u_mig_ddr4_phy/inst/generate_block1.u_ddr_xiphy/byte_num[10].xiphy_byte_wrapper.u_xiphy_byte_wrapper/I_BITSLICE_LOWER[0].GEN_RXTX_BITSLICE_EN.u_xiphy_bitslice_lower/xiphy_rxtx_bitslice/TX_BIT_CTRL_IN[26]



---------------------------------------------------------------------------------------------------
From Clock:  mmcm_clkout5
  To Clock:  mmcm_clkout5

Setup :            0  Failing Endpoints,  Worst Slack        8.224ns,  Total Violation        0.000ns
Hold  :            0  Failing Endpoints,  Worst Slack        0.010ns,  Total Violation        0.000ns
PW    :            0  Failing Endpoints,  Worst Slack        6.122ns,  Total Violation        0.000ns
---------------------------------------------------------------------------------------------------


Max Delay Paths
--------------------------------------------------------------------------------------
Slack (MET) :             8.224ns  (required time - arrival time)
  Source:                 jtag_mem/inst/jtag_axi_engine_u/u_xsdb_fifo_interface/rst_xsdbfifo_large_reg/C
                            (rising edge-triggered cell FDRE clocked by mmcm_clkout5  {rise@0.000ns fall@6.664ns period=13.328ns})
  Destination:            jtag_mem/inst/jtag_axi_engine_u/u_xsdb_fifo_interface/xsdb2txfifo_i/tx_fifo_dataout_reg[14]/CE
                            (rising edge-triggered cell FDRE clocked by mmcm_clkout5  {rise@0.000ns fall@6.664ns period=13.328ns})
  Path Group:             mmcm_clkout5
  Path Type:              Setup (Max at Slow Process Corner)
  Requirement:            13.328ns  (mmcm_clkout5 rise@13.328ns - mmcm_clkout5 rise@0.000ns)
  Data Path Delay:        5.035ns  (logic 0.188ns (3.734%)  route 4.847ns (96.266%))
  Logic Levels:           1  (LUT4=1)
  Clock Path Skew:        0.052ns (DCD - SCD + CPR)
    Destination Clock Delay (DCD):    3.721ns = ( 17.049 - 13.328 ) 
    Source Clock Delay      (SCD):    3.199ns
    Clock Pessimism Removal (CPR):    -0.469ns
  Clock Uncertainty:      0.061ns  ((TSJ^2 + DJ^2)^1/2) / 2 + PE
    Total System Jitter     (TSJ):    0.071ns
    Discrete Jitter          (DJ):    0.100ns
    Phase Error              (PE):    0.000ns
  Clock Net Delay (Source):      1.979ns (routing 0.755ns, distribution 1.224ns)
  Clock Net Delay (Destination): 1.954ns (routing 0.686ns, distribution 1.268ns)

    Location             Delay type                Incr(ns)  Path(ns)    Netlist Resource(s)
  -------------------------------------------------------------------    -------------------
                         (clock mmcm_clkout5 rise edge)
                                                      0.000     0.000 r  
    G13                                               0.000     0.000 r  c0_sys_clk_p (IN)
                         net (fo=0)                   0.100     0.100    ddr_inst/inst/u_ddr4_mem_intfc/u_mig_ddr4_phy/inst/u_ddr4_phy_pll/diff_input_clk.u_ibufg_sys_clk/I
    HPIOBDIFFINBUF_X0Y108
                         DIFFINBUF (Prop_DIFFINBUF_HPIOBDIFFINBUF_DIFF_IN_P_O)
                                                      0.549     0.649 r  ddr_inst/inst/u_ddr4_mem_intfc/u_mig_ddr4_phy/inst/u_ddr4_phy_pll/diff_input_clk.u_ibufg_sys_clk/DIFFINBUF_INST/O
                         net (fo=1, routed)           0.050     0.699    ddr_inst/inst/u_ddr4_mem_intfc/u_mig_ddr4_phy/inst/u_ddr4_phy_pll/diff_input_clk.u_ibufg_sys_clk/OUT
    G13                  IBUFCTRL (Prop_IBUFCTRL_HPIOB_M_I_O)
                                                      0.000     0.699 r  ddr_inst/inst/u_ddr4_mem_intfc/u_mig_ddr4_phy/inst/u_ddr4_phy_pll/diff_input_clk.u_ibufg_sys_clk/IBUFCTRL_INST/O
                         net (fo=2, routed)           0.384     1.083    ddr_inst/inst/u_ddr4_infrastructure/mmcm_clk_in
    MMCM_X0Y4            MMCME4_ADV (Prop_MMCM_CLKIN1_CLKOUT5)
                                                     -0.127     0.956 r  ddr_inst/inst/u_ddr4_infrastructure/gen_mmcme4.u_mmcme_adv_inst/CLKOUT5
                         net (fo=1, routed)           0.236     1.192    ddr_inst/inst/u_ddr4_infrastructure/mmcm_clkout5
    BUFGCE_X0Y107        BUFGCE (Prop_BUFCE_BUFGCE_I_O)
                                                      0.028     1.220 r  ddr_inst/inst/u_ddr4_infrastructure/u_bufg_dbg_clk/O
    X3Y5 (CLOCK_ROOT)    net (fo=3638, routed)        1.979     3.199    jtag_mem/inst/jtag_axi_engine_u/u_xsdb_fifo_interface/s_dclk_o
    SLICE_X75Y450        FDRE                                         r  jtag_mem/inst/jtag_axi_engine_u/u_xsdb_fifo_interface/rst_xsdbfifo_large_reg/C
  -------------------------------------------------------------------    -------------------
    SLICE_X75Y450        FDRE (Prop_EFF_SLICEM_C_Q)
                                                      0.076     3.275 f  jtag_mem/inst/jtag_axi_engine_u/u_xsdb_fifo_interface/rst_xsdbfifo_large_reg/Q
                         net (fo=281, routed)         4.069     7.344    jtag_mem/inst/jtag_axi_engine_u/u_xsdb_fifo_interface/xsdb2txfifo_i/shift_reg_reg[0]_0
    SLICE_X104Y385       LUT4 (Prop_A5LUT_SLICEM_I0_O)
                                                      0.112     7.456 r  jtag_mem/inst/jtag_axi_engine_u/u_xsdb_fifo_interface/xsdb2txfifo_i/tx_fifo_dataout[31]_i_1/O
                         net (fo=32, routed)          0.778     8.234    jtag_mem/inst/jtag_axi_engine_u/u_xsdb_fifo_interface/xsdb2txfifo_i/tx_fifo_dataout[31]_i_1_n_0
    SLICE_X98Y379        FDRE                                         r  jtag_mem/inst/jtag_axi_engine_u/u_xsdb_fifo_interface/xsdb2txfifo_i/tx_fifo_dataout_reg[14]/CE
  -------------------------------------------------------------------    -------------------

                         (clock mmcm_clkout5 rise edge)
                                                     13.328    13.328 r  
    G13                                               0.000    13.328 r  c0_sys_clk_p (IN)
                         net (fo=0)                   0.079    13.407    ddr_inst/inst/u_ddr4_mem_intfc/u_mig_ddr4_phy/inst/u_ddr4_phy_pll/diff_input_clk.u_ibufg_sys_clk/I
    HPIOBDIFFINBUF_X0Y108
                         DIFFINBUF (Prop_DIFFINBUF_HPIOBDIFFINBUF_DIFF_IN_P_O)
                                                      0.453    13.860 r  ddr_inst/inst/u_ddr4_mem_intfc/u_mig_ddr4_phy/inst/u_ddr4_phy_pll/diff_input_clk.u_ibufg_sys_clk/DIFFINBUF_INST/O
                         net (fo=1, routed)           0.040    13.900    ddr_inst/inst/u_ddr4_mem_intfc/u_mig_ddr4_phy/inst/u_ddr4_phy_pll/diff_input_clk.u_ibufg_sys_clk/OUT
    G13                  IBUFCTRL (Prop_IBUFCTRL_HPIOB_M_I_O)
                                                      0.000    13.900 r  ddr_inst/inst/u_ddr4_mem_intfc/u_mig_ddr4_phy/inst/u_ddr4_phy_pll/diff_input_clk.u_ibufg_sys_clk/IBUFCTRL_INST/O
                         net (fo=2, routed)           0.333    14.233    ddr_inst/inst/u_ddr4_infrastructure/mmcm_clk_in
    MMCM_X0Y4            MMCME4_ADV (Prop_MMCM_CLKIN1_CLKOUT5)
                                                      0.630    14.863 r  ddr_inst/inst/u_ddr4_infrastructure/gen_mmcme4.u_mmcme_adv_inst/CLKOUT5
                         net (fo=1, routed)           0.208    15.071    ddr_inst/inst/u_ddr4_infrastructure/mmcm_clkout5
    BUFGCE_X0Y107        BUFGCE (Prop_BUFCE_BUFGCE_I_O)
                                                      0.024    15.095 r  ddr_inst/inst/u_ddr4_infrastructure/u_bufg_dbg_clk/O
    X3Y5 (CLOCK_ROOT)    net (fo=3638, routed)        1.954    17.049    jtag_mem/inst/jtag_axi_engine_u/u_xsdb_fifo_interface/xsdb2txfifo_i/s_dclk_o
    SLICE_X98Y379        FDRE                                         r  jtag_mem/inst/jtag_axi_engine_u/u_xsdb_fifo_interface/xsdb2txfifo_i/tx_fifo_dataout_reg[14]/C
                         clock pessimism             -0.469    16.579    
                         clock uncertainty           -0.061    16.518    
    SLICE_X98Y379        FDRE (Setup_EFF2_SLICEL_C_CE)
                                                     -0.060    16.458    jtag_mem/inst/jtag_axi_engine_u/u_xsdb_fifo_interface/xsdb2txfifo_i/tx_fifo_dataout_reg[14]
  -------------------------------------------------------------------
                         required time                         16.458    
                         arrival time                          -8.234    
  -------------------------------------------------------------------
                         slack                                  8.224    





Min Delay Paths
--------------------------------------------------------------------------------------
Slack (MET) :             0.010ns  (arrival time - required time)
  Source:                 jtag_lite/inst/jtag_axi_engine_u/u_xsdb_fifo_interface/xsdb2read_cmdfifo/shift_reg_reg[28]/C
                            (rising edge-triggered cell FDRE clocked by mmcm_clkout5  {rise@0.000ns fall@6.664ns period=13.328ns})
  Destination:            jtag_lite/inst/jtag_axi_engine_u/u_xsdb_fifo_interface/xsdb2read_cmdfifo/tx_fifo_dataout_reg[28]/D
                            (rising edge-triggered cell FDRE clocked by mmcm_clkout5  {rise@0.000ns fall@6.664ns period=13.328ns})
  Path Group:             mmcm_clkout5
  Path Type:              Hold (Min at Slow Process Corner)
  Requirement:            0.000ns  (mmcm_clkout5 rise@0.000ns - mmcm_clkout5 rise@0.000ns)
  Data Path Delay:        0.182ns  (logic 0.058ns (31.939%)  route 0.124ns (68.061%))
  Logic Levels:           0  
  Clock Path Skew:        0.112ns (DCD - SCD - CPR)
    Destination Clock Delay (DCD):    3.242ns
    Source Clock Delay      (SCD):    3.536ns
    Clock Pessimism Removal (CPR):    -0.405ns
  Clock Net Delay (Source):      1.769ns (routing 0.686ns, distribution 1.083ns)
  Clock Net Delay (Destination): 2.022ns (routing 0.755ns, distribution 1.267ns)

    Location             Delay type                Incr(ns)  Path(ns)    Netlist Resource(s)
  -------------------------------------------------------------------    -------------------
                         (clock mmcm_clkout5 rise edge)
                                                      0.000     0.000 r  
    G13                                               0.000     0.000 r  c0_sys_clk_p (IN)
                         net (fo=0)                   0.079     0.079    ddr_inst/inst/u_ddr4_mem_intfc/u_mig_ddr4_phy/inst/u_ddr4_phy_pll/diff_input_clk.u_ibufg_sys_clk/I
    HPIOBDIFFINBUF_X0Y108
                         DIFFINBUF (Prop_DIFFINBUF_HPIOBDIFFINBUF_DIFF_IN_P_O)
                                                      0.453     0.532 r  ddr_inst/inst/u_ddr4_mem_intfc/u_mig_ddr4_phy/inst/u_ddr4_phy_pll/diff_input_clk.u_ibufg_sys_clk/DIFFINBUF_INST/O
                         net (fo=1, routed)           0.040     0.572    ddr_inst/inst/u_ddr4_mem_intfc/u_mig_ddr4_phy/inst/u_ddr4_phy_pll/diff_input_clk.u_ibufg_sys_clk/OUT
    G13                  IBUFCTRL (Prop_IBUFCTRL_HPIOB_M_I_O)
                                                      0.000     0.572 r  ddr_inst/inst/u_ddr4_mem_intfc/u_mig_ddr4_phy/inst/u_ddr4_phy_pll/diff_input_clk.u_ibufg_sys_clk/IBUFCTRL_INST/O
                         net (fo=2, routed)           0.333     0.905    ddr_inst/inst/u_ddr4_infrastructure/mmcm_clk_in
    MMCM_X0Y4            MMCME4_ADV (Prop_MMCM_CLKIN1_CLKOUT5)
                                                      0.630     1.535 r  ddr_inst/inst/u_ddr4_infrastructure/gen_mmcme4.u_mmcme_adv_inst/CLKOUT5
                         net (fo=1, routed)           0.208     1.743    ddr_inst/inst/u_ddr4_infrastructure/mmcm_clkout5
    BUFGCE_X0Y107        BUFGCE (Prop_BUFCE_BUFGCE_I_O)
                                                      0.024     1.767 r  ddr_inst/inst/u_ddr4_infrastructure/u_bufg_dbg_clk/O
    X3Y5 (CLOCK_ROOT)    net (fo=3638, routed)        1.769     3.536    jtag_lite/inst/jtag_axi_engine_u/u_xsdb_fifo_interface/xsdb2read_cmdfifo/s_dclk_o
    SLICE_X62Y471        FDRE                                         r  jtag_lite/inst/jtag_axi_engine_u/u_xsdb_fifo_interface/xsdb2read_cmdfifo/shift_reg_reg[28]/C
  -------------------------------------------------------------------    -------------------
    SLICE_X62Y471        FDRE (Prop_HFF_SLICEL_C_Q)
                                                      0.058     3.594 r  jtag_lite/inst/jtag_axi_engine_u/u_xsdb_fifo_interface/xsdb2read_cmdfifo/shift_reg_reg[28]/Q
                         net (fo=2, routed)           0.124     3.717    jtag_lite/inst/jtag_axi_engine_u/u_xsdb_fifo_interface/xsdb2read_cmdfifo/shift_reg_reg_n_0_[28]
    SLICE_X63Y471        FDRE                                         r  jtag_lite/inst/jtag_axi_engine_u/u_xsdb_fifo_interface/xsdb2read_cmdfifo/tx_fifo_dataout_reg[28]/D
  -------------------------------------------------------------------    -------------------

                         (clock mmcm_clkout5 rise edge)
                                                      0.000     0.000 r  
    G13                                               0.000     0.000 r  c0_sys_clk_p (IN)
                         net (fo=0)                   0.100     0.100    ddr_inst/inst/u_ddr4_mem_intfc/u_mig_ddr4_phy/inst/u_ddr4_phy_pll/diff_input_clk.u_ibufg_sys_clk/I
    HPIOBDIFFINBUF_X0Y108
                         DIFFINBUF (Prop_DIFFINBUF_HPIOBDIFFINBUF_DIFF_IN_P_O)
                                                      0.549     0.649 r  ddr_inst/inst/u_ddr4_mem_intfc/u_mig_ddr4_phy/inst/u_ddr4_phy_pll/diff_input_clk.u_ibufg_sys_clk/DIFFINBUF_INST/O
                         net (fo=1, routed)           0.050     0.699    ddr_inst/inst/u_ddr4_mem_intfc/u_mig_ddr4_phy/inst/u_ddr4_phy_pll/diff_input_clk.u_ibufg_sys_clk/OUT
    G13                  IBUFCTRL (Prop_IBUFCTRL_HPIOB_M_I_O)
                                                      0.000     0.699 r  ddr_inst/inst/u_ddr4_mem_intfc/u_mig_ddr4_phy/inst/u_ddr4_phy_pll/diff_input_clk.u_ibufg_sys_clk/IBUFCTRL_INST/O
                         net (fo=2, routed)           0.384     1.083    ddr_inst/inst/u_ddr4_infrastructure/mmcm_clk_in
    MMCM_X0Y4            MMCME4_ADV (Prop_MMCM_CLKIN1_CLKOUT5)
                                                     -0.127     0.956 r  ddr_inst/inst/u_ddr4_infrastructure/gen_mmcme4.u_mmcme_adv_inst/CLKOUT5
                         net (fo=1, routed)           0.236     1.192    ddr_inst/inst/u_ddr4_infrastructure/mmcm_clkout5
    BUFGCE_X0Y107        BUFGCE (Prop_BUFCE_BUFGCE_I_O)
                                                      0.028     1.220 r  ddr_inst/inst/u_ddr4_infrastructure/u_bufg_dbg_clk/O
    X3Y5 (CLOCK_ROOT)    net (fo=3638, routed)        2.022     3.242    jtag_lite/inst/jtag_axi_engine_u/u_xsdb_fifo_interface/xsdb2read_cmdfifo/s_dclk_o
    SLICE_X63Y471        FDRE                                         r  jtag_lite/inst/jtag_axi_engine_u/u_xsdb_fifo_interface/xsdb2read_cmdfifo/tx_fifo_dataout_reg[28]/C
                         clock pessimism              0.405     3.647    
    SLICE_X63Y471        FDRE (Hold_BFF_SLICEM_C_D)
                                                      0.060     3.707    jtag_lite/inst/jtag_axi_engine_u/u_xsdb_fifo_interface/xsdb2read_cmdfifo/tx_fifo_dataout_reg[28]
  -------------------------------------------------------------------
                         required time                         -3.707    
                         arrival time                           3.717    
  -------------------------------------------------------------------
                         slack                                  0.010    





Pulse Width Checks
--------------------------------------------------------------------------------------
Clock Name:         mmcm_clkout5
Waveform(ns):       { 0.000 6.664 }
Period(ns):         13.328
Sources:            { ddr_inst/inst/u_ddr4_infrastructure/gen_mmcme4.u_mmcme_adv_inst/CLKOUT5 }

Check Type        Corner  Lib Pin             Reference Pin  Required(ns)  Actual(ns)  Slack(ns)  Location      Pin
Min Period        n/a     RAMB36E2/CLKBWRCLK  n/a            1.355         13.328      11.973     RAMB36_X6Y94  jtag_lite/inst/jtag_axi_engine_u/rd_cmd_fifo_i/inst_fifo_gen/gconvfifo.rf/grf.rf/gntv_or_sync_fifo.mem/gbm.gbmg.gbmga.ngecc.bmg/inst_blk_mem_gen/gnbram.gnativebmg.native_blk_mem_gen/valid.cstr/ramloop[0].ram.r/prim_noinit.ram/DEVICE_8SERIES.NO_BMM_INFO.SDP.WIDE_PRIM36_NO_ECC.ram/CLKBWRCLK
Low Pulse Width   Slow    RAMB36E2/CLKBWRCLK  n/a            0.542         6.664       6.122      RAMB36_X6Y94  jtag_lite/inst/jtag_axi_engine_u/rd_cmd_fifo_i/inst_fifo_gen/gconvfifo.rf/grf.rf/gntv_or_sync_fifo.mem/gbm.gbmg.gbmga.ngecc.bmg/inst_blk_mem_gen/gnbram.gnativebmg.native_blk_mem_gen/valid.cstr/ramloop[0].ram.r/prim_noinit.ram/DEVICE_8SERIES.NO_BMM_INFO.SDP.WIDE_PRIM36_NO_ECC.ram/CLKBWRCLK
High Pulse Width  Slow    RAMB36E2/CLKBWRCLK  n/a            0.542         6.664       6.122      RAMB36_X6Y94  jtag_lite/inst/jtag_axi_engine_u/rd_cmd_fifo_i/inst_fifo_gen/gconvfifo.rf/grf.rf/gntv_or_sync_fifo.mem/gbm.gbmg.gbmga.ngecc.bmg/inst_blk_mem_gen/gnbram.gnativebmg.native_blk_mem_gen/valid.cstr/ramloop[0].ram.r/prim_noinit.ram/DEVICE_8SERIES.NO_BMM_INFO.SDP.WIDE_PRIM36_NO_ECC.ram/CLKBWRCLK



---------------------------------------------------------------------------------------------------
From Clock:  mmcm_clkout6
  To Clock:  mmcm_clkout6

Setup :            0  Failing Endpoints,  Worst Slack        0.862ns,  Total Violation        0.000ns
Hold  :            0  Failing Endpoints,  Worst Slack        0.014ns,  Total Violation        0.000ns
PW    :            0  Failing Endpoints,  Worst Slack        1.086ns,  Total Violation        0.000ns
---------------------------------------------------------------------------------------------------


Max Delay Paths
--------------------------------------------------------------------------------------
Slack (MET) :             0.862ns  (required time - arrival time)
  Source:                 ddr_inst/inst/u_ddr4_mem_intfc/u_en_vtc_sync/SYNC[0].sync_reg_reg[1]/C
                            (rising edge-triggered cell FDRE clocked by mmcm_clkout6  {rise@0.000ns fall@3.332ns period=6.664ns})
  Destination:            ddr_inst/inst/u_ddr4_mem_intfc/u_mig_ddr4_phy/inst/generate_block1.u_ddr_xiphy/byte_num[11].xiphy_byte_wrapper.u_xiphy_byte_wrapper/I_CONTROL[1].GEN_I_CONTROL.u_xiphy_control/xiphy_control/EN_VTC
                            (rising edge-triggered cell BITSLICE_CONTROL clocked by mmcm_clkout6  {rise@0.000ns fall@3.332ns period=6.664ns})
  Path Group:             mmcm_clkout6
  Path Type:              Setup (Max at Slow Process Corner)
  Requirement:            6.664ns  (mmcm_clkout6 rise@6.664ns - mmcm_clkout6 rise@0.000ns)
  Data Path Delay:        5.415ns  (logic 0.079ns (1.459%)  route 5.336ns (98.541%))
  Logic Levels:           0  
  Clock Path Skew:        -0.093ns (DCD - SCD + CPR)
    Destination Clock Delay (DCD):    3.467ns = ( 10.131 - 6.664 ) 
    Source Clock Delay      (SCD):    3.081ns
    Clock Pessimism Removal (CPR):    -0.478ns
  Clock Uncertainty:      0.056ns  ((TSJ^2 + DJ^2)^1/2) / 2 + PE
    Total System Jitter     (TSJ):    0.071ns
    Discrete Jitter          (DJ):    0.088ns
    Phase Error              (PE):    0.000ns
  Clock Net Delay (Source):      1.836ns (routing 0.632ns, distribution 1.204ns)
  Clock Net Delay (Destination): 1.682ns (routing 0.575ns, distribution 1.107ns)

    Location             Delay type                Incr(ns)  Path(ns)    Netlist Resource(s)
  -------------------------------------------------------------------    -------------------
                         (clock mmcm_clkout6 rise edge)
                                                      0.000     0.000 r  
    G13                                               0.000     0.000 r  c0_sys_clk_p (IN)
                         net (fo=0)                   0.100     0.100    ddr_inst/inst/u_ddr4_mem_intfc/u_mig_ddr4_phy/inst/u_ddr4_phy_pll/diff_input_clk.u_ibufg_sys_clk/I
    HPIOBDIFFINBUF_X0Y108
                         DIFFINBUF (Prop_DIFFINBUF_HPIOBDIFFINBUF_DIFF_IN_P_O)
                                                      0.549     0.649 r  ddr_inst/inst/u_ddr4_mem_intfc/u_mig_ddr4_phy/inst/u_ddr4_phy_pll/diff_input_clk.u_ibufg_sys_clk/DIFFINBUF_INST/O
                         net (fo=1, routed)           0.050     0.699    ddr_inst/inst/u_ddr4_mem_intfc/u_mig_ddr4_phy/inst/u_ddr4_phy_pll/diff_input_clk.u_ibufg_sys_clk/OUT
    G13                  IBUFCTRL (Prop_IBUFCTRL_HPIOB_M_I_O)
                                                      0.000     0.699 r  ddr_inst/inst/u_ddr4_mem_intfc/u_mig_ddr4_phy/inst/u_ddr4_phy_pll/diff_input_clk.u_ibufg_sys_clk/IBUFCTRL_INST/O
                         net (fo=2, routed)           0.384     1.083    ddr_inst/inst/u_ddr4_infrastructure/mmcm_clk_in
    MMCM_X0Y4            MMCME4_ADV (Prop_MMCM_CLKIN1_CLKOUT6)
                                                     -0.127     0.956 r  ddr_inst/inst/u_ddr4_infrastructure/gen_mmcme4.u_mmcme_adv_inst/CLKOUT6
                         net (fo=1, routed)           0.261     1.217    ddr_inst/inst/u_ddr4_infrastructure/mmcm_clkout6
    BUFGCE_X0Y116        BUFGCE (Prop_BUFCE_BUFGCE_I_O)
                                                      0.028     1.245 r  ddr_inst/inst/u_ddr4_infrastructure/u_bufg_riuClk/O
    X4Y5 (CLOCK_ROOT)    net (fo=1761, routed)        1.836     3.081    ddr_inst/inst/u_ddr4_mem_intfc/u_en_vtc_sync/CLK
    SLICE_X90Y243        FDRE                                         r  ddr_inst/inst/u_ddr4_mem_intfc/u_en_vtc_sync/SYNC[0].sync_reg_reg[1]/C
  -------------------------------------------------------------------    -------------------
    SLICE_X90Y243        FDRE (Prop_EFF2_SLICEM_C_Q)
                                                      0.079     3.160 r  ddr_inst/inst/u_ddr4_mem_intfc/u_en_vtc_sync/SYNC[0].sync_reg_reg[1]/Q
                         net (fo=24, routed)          5.336     8.496    ddr_inst/inst/u_ddr4_mem_intfc/u_mig_ddr4_phy/inst/generate_block1.u_ddr_xiphy/byte_num[11].xiphy_byte_wrapper.u_xiphy_byte_wrapper/I_CONTROL[1].GEN_I_CONTROL.u_xiphy_control/en_vtc_riuclk
    BITSLICE_CONTROL_X0Y47
                         BITSLICE_CONTROL                             r  ddr_inst/inst/u_ddr4_mem_intfc/u_mig_ddr4_phy/inst/generate_block1.u_ddr_xiphy/byte_num[11].xiphy_byte_wrapper.u_xiphy_byte_wrapper/I_CONTROL[1].GEN_I_CONTROL.u_xiphy_control/xiphy_control/EN_VTC
  -------------------------------------------------------------------    -------------------

                         (clock mmcm_clkout6 rise edge)
                                                      6.664     6.664 r  
    G13                                               0.000     6.664 r  c0_sys_clk_p (IN)
                         net (fo=0)                   0.079     6.743    ddr_inst/inst/u_ddr4_mem_intfc/u_mig_ddr4_phy/inst/u_ddr4_phy_pll/diff_input_clk.u_ibufg_sys_clk/I
    HPIOBDIFFINBUF_X0Y108
                         DIFFINBUF (Prop_DIFFINBUF_HPIOBDIFFINBUF_DIFF_IN_P_O)
                                                      0.453     7.196 r  ddr_inst/inst/u_ddr4_mem_intfc/u_mig_ddr4_phy/inst/u_ddr4_phy_pll/diff_input_clk.u_ibufg_sys_clk/DIFFINBUF_INST/O
                         net (fo=1, routed)           0.040     7.236    ddr_inst/inst/u_ddr4_mem_intfc/u_mig_ddr4_phy/inst/u_ddr4_phy_pll/diff_input_clk.u_ibufg_sys_clk/OUT
    G13                  IBUFCTRL (Prop_IBUFCTRL_HPIOB_M_I_O)
                                                      0.000     7.236 r  ddr_inst/inst/u_ddr4_mem_intfc/u_mig_ddr4_phy/inst/u_ddr4_phy_pll/diff_input_clk.u_ibufg_sys_clk/IBUFCTRL_INST/O
                         net (fo=2, routed)           0.333     7.569    ddr_inst/inst/u_ddr4_infrastructure/mmcm_clk_in
    MMCM_X0Y4            MMCME4_ADV (Prop_MMCM_CLKIN1_CLKOUT6)
                                                      0.630     8.199 r  ddr_inst/inst/u_ddr4_infrastructure/gen_mmcme4.u_mmcme_adv_inst/CLKOUT6
                         net (fo=1, routed)           0.226     8.425    ddr_inst/inst/u_ddr4_infrastructure/mmcm_clkout6
    BUFGCE_X0Y116        BUFGCE (Prop_BUFCE_BUFGCE_I_O)
                                                      0.024     8.449 r  ddr_inst/inst/u_ddr4_infrastructure/u_bufg_riuClk/O
    X4Y5 (CLOCK_ROOT)    net (fo=1761, routed)        1.682    10.131    ddr_inst/inst/u_ddr4_mem_intfc/u_mig_ddr4_phy/inst/generate_block1.u_ddr_xiphy/byte_num[11].xiphy_byte_wrapper.u_xiphy_byte_wrapper/I_CONTROL[1].GEN_I_CONTROL.u_xiphy_control/riu_clk
    BITSLICE_CONTROL_X0Y47
                         BITSLICE_CONTROL                             r  ddr_inst/inst/u_ddr4_mem_intfc/u_mig_ddr4_phy/inst/generate_block1.u_ddr_xiphy/byte_num[11].xiphy_byte_wrapper.u_xiphy_byte_wrapper/I_CONTROL[1].GEN_I_CONTROL.u_xiphy_control/xiphy_control/RIU_CLK
                         clock pessimism             -0.478     9.652    
                         clock uncertainty           -0.056     9.596    
    BITSLICE_CONTROL_X0Y47
                         BITSLICE_CONTROL (Setup_CONTROL_BITSLICE_CONTROL_RIU_CLK_EN_VTC)
                                                     -0.237     9.359    ddr_inst/inst/u_ddr4_mem_intfc/u_mig_ddr4_phy/inst/generate_block1.u_ddr_xiphy/byte_num[11].xiphy_byte_wrapper.u_xiphy_byte_wrapper/I_CONTROL[1].GEN_I_CONTROL.u_xiphy_control/xiphy_control
  -------------------------------------------------------------------
                         required time                          9.359    
                         arrival time                          -8.496    
  -------------------------------------------------------------------
                         slack                                  0.862    





Min Delay Paths
--------------------------------------------------------------------------------------
Slack (MET) :             0.014ns  (arrival time - required time)
  Source:                 ddr_inst/inst/u_ddr4_mem_intfc/u_ddr_cal_riu/mcs0/inst/microblaze_I/U0/MicroBlaze_Core_I/Performance.Core/Decode_I/mem_byte_access_i_reg/C
                            (rising edge-triggered cell FDRE clocked by mmcm_clkout6  {rise@0.000ns fall@3.332ns period=6.664ns})
  Destination:            ddr_inst/inst/u_ddr4_mem_intfc/u_ddr_cal_riu/mcs0/inst/microblaze_I/U0/MicroBlaze_Core_I/Performance.Core/Decode_I/WB_Byte_Access_reg/D
                            (rising edge-triggered cell FDRE clocked by mmcm_clkout6  {rise@0.000ns fall@3.332ns period=6.664ns})
  Path Group:             mmcm_clkout6
  Path Type:              Hold (Min at Slow Process Corner)
  Requirement:            0.000ns  (mmcm_clkout6 rise@0.000ns - mmcm_clkout6 rise@0.000ns)
  Data Path Delay:        0.126ns  (logic 0.061ns (48.413%)  route 0.065ns (51.587%))
  Logic Levels:           0  
  Clock Path Skew:        0.050ns (DCD - SCD - CPR)
    Destination Clock Delay (DCD):    3.104ns
    Source Clock Delay      (SCD):    3.413ns
    Clock Pessimism Removal (CPR):    -0.360ns
  Clock Net Delay (Source):      1.629ns (routing 0.575ns, distribution 1.054ns)
  Clock Net Delay (Destination): 1.859ns (routing 0.632ns, distribution 1.227ns)

    Location             Delay type                Incr(ns)  Path(ns)    Netlist Resource(s)
  -------------------------------------------------------------------    -------------------
                         (clock mmcm_clkout6 rise edge)
                                                      0.000     0.000 r  
    G13                                               0.000     0.000 r  c0_sys_clk_p (IN)
                         net (fo=0)                   0.079     0.079    ddr_inst/inst/u_ddr4_mem_intfc/u_mig_ddr4_phy/inst/u_ddr4_phy_pll/diff_input_clk.u_ibufg_sys_clk/I
    HPIOBDIFFINBUF_X0Y108
                         DIFFINBUF (Prop_DIFFINBUF_HPIOBDIFFINBUF_DIFF_IN_P_O)
                                                      0.453     0.532 r  ddr_inst/inst/u_ddr4_mem_intfc/u_mig_ddr4_phy/inst/u_ddr4_phy_pll/diff_input_clk.u_ibufg_sys_clk/DIFFINBUF_INST/O
                         net (fo=1, routed)           0.040     0.572    ddr_inst/inst/u_ddr4_mem_intfc/u_mig_ddr4_phy/inst/u_ddr4_phy_pll/diff_input_clk.u_ibufg_sys_clk/OUT
    G13                  IBUFCTRL (Prop_IBUFCTRL_HPIOB_M_I_O)
                                                      0.000     0.572 r  ddr_inst/inst/u_ddr4_mem_intfc/u_mig_ddr4_phy/inst/u_ddr4_phy_pll/diff_input_clk.u_ibufg_sys_clk/IBUFCTRL_INST/O
                         net (fo=2, routed)           0.333     0.905    ddr_inst/inst/u_ddr4_infrastructure/mmcm_clk_in
    MMCM_X0Y4            MMCME4_ADV (Prop_MMCM_CLKIN1_CLKOUT6)
                                                      0.630     1.535 r  ddr_inst/inst/u_ddr4_infrastructure/gen_mmcme4.u_mmcme_adv_inst/CLKOUT6
                         net (fo=1, routed)           0.226     1.761    ddr_inst/inst/u_ddr4_infrastructure/mmcm_clkout6
    BUFGCE_X0Y116        BUFGCE (Prop_BUFCE_BUFGCE_I_O)
                                                      0.024     1.785 r  ddr_inst/inst/u_ddr4_infrastructure/u_bufg_riuClk/O
    X4Y5 (CLOCK_ROOT)    net (fo=1761, routed)        1.629     3.413    ddr_inst/inst/u_ddr4_mem_intfc/u_ddr_cal_riu/mcs0/inst/microblaze_I/U0/MicroBlaze_Core_I/Performance.Core/Decode_I/Clk
    SLICE_X91Y211        FDRE                                         r  ddr_inst/inst/u_ddr4_mem_intfc/u_ddr_cal_riu/mcs0/inst/microblaze_I/U0/MicroBlaze_Core_I/Performance.Core/Decode_I/mem_byte_access_i_reg/C
  -------------------------------------------------------------------    -------------------
    SLICE_X91Y211        FDRE (Prop_DFF2_SLICEL_C_Q)
                                                      0.061     3.474 r  ddr_inst/inst/u_ddr4_mem_intfc/u_ddr_cal_riu/mcs0/inst/microblaze_I/U0/MicroBlaze_Core_I/Performance.Core/Decode_I/mem_byte_access_i_reg/Q
                         net (fo=1, routed)           0.065     3.539    ddr_inst/inst/u_ddr4_mem_intfc/u_ddr_cal_riu/mcs0/inst/microblaze_I/U0/MicroBlaze_Core_I/Performance.Core/Decode_I/mem_byte_access
    SLICE_X91Y212        FDRE                                         r  ddr_inst/inst/u_ddr4_mem_intfc/u_ddr_cal_riu/mcs0/inst/microblaze_I/U0/MicroBlaze_Core_I/Performance.Core/Decode_I/WB_Byte_Access_reg/D
  -------------------------------------------------------------------    -------------------

                         (clock mmcm_clkout6 rise edge)
                                                      0.000     0.000 r  
    G13                                               0.000     0.000 r  c0_sys_clk_p (IN)
                         net (fo=0)                   0.100     0.100    ddr_inst/inst/u_ddr4_mem_intfc/u_mig_ddr4_phy/inst/u_ddr4_phy_pll/diff_input_clk.u_ibufg_sys_clk/I
    HPIOBDIFFINBUF_X0Y108
                         DIFFINBUF (Prop_DIFFINBUF_HPIOBDIFFINBUF_DIFF_IN_P_O)
                                                      0.549     0.649 r  ddr_inst/inst/u_ddr4_mem_intfc/u_mig_ddr4_phy/inst/u_ddr4_phy_pll/diff_input_clk.u_ibufg_sys_clk/DIFFINBUF_INST/O
                         net (fo=1, routed)           0.050     0.699    ddr_inst/inst/u_ddr4_mem_intfc/u_mig_ddr4_phy/inst/u_ddr4_phy_pll/diff_input_clk.u_ibufg_sys_clk/OUT
    G13                  IBUFCTRL (Prop_IBUFCTRL_HPIOB_M_I_O)
                                                      0.000     0.699 r  ddr_inst/inst/u_ddr4_mem_intfc/u_mig_ddr4_phy/inst/u_ddr4_phy_pll/diff_input_clk.u_ibufg_sys_clk/IBUFCTRL_INST/O
                         net (fo=2, routed)           0.384     1.083    ddr_inst/inst/u_ddr4_infrastructure/mmcm_clk_in
    MMCM_X0Y4            MMCME4_ADV (Prop_MMCM_CLKIN1_CLKOUT6)
                                                     -0.127     0.956 r  ddr_inst/inst/u_ddr4_infrastructure/gen_mmcme4.u_mmcme_adv_inst/CLKOUT6
                         net (fo=1, routed)           0.261     1.217    ddr_inst/inst/u_ddr4_infrastructure/mmcm_clkout6
    BUFGCE_X0Y116        BUFGCE (Prop_BUFCE_BUFGCE_I_O)
                                                      0.028     1.245 r  ddr_inst/inst/u_ddr4_infrastructure/u_bufg_riuClk/O
    X4Y5 (CLOCK_ROOT)    net (fo=1761, routed)        1.859     3.104    ddr_inst/inst/u_ddr4_mem_intfc/u_ddr_cal_riu/mcs0/inst/microblaze_I/U0/MicroBlaze_Core_I/Performance.Core/Decode_I/Clk
    SLICE_X91Y212        FDRE                                         r  ddr_inst/inst/u_ddr4_mem_intfc/u_ddr_cal_riu/mcs0/inst/microblaze_I/U0/MicroBlaze_Core_I/Performance.Core/Decode_I/WB_Byte_Access_reg/C
                         clock pessimism              0.360     3.464    
    SLICE_X91Y212        FDRE (Hold_HFF2_SLICEL_C_D)
                                                      0.062     3.526    ddr_inst/inst/u_ddr4_mem_intfc/u_ddr_cal_riu/mcs0/inst/microblaze_I/U0/MicroBlaze_Core_I/Performance.Core/Decode_I/WB_Byte_Access_reg
  -------------------------------------------------------------------
                         required time                         -3.526    
                         arrival time                           3.539    
  -------------------------------------------------------------------
                         slack                                  0.014    





Pulse Width Checks
--------------------------------------------------------------------------------------
Clock Name:         mmcm_clkout6
Waveform(ns):       { 0.000 3.332 }
Period(ns):         6.664
Sources:            { ddr_inst/inst/u_ddr4_infrastructure/gen_mmcme4.u_mmcme_adv_inst/CLKOUT6 }

Check Type        Corner  Lib Pin                   Reference Pin             Required(ns)  Actual(ns)  Slack(ns)  Location                Pin
Min Period        n/a     BITSLICE_CONTROL/RIU_CLK  n/a                       3.846         6.664       2.818      BITSLICE_CONTROL_X0Y24  ddr_inst/inst/u_ddr4_mem_intfc/u_mig_ddr4_phy/inst/generate_block1.u_ddr_xiphy/byte_num[0].xiphy_byte_wrapper.u_xiphy_byte_wrapper/I_CONTROL[0].GEN_I_CONTROL.u_xiphy_control/xiphy_control/RIU_CLK
Low Pulse Width   Slow    BITSLICE_CONTROL/RIU_CLK  n/a                       1.731         3.332       1.601      BITSLICE_CONTROL_X0Y24  ddr_inst/inst/u_ddr4_mem_intfc/u_mig_ddr4_phy/inst/generate_block1.u_ddr_xiphy/byte_num[0].xiphy_byte_wrapper.u_xiphy_byte_wrapper/I_CONTROL[0].GEN_I_CONTROL.u_xiphy_control/xiphy_control/RIU_CLK
High Pulse Width  Slow    BITSLICE_CONTROL/RIU_CLK  n/a                       1.731         3.332       1.601      BITSLICE_CONTROL_X0Y24  ddr_inst/inst/u_ddr4_mem_intfc/u_mig_ddr4_phy/inst/generate_block1.u_ddr_xiphy/byte_num[0].xiphy_byte_wrapper.u_xiphy_byte_wrapper/I_CONTROL[0].GEN_I_CONTROL.u_xiphy_control/xiphy_control/RIU_CLK
Max Skew          Fast    BITSLICE_CONTROL/RIU_CLK  BITSLICE_CONTROL/PLL_CLK  1.984         0.898       1.086      BITSLICE_CONTROL_X0Y25  ddr_inst/inst/u_ddr4_mem_intfc/u_mig_ddr4_phy/inst/generate_block1.u_ddr_xiphy/byte_num[0].xiphy_byte_wrapper.u_xiphy_byte_wrapper/I_CONTROL[1].GEN_I_CONTROL.u_xiphy_control/xiphy_control/RIU_CLK



---------------------------------------------------------------------------------------------------
From Clock:  clk_100
  To Clock:  clk_100

Setup :           NA  Failing Endpoints,  Worst Slack           NA  ,  Total Violation           NA
Hold  :           NA  Failing Endpoints,  Worst Slack           NA  ,  Total Violation           NA
PW    :            0  Failing Endpoints,  Worst Slack        2.000ns,  Total Violation        0.000ns
---------------------------------------------------------------------------------------------------


Pulse Width Checks
--------------------------------------------------------------------------------------
Clock Name:         clk_100
Waveform(ns):       { 0.000 5.000 }
Period(ns):         10.000
Sources:            { clk_p }

Check Type        Corner  Lib Pin            Reference Pin  Required(ns)  Actual(ns)  Slack(ns)  Location   Pin
Min Period        n/a     MMCME4_ADV/CLKIN1  n/a            1.071         10.000      8.929      MMCM_X0Y0  clk_mmcm/CLKIN1
Max Period        n/a     MMCME4_ADV/CLKIN1  n/a            100.000       10.000      90.000     MMCM_X0Y0  clk_mmcm/CLKIN1
Low Pulse Width   Slow    MMCME4_ADV/CLKIN1  n/a            3.000         5.000       2.000      MMCM_X0Y0  clk_mmcm/CLKIN1
High Pulse Width  Slow    MMCME4_ADV/CLKIN1  n/a            3.000         5.000       2.000      MMCM_X0Y0  clk_mmcm/CLKIN1



---------------------------------------------------------------------------------------------------
From Clock:  clk_100_mmcm
  To Clock:  clk_100_mmcm

Setup :            0  Failing Endpoints,  Worst Slack        5.707ns,  Total Violation        0.000ns
Hold  :            0  Failing Endpoints,  Worst Slack        0.022ns,  Total Violation        0.000ns
PW    :            0  Failing Endpoints,  Worst Slack        4.458ns,  Total Violation        0.000ns
---------------------------------------------------------------------------------------------------


Max Delay Paths
--------------------------------------------------------------------------------------
Slack (MET) :             5.707ns  (required time - arrival time)
  Source:                 rst_100_sync/sync_reg_reg[3]/C
                            (rising edge-triggered cell FDPE clocked by clk_100_mmcm  {rise@0.000ns fall@5.000ns period=10.000ns})
  Destination:            jtag_lite/inst/jtag_axi_engine_u/cmd_decode_rd_channel/axi_tx_done_ff_reg/R
                            (rising edge-triggered cell FDRE clocked by clk_100_mmcm  {rise@0.000ns fall@5.000ns period=10.000ns})
  Path Group:             clk_100_mmcm
  Path Type:              Setup (Max at Slow Process Corner)
  Requirement:            10.000ns  (clk_100_mmcm rise@10.000ns - clk_100_mmcm rise@0.000ns)
  Data Path Delay:        4.065ns  (logic 0.225ns (5.536%)  route 3.840ns (94.464%))
  Logic Levels:           1  (LUT3=1)
  Clock Path Skew:        -0.081ns (DCD - SCD + CPR)
    Destination Clock Delay (DCD):    4.376ns = ( 14.376 - 10.000 ) 
    Source Clock Delay      (SCD):    4.094ns
    Clock Pessimism Removal (CPR):    -0.363ns
  Clock Uncertainty:      0.074ns  ((TSJ^2 + DJ^2)^1/2) / 2 + PE
    Total System Jitter     (TSJ):    0.071ns
    Discrete Jitter          (DJ):    0.129ns
    Phase Error              (PE):    0.000ns
  Clock Net Delay (Source):      2.778ns (routing 1.774ns, distribution 1.004ns)
  Clock Net Delay (Destination): 2.532ns (routing 1.609ns, distribution 0.923ns)

    Location             Delay type                Incr(ns)  Path(ns)    Netlist Resource(s)
  -------------------------------------------------------------------    -------------------
                         (clock clk_100_mmcm rise edge)
                                                      0.000     0.000 r  
    AM15                                              0.000     0.000 r  clk_p (IN)
                         net (fo=0)                   0.100     0.100    clk_in_ibufds/I
    HPIOBDIFFINBUF_X0Y10 DIFFINBUF (Prop_DIFFINBUF_HPIOBDIFFINBUF_DIFF_IN_P_O)
                                                      0.617     0.717 r  clk_in_ibufds/DIFFINBUF_INST/O
                         net (fo=1, routed)           0.050     0.767    clk_in_ibufds/OUT
    AM15                 IBUFCTRL (Prop_IBUFCTRL_HPIOB_M_I_O)
                                                      0.000     0.767 r  clk_in_ibufds/IBUFCTRL_INST/O
                         net (fo=1, routed)           0.397     1.164    clk_in
    MMCM_X0Y0            MMCME4_ADV (Prop_MMCM_CLKIN1_CLKOUT1)
                                                     -0.127     1.037 r  clk_mmcm/CLKOUT1
                         net (fo=1, routed)           0.251     1.288    clk_100_mmcm
    BUFGCE_X0Y9          BUFGCE (Prop_BUFCE_BUFGCE_I_O)
                                                      0.028     1.316 r  clk_100_bufg/O
    X2Y5 (CLOCK_ROOT)    net (fo=1021, routed)        2.778     4.094    rst_100_sync/CLK
    SLICE_X53Y276        FDPE                                         r  rst_100_sync/sync_reg_reg[3]/C
  -------------------------------------------------------------------    -------------------
    SLICE_X53Y276        FDPE (Prop_CFF2_SLICEM_C_Q)
                                                      0.077     4.171 r  rst_100_sync/sync_reg_reg[3]/Q
                         net (fo=114, routed)         2.099     6.270    jtag_lite/inst/jtag_axi_engine_u/wr_cmd_fifo_i/inst_fifo_gen/gconvfifo.rf/grf.rf/gntv_or_sync_fifo.mem/aresetn
    SLICE_X56Y474        LUT3 (Prop_F6LUT_SLICEM_I2_O)
                                                      0.148     6.418 r  jtag_lite/inst/jtag_axi_engine_u/wr_cmd_fifo_i/inst_fifo_gen/gconvfifo.rf/grf.rf/gntv_or_sync_fifo.mem/state[1]_i_1__0/O
                         net (fo=190, routed)         1.740     8.158    jtag_lite/inst/jtag_axi_engine_u/cmd_decode_rd_channel/SR[0]
    SLICE_X60Y459        FDRE                                         r  jtag_lite/inst/jtag_axi_engine_u/cmd_decode_rd_channel/axi_tx_done_ff_reg/R
  -------------------------------------------------------------------    -------------------

                         (clock clk_100_mmcm rise edge)
                                                     10.000    10.000 r  
    AM15                                              0.000    10.000 r  clk_p (IN)
                         net (fo=0)                   0.079    10.079    clk_in_ibufds/I
    HPIOBDIFFINBUF_X0Y10 DIFFINBUF (Prop_DIFFINBUF_HPIOBDIFFINBUF_DIFF_IN_P_O)
                                                      0.507    10.586 r  clk_in_ibufds/DIFFINBUF_INST/O
                         net (fo=1, routed)           0.040    10.626    clk_in_ibufds/OUT
    AM15                 IBUFCTRL (Prop_IBUFCTRL_HPIOB_M_I_O)
                                                      0.000    10.626 r  clk_in_ibufds/IBUFCTRL_INST/O
                         net (fo=1, routed)           0.344    10.970    clk_in
    MMCM_X0Y0            MMCME4_ADV (Prop_MMCM_CLKIN1_CLKOUT1)
                                                      0.630    11.600 r  clk_mmcm/CLKOUT1
                         net (fo=1, routed)           0.220    11.820    clk_100_mmcm
    BUFGCE_X0Y9          BUFGCE (Prop_BUFCE_BUFGCE_I_O)
                                                      0.024    11.844 r  clk_100_bufg/O
    X2Y5 (CLOCK_ROOT)    net (fo=1021, routed)        2.532    14.376    jtag_lite/inst/jtag_axi_engine_u/cmd_decode_rd_channel/rd_cmd_fifo_reg_0
    SLICE_X60Y459        FDRE                                         r  jtag_lite/inst/jtag_axi_engine_u/cmd_decode_rd_channel/axi_tx_done_ff_reg/C
                         clock pessimism             -0.363    14.013    
                         clock uncertainty           -0.074    13.939    
    SLICE_X60Y459        FDRE (Setup_AFF_SLICEM_C_R)
                                                     -0.074    13.865    jtag_lite/inst/jtag_axi_engine_u/cmd_decode_rd_channel/axi_tx_done_ff_reg
  -------------------------------------------------------------------
                         required time                         13.865    
                         arrival time                          -8.158    
  -------------------------------------------------------------------
                         slack                                  5.707    





Min Delay Paths
--------------------------------------------------------------------------------------
Slack (MET) :             0.022ns  (arrival time - required time)
  Source:                 ernic_inst/inst/u_xpm_fifo_axil_wrap/xpm_fifo_axil_inst/axi_write_resp_channel.xpm_fifo_base_wrch_dut/gen_sdpram.xpm_memory_base_inst/gen_rd_b.gen_rd_b_synth_template.gen_nc_narrow_pipe.doutb_reg_reg[0]/C
                            (rising edge-triggered cell FDRE clocked by clk_100_mmcm  {rise@0.000ns fall@5.000ns period=10.000ns})
  Destination:            ernic_inst/inst/u_xpm_fifo_axil_wrap/xpm_fifo_axil_inst/axi_write_resp_channel.xpm_fifo_base_wrch_dut/gen_sdpram.xpm_memory_base_inst/gen_rd_b.gen_doutb_pipe.gen_stage.doutb_pipe_reg[0][0]/D
                            (rising edge-triggered cell FDRE clocked by clk_100_mmcm  {rise@0.000ns fall@5.000ns period=10.000ns})
  Path Group:             clk_100_mmcm
  Path Type:              Hold (Min at Slow Process Corner)
  Requirement:            0.000ns  (clk_100_mmcm rise@0.000ns - clk_100_mmcm rise@0.000ns)
  Data Path Delay:        0.159ns  (logic 0.058ns (36.478%)  route 0.101ns (63.522%))
  Logic Levels:           0  
  Clock Path Skew:        0.075ns (DCD - SCD - CPR)
    Destination Clock Delay (DCD):    4.138ns
    Source Clock Delay      (SCD):    4.367ns
    Clock Pessimism Removal (CPR):    -0.305ns
  Clock Net Delay (Source):      2.523ns (routing 1.609ns, distribution 0.914ns)
  Clock Net Delay (Destination): 2.822ns (routing 1.774ns, distribution 1.048ns)

    Location             Delay type                Incr(ns)  Path(ns)    Netlist Resource(s)
  -------------------------------------------------------------------    -------------------
                         (clock clk_100_mmcm rise edge)
                                                      0.000     0.000 r  
    AM15                                              0.000     0.000 r  clk_p (IN)
                         net (fo=0)                   0.079     0.079    clk_in_ibufds/I
    HPIOBDIFFINBUF_X0Y10 DIFFINBUF (Prop_DIFFINBUF_HPIOBDIFFINBUF_DIFF_IN_P_O)
                                                      0.507     0.586 r  clk_in_ibufds/DIFFINBUF_INST/O
                         net (fo=1, routed)           0.040     0.626    clk_in_ibufds/OUT
    AM15                 IBUFCTRL (Prop_IBUFCTRL_HPIOB_M_I_O)
                                                      0.000     0.626 r  clk_in_ibufds/IBUFCTRL_INST/O
                         net (fo=1, routed)           0.344     0.970    clk_in
    MMCM_X0Y0            MMCME4_ADV (Prop_MMCM_CLKIN1_CLKOUT1)
                                                      0.630     1.600 r  clk_mmcm/CLKOUT1
                         net (fo=1, routed)           0.220     1.820    clk_100_mmcm
    BUFGCE_X0Y9          BUFGCE (Prop_BUFCE_BUFGCE_I_O)
                                                      0.024     1.844 r  clk_100_bufg/O
    X2Y5 (CLOCK_ROOT)    net (fo=1021, routed)        2.523     4.367    ernic_inst/inst/u_xpm_fifo_axil_wrap/xpm_fifo_axil_inst/axi_write_resp_channel.xpm_fifo_base_wrch_dut/gen_sdpram.xpm_memory_base_inst/clkb
    SLICE_X49Y467        FDRE                                         r  ernic_inst/inst/u_xpm_fifo_axil_wrap/xpm_fifo_axil_inst/axi_write_resp_channel.xpm_fifo_base_wrch_dut/gen_sdpram.xpm_memory_base_inst/gen_rd_b.gen_rd_b_synth_template.gen_nc_narrow_pipe.doutb_reg_reg[0]/C
  -------------------------------------------------------------------    -------------------
    SLICE_X49Y467        FDRE (Prop_HFF_SLICEL_C_Q)
                                                      0.058     4.425 r  ernic_inst/inst/u_xpm_fifo_axil_wrap/xpm_fifo_axil_inst/axi_write_resp_channel.xpm_fifo_base_wrch_dut/gen_sdpram.xpm_memory_base_inst/gen_rd_b.gen_rd_b_synth_template.gen_nc_narrow_pipe.doutb_reg_reg[0]/Q
                         net (fo=1, routed)           0.101     4.526    ernic_inst/inst/u_xpm_fifo_axil_wrap/xpm_fifo_axil_inst/axi_write_resp_channel.xpm_fifo_base_wrch_dut/gen_sdpram.xpm_memory_base_inst/gen_rd_b.gen_rd_b_synth_template.gen_nc_narrow_pipe.doutb_reg_reg[0]
    SLICE_X50Y468        FDRE                                         r  ernic_inst/inst/u_xpm_fifo_axil_wrap/xpm_fifo_axil_inst/axi_write_resp_channel.xpm_fifo_base_wrch_dut/gen_sdpram.xpm_memory_base_inst/gen_rd_b.gen_doutb_pipe.gen_stage.doutb_pipe_reg[0][0]/D
  -------------------------------------------------------------------    -------------------

                         (clock clk_100_mmcm rise edge)
                                                      0.000     0.000 r  
    AM15                                              0.000     0.000 r  clk_p (IN)
                         net (fo=0)                   0.100     0.100    clk_in_ibufds/I
    HPIOBDIFFINBUF_X0Y10 DIFFINBUF (Prop_DIFFINBUF_HPIOBDIFFINBUF_DIFF_IN_P_O)
                                                      0.617     0.717 r  clk_in_ibufds/DIFFINBUF_INST/O
                         net (fo=1, routed)           0.050     0.767    clk_in_ibufds/OUT
    AM15                 IBUFCTRL (Prop_IBUFCTRL_HPIOB_M_I_O)
                                                      0.000     0.767 r  clk_in_ibufds/IBUFCTRL_INST/O
                         net (fo=1, routed)           0.397     1.164    clk_in
    MMCM_X0Y0            MMCME4_ADV (Prop_MMCM_CLKIN1_CLKOUT1)
                                                     -0.127     1.037 r  clk_mmcm/CLKOUT1
                         net (fo=1, routed)           0.251     1.288    clk_100_mmcm
    BUFGCE_X0Y9          BUFGCE (Prop_BUFCE_BUFGCE_I_O)
                                                      0.028     1.316 r  clk_100_bufg/O
    X2Y5 (CLOCK_ROOT)    net (fo=1021, routed)        2.822     4.138    ernic_inst/inst/u_xpm_fifo_axil_wrap/xpm_fifo_axil_inst/axi_write_resp_channel.xpm_fifo_base_wrch_dut/gen_sdpram.xpm_memory_base_inst/clkb
    SLICE_X50Y468        FDRE                                         r  ernic_inst/inst/u_xpm_fifo_axil_wrap/xpm_fifo_axil_inst/axi_write_resp_channel.xpm_fifo_base_wrch_dut/gen_sdpram.xpm_memory_base_inst/gen_rd_b.gen_doutb_pipe.gen_stage.doutb_pipe_reg[0][0]/C
                         clock pessimism              0.305     4.442    
    SLICE_X50Y468        FDRE (Hold_DFF2_SLICEL_C_D)
                                                      0.062     4.504    ernic_inst/inst/u_xpm_fifo_axil_wrap/xpm_fifo_axil_inst/axi_write_resp_channel.xpm_fifo_base_wrch_dut/gen_sdpram.xpm_memory_base_inst/gen_rd_b.gen_doutb_pipe.gen_stage.doutb_pipe_reg[0][0]
  -------------------------------------------------------------------
                         required time                         -4.504    
                         arrival time                           4.526    
  -------------------------------------------------------------------
                         slack                                  0.022    





Pulse Width Checks
--------------------------------------------------------------------------------------
Clock Name:         clk_100_mmcm
Waveform(ns):       { 0.000 5.000 }
Period(ns):         10.000
Sources:            { clk_mmcm/CLKOUT1 }

Check Type        Corner  Lib Pin             Reference Pin  Required(ns)  Actual(ns)  Slack(ns)  Location      Pin
Min Period        n/a     RAMB36E2/CLKARDCLK  n/a            1.355         10.000      8.645      RAMB36_X6Y94  jtag_lite/inst/jtag_axi_engine_u/rd_cmd_fifo_i/inst_fifo_gen/gconvfifo.rf/grf.rf/gntv_or_sync_fifo.mem/gbm.gbmg.gbmga.ngecc.bmg/inst_blk_mem_gen/gnbram.gnativebmg.native_blk_mem_gen/valid.cstr/ramloop[0].ram.r/prim_noinit.ram/DEVICE_8SERIES.NO_BMM_INFO.SDP.WIDE_PRIM36_NO_ECC.ram/CLKARDCLK
Low Pulse Width   Slow    RAMB36E2/CLKARDCLK  n/a            0.542         5.000       4.458      RAMB36_X6Y94  jtag_lite/inst/jtag_axi_engine_u/rd_cmd_fifo_i/inst_fifo_gen/gconvfifo.rf/grf.rf/gntv_or_sync_fifo.mem/gbm.gbmg.gbmga.ngecc.bmg/inst_blk_mem_gen/gnbram.gnativebmg.native_blk_mem_gen/valid.cstr/ramloop[0].ram.r/prim_noinit.ram/DEVICE_8SERIES.NO_BMM_INFO.SDP.WIDE_PRIM36_NO_ECC.ram/CLKARDCLK
High Pulse Width  Slow    RAMB36E2/CLKARDCLK  n/a            0.542         5.000       4.458      RAMB36_X6Y94  jtag_lite/inst/jtag_axi_engine_u/rd_cmd_fifo_i/inst_fifo_gen/gconvfifo.rf/grf.rf/gntv_or_sync_fifo.mem/gbm.gbmg.gbmga.ngecc.bmg/inst_blk_mem_gen/gnbram.gnativebmg.native_blk_mem_gen/valid.cstr/ramloop[0].ram.r/prim_noinit.ram/DEVICE_8SERIES.NO_BMM_INFO.SDP.WIDE_PRIM36_NO_ECC.ram/CLKARDCLK



---------------------------------------------------------------------------------------------------
From Clock:  clk_125_mmcm
  To Clock:  clk_125_mmcm

Setup :            0  Failing Endpoints,  Worst Slack        5.933ns,  Total Violation        0.000ns
Hold  :            0  Failing Endpoints,  Worst Slack        0.039ns,  Total Violation        0.000ns
PW    :            0  Failing Endpoints,  Worst Slack        3.725ns,  Total Violation        0.000ns
---------------------------------------------------------------------------------------------------


Max Delay Paths
--------------------------------------------------------------------------------------
Slack (MET) :             5.933ns  (required time - arrival time)
  Source:                 cmac_inst/inst/master_watchdog_reg[21]/C
                            (rising edge-triggered cell FDRE clocked by clk_125_mmcm  {rise@0.000ns fall@4.000ns period=8.000ns})
  Destination:            cmac_inst/inst/master_watchdog_reg[24]/S
                            (rising edge-triggered cell FDSE clocked by clk_125_mmcm  {rise@0.000ns fall@4.000ns period=8.000ns})
  Path Group:             clk_125_mmcm
  Path Type:              Setup (Max at Slow Process Corner)
  Requirement:            8.000ns  (clk_125_mmcm rise@8.000ns - clk_125_mmcm rise@0.000ns)
  Data Path Delay:        1.881ns  (logic 0.378ns (20.097%)  route 1.503ns (79.903%))
  Logic Levels:           3  (LUT4=1 LUT5=1 LUT6=1)
  Clock Path Skew:        -0.041ns (DCD - SCD + CPR)
    Destination Clock Delay (DCD):    4.384ns = ( 12.384 - 8.000 ) 
    Source Clock Delay      (SCD):    4.165ns
    Clock Pessimism Removal (CPR):    -0.260ns
  Clock Uncertainty:      0.071ns  ((TSJ^2 + DJ^2)^1/2) / 2 + PE
    Total System Jitter     (TSJ):    0.071ns
    Discrete Jitter          (DJ):    0.124ns
    Phase Error              (PE):    0.000ns
  Clock Net Delay (Source):      2.853ns (routing 2.022ns, distribution 0.831ns)
  Clock Net Delay (Destination): 2.544ns (routing 1.839ns, distribution 0.705ns)

    Location             Delay type                Incr(ns)  Path(ns)    Netlist Resource(s)
  -------------------------------------------------------------------    -------------------
                         (clock clk_125_mmcm rise edge)
                                                      0.000     0.000 r  
    AM15                                              0.000     0.000 r  clk_p (IN)
                         net (fo=0)                   0.100     0.100    clk_in_ibufds/I
    HPIOBDIFFINBUF_X0Y10 DIFFINBUF (Prop_DIFFINBUF_HPIOBDIFFINBUF_DIFF_IN_P_O)
                                                      0.617     0.717 r  clk_in_ibufds/DIFFINBUF_INST/O
                         net (fo=1, routed)           0.050     0.767    clk_in_ibufds/OUT
    AM15                 IBUFCTRL (Prop_IBUFCTRL_HPIOB_M_I_O)
                                                      0.000     0.767 r  clk_in_ibufds/IBUFCTRL_INST/O
                         net (fo=1, routed)           0.397     1.164    clk_in
    MMCM_X0Y0            MMCME4_ADV (Prop_MMCM_CLKIN1_CLKOUT2)
                                                     -0.127     1.037 r  clk_mmcm/CLKOUT2
                         net (fo=1, routed)           0.247     1.284    clk_125_mmcm
    BUFGCE_X0Y2          BUFGCE (Prop_BUFCE_BUFGCE_I_O)
                                                      0.028     1.312 r  clk_125_bufg/O
    X0Y3 (CLOCK_ROOT)    net (fo=259, routed)         2.853     4.165    cmac_inst/inst/init_clk
    SLICE_X5Y184         FDRE                                         r  cmac_inst/inst/master_watchdog_reg[21]/C
  -------------------------------------------------------------------    -------------------
    SLICE_X5Y184         FDRE (Prop_FFF_SLICEM_C_Q)
                                                      0.076     4.241 f  cmac_inst/inst/master_watchdog_reg[21]/Q
                         net (fo=2, routed)           0.259     4.500    cmac_inst/inst/i_cmac_usplus_0_cmac_cdc_sync_tx_reset_done_init_clk/master_watchdog_reg[21]
    SLICE_X5Y185         LUT6 (Prop_H6LUT_SLICEM_I2_O)
                                                      0.125     4.625 r  cmac_inst/inst/i_cmac_usplus_0_cmac_cdc_sync_tx_reset_done_init_clk/master_watchdog_barking_i_6/O
                         net (fo=1, routed)           0.133     4.758    cmac_inst/inst/i_cmac_usplus_0_cmac_cdc_sync_tx_reset_done_init_clk/master_watchdog_barking_i_6_n_0
    SLICE_X4Y184         LUT5 (Prop_G6LUT_SLICEL_I4_O)
                                                      0.089     4.847 r  cmac_inst/inst/i_cmac_usplus_0_cmac_cdc_sync_tx_reset_done_init_clk/master_watchdog_barking_i_1/O
                         net (fo=2, routed)           0.495     5.342    cmac_inst/inst/i_cmac_usplus_0_cmac_cdc_sync_tx_reset_done_init_clk/master_watchdog_reg_2_sn_1
    SLICE_X3Y194         LUT4 (Prop_C6LUT_SLICEL_I0_O)
                                                      0.088     5.430 r  cmac_inst/inst/i_cmac_usplus_0_cmac_cdc_sync_tx_reset_done_init_clk/master_watchdog[0]_i_1/O
                         net (fo=27, routed)          0.616     6.046    cmac_inst/inst/master_watchdog0
    SLICE_X5Y185         FDSE                                         r  cmac_inst/inst/master_watchdog_reg[24]/S
  -------------------------------------------------------------------    -------------------

                         (clock clk_125_mmcm rise edge)
                                                      8.000     8.000 r  
    AM15                                              0.000     8.000 r  clk_p (IN)
                         net (fo=0)                   0.079     8.079    clk_in_ibufds/I
    HPIOBDIFFINBUF_X0Y10 DIFFINBUF (Prop_DIFFINBUF_HPIOBDIFFINBUF_DIFF_IN_P_O)
                                                      0.507     8.586 r  clk_in_ibufds/DIFFINBUF_INST/O
                         net (fo=1, routed)           0.040     8.626    clk_in_ibufds/OUT
    AM15                 IBUFCTRL (Prop_IBUFCTRL_HPIOB_M_I_O)
                                                      0.000     8.626 r  clk_in_ibufds/IBUFCTRL_INST/O
                         net (fo=1, routed)           0.344     8.970    clk_in
    MMCM_X0Y0            MMCME4_ADV (Prop_MMCM_CLKIN1_CLKOUT2)
                                                      0.630     9.600 r  clk_mmcm/CLKOUT2
                         net (fo=1, routed)           0.216     9.816    clk_125_mmcm
    BUFGCE_X0Y2          BUFGCE (Prop_BUFCE_BUFGCE_I_O)
                                                      0.024     9.840 r  clk_125_bufg/O
    X0Y3 (CLOCK_ROOT)    net (fo=259, routed)         2.544    12.384    cmac_inst/inst/init_clk
    SLICE_X5Y185         FDSE                                         r  cmac_inst/inst/master_watchdog_reg[24]/C
                         clock pessimism             -0.260    12.124    
                         clock uncertainty           -0.071    12.053    
    SLICE_X5Y185         FDSE (Setup_AFF_SLICEM_C_S)
                                                     -0.074    11.979    cmac_inst/inst/master_watchdog_reg[24]
  -------------------------------------------------------------------
                         required time                         11.979    
                         arrival time                          -6.046    
  -------------------------------------------------------------------
                         slack                                  5.933    





Min Delay Paths
--------------------------------------------------------------------------------------
Slack (MET) :             0.039ns  (arrival time - required time)
  Source:                 cmac_inst/inst/cmac_usplus_0_gt_i/inst/gen_gtwizard_gtye4_top.cmac_usplus_0_gt_gtwizard_gtye4_inst/gen_gtwizard_gtye4.gen_reset_controller_internal.gen_single_instance.gtwiz_reset_inst/reset_synchronizer_gtwiz_reset_tx_pll_and_datapath_inst/rst_in_sync3_reg/C
                            (rising edge-triggered cell FDPE clocked by clk_125_mmcm  {rise@0.000ns fall@4.000ns period=8.000ns})
  Destination:            cmac_inst/inst/cmac_usplus_0_gt_i/inst/gen_gtwizard_gtye4_top.cmac_usplus_0_gt_gtwizard_gtye4_inst/gen_gtwizard_gtye4.gen_reset_controller_internal.gen_single_instance.gtwiz_reset_inst/reset_synchronizer_gtwiz_reset_tx_pll_and_datapath_inst/rst_in_out_reg/D
                            (rising edge-triggered cell FDPE clocked by clk_125_mmcm  {rise@0.000ns fall@4.000ns period=8.000ns})
  Path Group:             clk_125_mmcm
  Path Type:              Hold (Min at Slow Process Corner)
  Requirement:            0.000ns  (clk_125_mmcm rise@0.000ns - clk_125_mmcm rise@0.000ns)
  Data Path Delay:        0.209ns  (logic 0.059ns (28.230%)  route 0.150ns (71.770%))
  Logic Levels:           0  
  Clock Path Skew:        0.110ns (DCD - SCD - CPR)
    Destination Clock Delay (DCD):    4.177ns
    Source Clock Delay      (SCD):    4.377ns
    Clock Pessimism Removal (CPR):    -0.309ns
  Clock Net Delay (Source):      2.537ns (routing 1.839ns, distribution 0.698ns)
  Clock Net Delay (Destination): 2.866ns (routing 2.022ns, distribution 0.844ns)

    Location             Delay type                Incr(ns)  Path(ns)    Netlist Resource(s)
  -------------------------------------------------------------------    -------------------
                         (clock clk_125_mmcm rise edge)
                                                      0.000     0.000 r  
    AM15                                              0.000     0.000 r  clk_p (IN)
                         net (fo=0)                   0.079     0.079    clk_in_ibufds/I
    HPIOBDIFFINBUF_X0Y10 DIFFINBUF (Prop_DIFFINBUF_HPIOBDIFFINBUF_DIFF_IN_P_O)
                                                      0.507     0.586 r  clk_in_ibufds/DIFFINBUF_INST/O
                         net (fo=1, routed)           0.040     0.626    clk_in_ibufds/OUT
    AM15                 IBUFCTRL (Prop_IBUFCTRL_HPIOB_M_I_O)
                                                      0.000     0.626 r  clk_in_ibufds/IBUFCTRL_INST/O
                         net (fo=1, routed)           0.344     0.970    clk_in
    MMCM_X0Y0            MMCME4_ADV (Prop_MMCM_CLKIN1_CLKOUT2)
                                                      0.630     1.600 r  clk_mmcm/CLKOUT2
                         net (fo=1, routed)           0.216     1.816    clk_125_mmcm
    BUFGCE_X0Y2          BUFGCE (Prop_BUFCE_BUFGCE_I_O)
                                                      0.024     1.840 r  clk_125_bufg/O
    X0Y3 (CLOCK_ROOT)    net (fo=259, routed)         2.537     4.377    cmac_inst/inst/cmac_usplus_0_gt_i/inst/gen_gtwizard_gtye4_top.cmac_usplus_0_gt_gtwizard_gtye4_inst/gen_gtwizard_gtye4.gen_reset_controller_internal.gen_single_instance.gtwiz_reset_inst/reset_synchronizer_gtwiz_reset_tx_pll_and_datapath_inst/gtwiz_reset_clk_freerun_in[0]
    SLICE_X3Y194         FDPE                                         r  cmac_inst/inst/cmac_usplus_0_gt_i/inst/gen_gtwizard_gtye4_top.cmac_usplus_0_gt_gtwizard_gtye4_inst/gen_gtwizard_gtye4.gen_reset_controller_internal.gen_single_instance.gtwiz_reset_inst/reset_synchronizer_gtwiz_reset_tx_pll_and_datapath_inst/rst_in_sync3_reg/C
  -------------------------------------------------------------------    -------------------
    SLICE_X3Y194         FDPE (Prop_CFF2_SLICEL_C_Q)
                                                      0.059     4.436 r  cmac_inst/inst/cmac_usplus_0_gt_i/inst/gen_gtwizard_gtye4_top.cmac_usplus_0_gt_gtwizard_gtye4_inst/gen_gtwizard_gtye4.gen_reset_controller_internal.gen_single_instance.gtwiz_reset_inst/reset_synchronizer_gtwiz_reset_tx_pll_and_datapath_inst/rst_in_sync3_reg/Q
                         net (fo=1, routed)           0.150     4.586    cmac_inst/inst/cmac_usplus_0_gt_i/inst/gen_gtwizard_gtye4_top.cmac_usplus_0_gt_gtwizard_gtye4_inst/gen_gtwizard_gtye4.gen_reset_controller_internal.gen_single_instance.gtwiz_reset_inst/reset_synchronizer_gtwiz_reset_tx_pll_and_datapath_inst/rst_in_sync3
    SLICE_X2Y194         FDPE                                         r  cmac_inst/inst/cmac_usplus_0_gt_i/inst/gen_gtwizard_gtye4_top.cmac_usplus_0_gt_gtwizard_gtye4_inst/gen_gtwizard_gtye4.gen_reset_controller_internal.gen_single_instance.gtwiz_reset_inst/reset_synchronizer_gtwiz_reset_tx_pll_and_datapath_inst/rst_in_out_reg/D
  -------------------------------------------------------------------    -------------------

                         (clock clk_125_mmcm rise edge)
                                                      0.000     0.000 r  
    AM15                                              0.000     0.000 r  clk_p (IN)
                         net (fo=0)                   0.100     0.100    clk_in_ibufds/I
    HPIOBDIFFINBUF_X0Y10 DIFFINBUF (Prop_DIFFINBUF_HPIOBDIFFINBUF_DIFF_IN_P_O)
                                                      0.617     0.717 r  clk_in_ibufds/DIFFINBUF_INST/O
                         net (fo=1, routed)           0.050     0.767    clk_in_ibufds/OUT
    AM15                 IBUFCTRL (Prop_IBUFCTRL_HPIOB_M_I_O)
                                                      0.000     0.767 r  clk_in_ibufds/IBUFCTRL_INST/O
                         net (fo=1, routed)           0.397     1.164    clk_in
    MMCM_X0Y0            MMCME4_ADV (Prop_MMCM_CLKIN1_CLKOUT2)
                                                     -0.127     1.037 r  clk_mmcm/CLKOUT2
                         net (fo=1, routed)           0.247     1.284    clk_125_mmcm
    BUFGCE_X0Y2          BUFGCE (Prop_BUFCE_BUFGCE_I_O)
                                                      0.028     1.312 r  clk_125_bufg/O
    X0Y3 (CLOCK_ROOT)    net (fo=259, routed)         2.866     4.177    cmac_inst/inst/cmac_usplus_0_gt_i/inst/gen_gtwizard_gtye4_top.cmac_usplus_0_gt_gtwizard_gtye4_inst/gen_gtwizard_gtye4.gen_reset_controller_internal.gen_single_instance.gtwiz_reset_inst/reset_synchronizer_gtwiz_reset_tx_pll_and_datapath_inst/gtwiz_reset_clk_freerun_in[0]
    SLICE_X2Y194         FDPE                                         r  cmac_inst/inst/cmac_usplus_0_gt_i/inst/gen_gtwizard_gtye4_top.cmac_usplus_0_gt_gtwizard_gtye4_inst/gen_gtwizard_gtye4.gen_reset_controller_internal.gen_single_instance.gtwiz_reset_inst/reset_synchronizer_gtwiz_reset_tx_pll_and_datapath_inst/rst_in_out_reg/C
                         clock pessimism              0.309     4.486    
    SLICE_X2Y194         FDPE (Hold_EFF_SLICEL_C_D)
                                                      0.060     4.546    cmac_inst/inst/cmac_usplus_0_gt_i/inst/gen_gtwizard_gtye4_top.cmac_usplus_0_gt_gtwizard_gtye4_inst/gen_gtwizard_gtye4.gen_reset_controller_internal.gen_single_instance.gtwiz_reset_inst/reset_synchronizer_gtwiz_reset_tx_pll_and_datapath_inst/rst_in_out_reg
  -------------------------------------------------------------------
                         required time                         -4.546    
                         arrival time                           4.586    
  -------------------------------------------------------------------
                         slack                                  0.039    





Pulse Width Checks
--------------------------------------------------------------------------------------
Clock Name:         clk_125_mmcm
Waveform(ns):       { 0.000 4.000 }
Period(ns):         8.000
Sources:            { clk_mmcm/CLKOUT2 }

Check Type        Corner  Lib Pin   Reference Pin  Required(ns)  Actual(ns)  Slack(ns)  Location      Pin
Min Period        n/a     BUFGCE/I  n/a            1.290         8.000       6.710      BUFGCE_X0Y2   clk_125_bufg/I
Low Pulse Width   Slow    FDRE/C    n/a            0.275         4.000       3.725      SLICE_X2Y194  cmac_inst/inst/master_watchdog_barking_reg/C
High Pulse Width  Slow    FDRE/C    n/a            0.275         4.000       3.725      SLICE_X2Y194  cmac_inst/inst/master_watchdog_barking_reg/C



---------------------------------------------------------------------------------------------------
From Clock:  clk_200_mmcm
  To Clock:  clk_200_mmcm

Setup :            0  Failing Endpoints,  Worst Slack        0.001ns,  Total Violation        0.000ns
Hold  :            0  Failing Endpoints,  Worst Slack        0.006ns,  Total Violation        0.000ns
PW    :            0  Failing Endpoints,  Worst Slack        1.800ns,  Total Violation        0.000ns
---------------------------------------------------------------------------------------------------


Max Delay Paths
--------------------------------------------------------------------------------------
Slack (MET) :             0.001ns  (required time - arrival time)
  Source:                 ernic_inst/inst/wqe_proc_top_inst/ack_buf_inst/EN_RD_WR_MIDDLE.wr_ptr_buf_wr_addr_reg[0]/C
                            (rising edge-triggered cell FDRE clocked by clk_200_mmcm  {rise@0.000ns fall@2.500ns period=5.000ns})
  Destination:            ernic_inst/inst/u_rx_pkt_handler/u_rx_req_hdr_val/req_pkt_desc_fifo_dout_hold_reg[23]/CE
                            (rising edge-triggered cell FDRE clocked by clk_200_mmcm  {rise@0.000ns fall@2.500ns period=5.000ns})
  Path Group:             clk_200_mmcm
  Path Type:              Setup (Max at Slow Process Corner)
  Requirement:            5.000ns  (clk_200_mmcm rise@5.000ns - clk_200_mmcm rise@0.000ns)
  Data Path Delay:        5.077ns  (logic 0.581ns (11.443%)  route 4.496ns (88.557%))
  Logic Levels:           7  (LUT3=1 LUT4=1 LUT5=1 LUT6=4)
  Clock Path Skew:        0.206ns (DCD - SCD + CPR)
    Destination Clock Delay (DCD):    4.777ns = ( 9.777 - 5.000 ) 
    Source Clock Delay      (SCD):    4.177ns
    Clock Pessimism Removal (CPR):    -0.394ns
  Clock Uncertainty:      0.067ns  ((TSJ^2 + DJ^2)^1/2) / 2 + PE
    Total System Jitter     (TSJ):    0.071ns
    Discrete Jitter          (DJ):    0.113ns
    Phase Error              (PE):    0.000ns
  Clock Net Delay (Source):      2.867ns (routing 1.485ns, distribution 1.382ns)
  Clock Net Delay (Destination): 2.937ns (routing 1.349ns, distribution 1.588ns)

    Location             Delay type                Incr(ns)  Path(ns)    Netlist Resource(s)
  -------------------------------------------------------------------    -------------------
                         (clock clk_200_mmcm rise edge)
                                                      0.000     0.000 r  
    AM15                                              0.000     0.000 r  clk_p (IN)
                         net (fo=0)                   0.100     0.100    clk_in_ibufds/I
    HPIOBDIFFINBUF_X0Y10 DIFFINBUF (Prop_DIFFINBUF_HPIOBDIFFINBUF_DIFF_IN_P_O)
                                                      0.617     0.717 r  clk_in_ibufds/DIFFINBUF_INST/O
                         net (fo=1, routed)           0.050     0.767    clk_in_ibufds/OUT
    AM15                 IBUFCTRL (Prop_IBUFCTRL_HPIOB_M_I_O)
                                                      0.000     0.767 r  clk_in_ibufds/IBUFCTRL_INST/O
                         net (fo=1, routed)           0.397     1.164    clk_in
    MMCM_X0Y0            MMCME4_ADV (Prop_MMCM_CLKIN1_CLKOUT0)
                                                     -0.127     1.037 r  clk_mmcm/CLKOUT0
                         net (fo=1, routed)           0.245     1.282    clk_200_mmcm
    BUFGCE_X0Y23         BUFGCE (Prop_BUFCE_BUFGCE_I_O)
                                                      0.028     1.310 r  clk_200_bufg/O
    X2Y4 (CLOCK_ROOT)    net (fo=59191, routed)       2.867     4.177    ernic_inst/inst/wqe_proc_top_inst/ack_buf_inst/m_axi_aclk
    SLICE_X38Y272        FDRE                                         r  ernic_inst/inst/wqe_proc_top_inst/ack_buf_inst/EN_RD_WR_MIDDLE.wr_ptr_buf_wr_addr_reg[0]/C
  -------------------------------------------------------------------    -------------------
    SLICE_X38Y272        FDRE (Prop_EFF_SLICEL_C_Q)
                                                      0.079     4.256 r  ernic_inst/inst/wqe_proc_top_inst/ack_buf_inst/EN_RD_WR_MIDDLE.wr_ptr_buf_wr_addr_reg[0]/Q
                         net (fo=6, routed)           1.294     5.550    ernic_inst/inst/wqe_proc_top_inst/ack_buf_inst/EN_RD_WR_MIDDLE.wr_ptr_buf_wr_addr_reg[2]_0[0]
    SLICE_X38Y342        LUT4 (Prop_E5LUT_SLICEL_I0_O)
                                                      0.101     5.651 r  ernic_inst/inst/wqe_proc_top_inst/ack_buf_inst/c1d[qp_number][2]_i_21/O
                         net (fo=2, routed)           0.983     6.633    ernic_inst/inst/wqe_proc_top_inst/ack_buf_inst/c1d[qp_number][2]_i_21_n_0
    SLICE_X30Y383        LUT3 (Prop_G6LUT_SLICEM_I2_O)
                                                      0.037     6.670 r  ernic_inst/inst/wqe_proc_top_inst/ack_buf_inst/rd_req_fifo_full_set_r_i_6_replica_comp/O
                         net (fo=1, routed)           0.511     7.181    ernic_inst/inst/wqe_proc_top_inst/ack_buf_inst/rd_req_fifo_full_set_r_i_6_n_0_repN_2
    SLICE_X30Y383        LUT6 (Prop_F6LUT_SLICEM_I5_O)
                                                      0.098     7.279 f  ernic_inst/inst/wqe_proc_top_inst/ack_buf_inst/c1d[qp_number][2]_i_17_replica_rewire_rewire_comp/O
                         net (fo=1, routed)           0.090     7.369    ernic_inst/inst/wqe_proc_top_inst/ack_buf_inst/c1d[qp_number][2]_i_17_n_0_repN
    SLICE_X30Y385        LUT5 (Prop_F6LUT_SLICEM_I1_O)
                                                      0.088     7.457 f  ernic_inst/inst/wqe_proc_top_inst/ack_buf_inst/c1d[qp_number][2]_i_12/O
                         net (fo=1, routed)           0.042     7.499    ernic_inst/inst/u_rx_pkt_handler/u_rx_req_hdr_val/c3d_reg[c2d][c1d][ecn_update_flg]_0
    SLICE_X30Y385        LUT6 (Prop_H6LUT_SLICEM_I2_O)
                                                      0.039     7.538 f  ernic_inst/inst/u_rx_pkt_handler/u_rx_req_hdr_val/c1d[qp_number][2]_i_6/O
                         net (fo=11, routed)          0.439     7.978    ernic_inst/inst/u_rx_pkt_handler/u_rx_req_hdr_val/c1d[qp_number][2]_i_6_n_0
    SLICE_X22Y400        LUT6 (Prop_F6LUT_SLICEL_I4_O)
                                                      0.089     8.067 r  ernic_inst/inst/u_rx_pkt_handler/u_rx_req_hdr_val/c1d[qp_number][2]_i_2_replica_3/O
                         net (fo=16, routed)          0.605     8.672    ernic_inst/inst/u_rx_pkt_handler/u_rx_req_hdr_val/E[0]_repN_4
    SLICE_X14Y426        LUT6 (Prop_A6LUT_SLICEL_I1_O)
                                                      0.050     8.722 r  ernic_inst/inst/u_rx_pkt_handler/u_rx_req_hdr_val/req_pkt_desc_fifo_dout_hold[25]_i_1/O
                         net (fo=27, routed)          0.532     9.254    ernic_inst/inst/u_rx_pkt_handler/u_rx_req_hdr_val/rd_req_pkt_desc_fifo0
    SLICE_X11Y434        FDRE                                         r  ernic_inst/inst/u_rx_pkt_handler/u_rx_req_hdr_val/req_pkt_desc_fifo_dout_hold_reg[23]/CE
  -------------------------------------------------------------------    -------------------

                         (clock clk_200_mmcm rise edge)
                                                      5.000     5.000 r  
    AM15                                              0.000     5.000 r  clk_p (IN)
                         net (fo=0)                   0.079     5.079    clk_in_ibufds/I
    HPIOBDIFFINBUF_X0Y10 DIFFINBUF (Prop_DIFFINBUF_HPIOBDIFFINBUF_DIFF_IN_P_O)
                                                      0.507     5.586 r  clk_in_ibufds/DIFFINBUF_INST/O
                         net (fo=1, routed)           0.040     5.626    clk_in_ibufds/OUT
    AM15                 IBUFCTRL (Prop_IBUFCTRL_HPIOB_M_I_O)
                                                      0.000     5.626 r  clk_in_ibufds/IBUFCTRL_INST/O
                         net (fo=1, routed)           0.344     5.970    clk_in
    MMCM_X0Y0            MMCME4_ADV (Prop_MMCM_CLKIN1_CLKOUT0)
                                                      0.630     6.600 r  clk_mmcm/CLKOUT0
                         net (fo=1, routed)           0.216     6.816    clk_200_mmcm
    BUFGCE_X0Y23         BUFGCE (Prop_BUFCE_BUFGCE_I_O)
                                                      0.024     6.840 r  clk_200_bufg/O
    X2Y4 (CLOCK_ROOT)    net (fo=59191, routed)       2.937     9.777    ernic_inst/inst/u_rx_pkt_handler/u_rx_req_hdr_val/m_axi_aclk
    SLICE_X11Y434        FDRE                                         r  ernic_inst/inst/u_rx_pkt_handler/u_rx_req_hdr_val/req_pkt_desc_fifo_dout_hold_reg[23]/C
                         clock pessimism             -0.394     9.382    
                         clock uncertainty           -0.067     9.316    
    SLICE_X11Y434        FDRE (Setup_HFF2_SLICEM_C_CE)
                                                     -0.061     9.255    ernic_inst/inst/u_rx_pkt_handler/u_rx_req_hdr_val/req_pkt_desc_fifo_dout_hold_reg[23]
  -------------------------------------------------------------------
                         required time                          9.255    
                         arrival time                          -9.254    
  -------------------------------------------------------------------
                         slack                                  0.001    





Min Delay Paths
--------------------------------------------------------------------------------------
Slack (MET) :             0.006ns  (arrival time - required time)
  Source:                 ernic_inst/inst/u_rx_pkt_handler/u_rx_req_hdr_val/c2d_reg[c1d][reth_dmalen][24]/C
                            (rising edge-triggered cell FDRE clocked by clk_200_mmcm  {rise@0.000ns fall@2.500ns period=5.000ns})
  Destination:            ernic_inst/inst/u_rx_pkt_handler/u_rx_req_hdr_val/c3d_reg[c2d][c1d][reth_dmalen][24]/D
                            (rising edge-triggered cell FDRE clocked by clk_200_mmcm  {rise@0.000ns fall@2.500ns period=5.000ns})
  Path Group:             clk_200_mmcm
  Path Type:              Hold (Min at Slow Process Corner)
  Requirement:            0.000ns  (clk_200_mmcm rise@0.000ns - clk_200_mmcm rise@0.000ns)
  Data Path Delay:        0.334ns  (logic 0.060ns (17.942%)  route 0.274ns (82.058%))
  Logic Levels:           0  
  Clock Path Skew:        0.266ns (DCD - SCD - CPR)
    Destination Clock Delay (DCD):    4.589ns
    Source Clock Delay      (SCD):    4.691ns
    Clock Pessimism Removal (CPR):    -0.368ns
  Clock Net Delay (Source):      2.851ns (routing 1.349ns, distribution 1.502ns)
  Clock Net Delay (Destination): 3.279ns (routing 1.485ns, distribution 1.794ns)

    Location             Delay type                Incr(ns)  Path(ns)    Netlist Resource(s)
  -------------------------------------------------------------------    -------------------
                         (clock clk_200_mmcm rise edge)
                                                      0.000     0.000 r  
    AM15                                              0.000     0.000 r  clk_p (IN)
                         net (fo=0)                   0.079     0.079    clk_in_ibufds/I
    HPIOBDIFFINBUF_X0Y10 DIFFINBUF (Prop_DIFFINBUF_HPIOBDIFFINBUF_DIFF_IN_P_O)
                                                      0.507     0.586 r  clk_in_ibufds/DIFFINBUF_INST/O
                         net (fo=1, routed)           0.040     0.626    clk_in_ibufds/OUT
    AM15                 IBUFCTRL (Prop_IBUFCTRL_HPIOB_M_I_O)
                                                      0.000     0.626 r  clk_in_ibufds/IBUFCTRL_INST/O
                         net (fo=1, routed)           0.344     0.970    clk_in
    MMCM_X0Y0            MMCME4_ADV (Prop_MMCM_CLKIN1_CLKOUT0)
                                                      0.630     1.600 r  clk_mmcm/CLKOUT0
                         net (fo=1, routed)           0.216     1.816    clk_200_mmcm
    BUFGCE_X0Y23         BUFGCE (Prop_BUFCE_BUFGCE_I_O)
                                                      0.024     1.840 r  clk_200_bufg/O
    X2Y4 (CLOCK_ROOT)    net (fo=59191, routed)       2.851     4.691    ernic_inst/inst/u_rx_pkt_handler/u_rx_req_hdr_val/m_axi_aclk
    SLICE_X13Y419        FDRE                                         r  ernic_inst/inst/u_rx_pkt_handler/u_rx_req_hdr_val/c2d_reg[c1d][reth_dmalen][24]/C
  -------------------------------------------------------------------    -------------------
    SLICE_X13Y419        FDRE (Prop_FFF2_SLICEM_C_Q)
                                                      0.060     4.751 r  ernic_inst/inst/u_rx_pkt_handler/u_rx_req_hdr_val/c2d_reg[c1d][reth_dmalen][24]/Q
                         net (fo=2, routed)           0.274     5.025    ernic_inst/inst/u_rx_pkt_handler/u_rx_req_hdr_val/c2d_reg[c1d][reth_dmalen][24]
    SLICE_X11Y421        FDRE                                         r  ernic_inst/inst/u_rx_pkt_handler/u_rx_req_hdr_val/c3d_reg[c2d][c1d][reth_dmalen][24]/D
  -------------------------------------------------------------------    -------------------

                         (clock clk_200_mmcm rise edge)
                                                      0.000     0.000 r  
    AM15                                              0.000     0.000 r  clk_p (IN)
                         net (fo=0)                   0.100     0.100    clk_in_ibufds/I
    HPIOBDIFFINBUF_X0Y10 DIFFINBUF (Prop_DIFFINBUF_HPIOBDIFFINBUF_DIFF_IN_P_O)
                                                      0.617     0.717 r  clk_in_ibufds/DIFFINBUF_INST/O
                         net (fo=1, routed)           0.050     0.767    clk_in_ibufds/OUT
    AM15                 IBUFCTRL (Prop_IBUFCTRL_HPIOB_M_I_O)
                                                      0.000     0.767 r  clk_in_ibufds/IBUFCTRL_INST/O
                         net (fo=1, routed)           0.397     1.164    clk_in
    MMCM_X0Y0            MMCME4_ADV (Prop_MMCM_CLKIN1_CLKOUT0)
                                                     -0.127     1.037 r  clk_mmcm/CLKOUT0
                         net (fo=1, routed)           0.245     1.282    clk_200_mmcm
    BUFGCE_X0Y23         BUFGCE (Prop_BUFCE_BUFGCE_I_O)
                                                      0.028     1.310 r  clk_200_bufg/O
    X2Y4 (CLOCK_ROOT)    net (fo=59191, routed)       3.279     4.589    ernic_inst/inst/u_rx_pkt_handler/u_rx_req_hdr_val/m_axi_aclk
    SLICE_X11Y421        FDRE                                         r  ernic_inst/inst/u_rx_pkt_handler/u_rx_req_hdr_val/c3d_reg[c2d][c1d][reth_dmalen][24]/C
                         clock pessimism              0.368     4.957    
    SLICE_X11Y421        FDRE (Hold_GFF2_SLICEM_C_D)
                                                      0.062     5.019    ernic_inst/inst/u_rx_pkt_handler/u_rx_req_hdr_val/c3d_reg[c2d][c1d][reth_dmalen][24]
  -------------------------------------------------------------------
                         required time                         -5.019    
                         arrival time                           5.025    
  -------------------------------------------------------------------
                         slack                                  0.006    





Pulse Width Checks
--------------------------------------------------------------------------------------
Clock Name:         clk_200_mmcm
Waveform(ns):       { 0.000 2.500 }
Period(ns):         5.000
Sources:            { clk_mmcm/CLKOUT0 }

Check Type        Corner  Lib Pin      Reference Pin  Required(ns)  Actual(ns)  Slack(ns)  Location       Pin
Min Period        n/a     URAM288/CLK  n/a            2.000         5.000       3.000      URAM288_X0Y79  ernic_inst/inst/inst_resp_handler/inst_xpm_max_psn_q/xpm_memory_base_inst/gen_wr_a.gen_word_narrow.mem_reg_uram_0/CLK
Low Pulse Width   Slow    URAM288/CLK  n/a            0.700         2.500       1.800      URAM288_X0Y79  ernic_inst/inst/inst_resp_handler/inst_xpm_max_psn_q/xpm_memory_base_inst/gen_wr_a.gen_word_narrow.mem_reg_uram_0/CLK
High Pulse Width  Slow    URAM288/CLK  n/a            0.700         2.500       1.800      URAM288_X0Y79  ernic_inst/inst/inst_resp_handler/inst_xpm_max_psn_q/xpm_memory_base_inst/gen_wr_a.gen_word_narrow.mem_reg_uram_0/CLK



---------------------------------------------------------------------------------------------------
From Clock:  clk_pl_0
  To Clock:  clk_pl_0

Setup :            0  Failing Endpoints,  Worst Slack        0.484ns,  Total Violation        0.000ns
Hold  :            0  Failing Endpoints,  Worst Slack        0.010ns,  Total Violation        0.000ns
PW    :            0  Failing Endpoints,  Worst Slack        3.400ns,  Total Violation        0.000ns
---------------------------------------------------------------------------------------------------


Max Delay Paths
--------------------------------------------------------------------------------------
Slack (MET) :             0.484ns  (required time - arrival time)
  Source:                 rf_bd/mts_i/ctrl_interconnect/xbar/inst/gen_samd.crossbar_samd/gen_master_slots[4].reg_slice_mi/r.r_pipe/s_ready_i_reg/C
                            (rising edge-triggered cell FDRE clocked by clk_pl_0  {rise@0.000ns fall@5.000ns period=10.000ns})
  Destination:            rf_bd/mts_i/ctrl_interconnect/xbar/inst/gen_samd.crossbar_samd/gen_master_slots[4].reg_slice_mi/r.r_pipe/m_payload_i_reg[460]/D
                            (rising edge-triggered cell FDRE clocked by clk_pl_0  {rise@0.000ns fall@5.000ns period=10.000ns})
  Path Group:             clk_pl_0
  Path Type:              Setup (Max at Slow Process Corner)
  Requirement:            10.000ns  (clk_pl_0 rise@10.000ns - clk_pl_0 rise@0.000ns)
  Data Path Delay:        9.420ns  (logic 0.179ns (1.900%)  route 9.241ns (98.100%))
  Logic Levels:           1  (LUT3=1)
  Clock Path Skew:        0.009ns (DCD - SCD + CPR)
    Destination Clock Delay (DCD):    2.229ns = ( 12.229 - 10.000 ) 
    Source Clock Delay      (SCD):    2.326ns
    Clock Pessimism Removal (CPR):    0.107ns
  Clock Uncertainty:      0.130ns  ((TSJ^2 + DJ^2)^1/2) / 2 + PE
    Total System Jitter     (TSJ):    0.071ns
    Discrete Jitter          (DJ):    0.250ns
    Phase Error              (PE):    0.000ns
  Clock Net Delay (Source):      2.100ns (routing 0.662ns, distribution 1.438ns)
  Clock Net Delay (Destination): 2.047ns (routing 0.599ns, distribution 1.448ns)

    Location             Delay type                Incr(ns)  Path(ns)    Netlist Resource(s)
  -------------------------------------------------------------------    -------------------
                         (clock clk_pl_0 rise edge)
                                                      0.000     0.000 r  
    PS8_X0Y0             PS8                          0.000     0.000 r  rf_bd/mts_i/zynq_ultra_ps_e_0/inst/PS8_i/PLCLK[0]
                         net (fo=1, routed)           0.198     0.198    rf_bd/mts_i/zynq_ultra_ps_e_0/inst/pl_clk_unbuffered[0]
    BUFG_PS_X0Y48        BUFG_PS (Prop_BUFG_PS_I_O)
                                                      0.028     0.226 r  rf_bd/mts_i/zynq_ultra_ps_e_0/inst/buffer_pl_clk_0.PL_CLK_0_BUFG/O
    X2Y3 (CLOCK_ROOT)    net (fo=32907, routed)       2.100     2.326    rf_bd/mts_i/ctrl_interconnect/xbar/inst/gen_samd.crossbar_samd/gen_master_slots[4].reg_slice_mi/r.r_pipe/aclk
    SLICE_X35Y169        FDRE                                         r  rf_bd/mts_i/ctrl_interconnect/xbar/inst/gen_samd.crossbar_samd/gen_master_slots[4].reg_slice_mi/r.r_pipe/s_ready_i_reg/C
  -------------------------------------------------------------------    -------------------
    SLICE_X35Y169        FDRE (Prop_BFF2_SLICEM_C_Q)
                                                      0.080     2.406 r  rf_bd/mts_i/ctrl_interconnect/xbar/inst/gen_samd.crossbar_samd/gen_master_slots[4].reg_slice_mi/r.r_pipe/s_ready_i_reg/Q
                         net (fo=1041, routed)        9.190    11.597    rf_bd/mts_i/ctrl_interconnect/xbar/inst/gen_samd.crossbar_samd/gen_master_slots[4].reg_slice_mi/r.r_pipe/s_ready_i_reg_0
    SLICE_X7Y279         LUT3 (Prop_H6LUT_SLICEL_I2_O)
                                                      0.099    11.696 r  rf_bd/mts_i/ctrl_interconnect/xbar/inst/gen_samd.crossbar_samd/gen_master_slots[4].reg_slice_mi/r.r_pipe/m_payload_i[460]_i_1__3/O
                         net (fo=1, routed)           0.051    11.747    rf_bd/mts_i/ctrl_interconnect/xbar/inst/gen_samd.crossbar_samd/gen_master_slots[4].reg_slice_mi/r.r_pipe/skid_buffer[460]
    SLICE_X7Y279         FDRE                                         r  rf_bd/mts_i/ctrl_interconnect/xbar/inst/gen_samd.crossbar_samd/gen_master_slots[4].reg_slice_mi/r.r_pipe/m_payload_i_reg[460]/D
  -------------------------------------------------------------------    -------------------

                         (clock clk_pl_0 rise edge)
                                                     10.000    10.000 r  
    PS8_X0Y0             PS8                          0.000    10.000 r  rf_bd/mts_i/zynq_ultra_ps_e_0/inst/PS8_i/PLCLK[0]
                         net (fo=1, routed)           0.157    10.157    rf_bd/mts_i/zynq_ultra_ps_e_0/inst/pl_clk_unbuffered[0]
    BUFG_PS_X0Y48        BUFG_PS (Prop_BUFG_PS_I_O)
                                                      0.025    10.182 r  rf_bd/mts_i/zynq_ultra_ps_e_0/inst/buffer_pl_clk_0.PL_CLK_0_BUFG/O
    X2Y3 (CLOCK_ROOT)    net (fo=32907, routed)       2.047    12.229    rf_bd/mts_i/ctrl_interconnect/xbar/inst/gen_samd.crossbar_samd/gen_master_slots[4].reg_slice_mi/r.r_pipe/aclk
    SLICE_X7Y279         FDRE                                         r  rf_bd/mts_i/ctrl_interconnect/xbar/inst/gen_samd.crossbar_samd/gen_master_slots[4].reg_slice_mi/r.r_pipe/m_payload_i_reg[460]/C
                         clock pessimism              0.107    12.336    
                         clock uncertainty           -0.130    12.206    
    SLICE_X7Y279         FDRE (Setup_HFF_SLICEL_C_D)
                                                      0.025    12.231    rf_bd/mts_i/ctrl_interconnect/xbar/inst/gen_samd.crossbar_samd/gen_master_slots[4].reg_slice_mi/r.r_pipe/m_payload_i_reg[460]
  -------------------------------------------------------------------
                         required time                         12.231    
                         arrival time                         -11.747    
  -------------------------------------------------------------------
                         slack                                  0.484    





Min Delay Paths
--------------------------------------------------------------------------------------
Slack (MET) :             0.010ns  (arrival time - required time)
  Source:                 rf_bd/mts_i/ctrl_interconnect/m01_couplers/auto_ds/inst/gen_downsizer.gen_simple_downsizer.axi_downsizer_inst/USE_WRITE.write_addr_inst/USE_B_CHANNEL.cmd_b_queue/inst/fifo_gen_inst/inst_fifo_gen/gconvfifo.rf/grf.rf/gntv_or_sync_fifo.gl0.rd/rpntr/gc0.count_reg[2]/C
                            (rising edge-triggered cell FDCE clocked by clk_pl_0  {rise@0.000ns fall@5.000ns period=10.000ns})
  Destination:            rf_bd/mts_i/ctrl_interconnect/m01_couplers/auto_ds/inst/gen_downsizer.gen_simple_downsizer.axi_downsizer_inst/USE_WRITE.write_addr_inst/USE_B_CHANNEL.cmd_b_queue/inst/fifo_gen_inst/inst_fifo_gen/gconvfifo.rf/grf.rf/gntv_or_sync_fifo.gl0.rd/rpntr/gc0.count_d1_reg[2]/D
                            (rising edge-triggered cell FDCE clocked by clk_pl_0  {rise@0.000ns fall@5.000ns period=10.000ns})
  Path Group:             clk_pl_0
  Path Type:              Hold (Min at Slow Process Corner)
  Requirement:            0.000ns  (clk_pl_0 rise@0.000ns - clk_pl_0 rise@0.000ns)
  Data Path Delay:        0.133ns  (logic 0.061ns (46.022%)  route 0.072ns (53.977%))
  Logic Levels:           0  
  Clock Path Skew:        0.061ns (DCD - SCD - CPR)
    Destination Clock Delay (DCD):    2.290ns
    Source Clock Delay      (SCD):    1.994ns
    Clock Pessimism Removal (CPR):    0.236ns
  Clock Net Delay (Source):      1.812ns (routing 0.599ns, distribution 1.213ns)
  Clock Net Delay (Destination): 2.064ns (routing 0.662ns, distribution 1.402ns)

    Location             Delay type                Incr(ns)  Path(ns)    Netlist Resource(s)
  -------------------------------------------------------------------    -------------------
                         (clock clk_pl_0 rise edge)
                                                      0.000     0.000 r  
    PS8_X0Y0             PS8                          0.000     0.000 r  rf_bd/mts_i/zynq_ultra_ps_e_0/inst/PS8_i/PLCLK[0]
                         net (fo=1, routed)           0.157     0.157    rf_bd/mts_i/zynq_ultra_ps_e_0/inst/pl_clk_unbuffered[0]
    BUFG_PS_X0Y48        BUFG_PS (Prop_BUFG_PS_I_O)
                                                      0.025     0.182 r  rf_bd/mts_i/zynq_ultra_ps_e_0/inst/buffer_pl_clk_0.PL_CLK_0_BUFG/O
    X2Y3 (CLOCK_ROOT)    net (fo=32907, routed)       1.812     1.994    rf_bd/mts_i/ctrl_interconnect/m01_couplers/auto_ds/inst/gen_downsizer.gen_simple_downsizer.axi_downsizer_inst/USE_WRITE.write_addr_inst/USE_B_CHANNEL.cmd_b_queue/inst/fifo_gen_inst/inst_fifo_gen/gconvfifo.rf/grf.rf/gntv_or_sync_fifo.gl0.rd/rpntr/clk
    SLICE_X50Y153        FDCE                                         r  rf_bd/mts_i/ctrl_interconnect/m01_couplers/auto_ds/inst/gen_downsizer.gen_simple_downsizer.axi_downsizer_inst/USE_WRITE.write_addr_inst/USE_B_CHANNEL.cmd_b_queue/inst/fifo_gen_inst/inst_fifo_gen/gconvfifo.rf/grf.rf/gntv_or_sync_fifo.gl0.rd/rpntr/gc0.count_reg[2]/C
  -------------------------------------------------------------------    -------------------
    SLICE_X50Y153        FDCE (Prop_DFF2_SLICEL_C_Q)
                                                      0.061     2.055 r  rf_bd/mts_i/ctrl_interconnect/m01_couplers/auto_ds/inst/gen_downsizer.gen_simple_downsizer.axi_downsizer_inst/USE_WRITE.write_addr_inst/USE_B_CHANNEL.cmd_b_queue/inst/fifo_gen_inst/inst_fifo_gen/gconvfifo.rf/grf.rf/gntv_or_sync_fifo.gl0.rd/rpntr/gc0.count_reg[2]/Q
                         net (fo=5, routed)           0.072     2.126    rf_bd/mts_i/ctrl_interconnect/m01_couplers/auto_ds/inst/gen_downsizer.gen_simple_downsizer.axi_downsizer_inst/USE_WRITE.write_addr_inst/USE_B_CHANNEL.cmd_b_queue/inst/fifo_gen_inst/inst_fifo_gen/gconvfifo.rf/grf.rf/gntv_or_sync_fifo.gl0.rd/rpntr/Q[2]
    SLICE_X50Y154        FDCE                                         r  rf_bd/mts_i/ctrl_interconnect/m01_couplers/auto_ds/inst/gen_downsizer.gen_simple_downsizer.axi_downsizer_inst/USE_WRITE.write_addr_inst/USE_B_CHANNEL.cmd_b_queue/inst/fifo_gen_inst/inst_fifo_gen/gconvfifo.rf/grf.rf/gntv_or_sync_fifo.gl0.rd/rpntr/gc0.count_d1_reg[2]/D
  -------------------------------------------------------------------    -------------------

                         (clock clk_pl_0 rise edge)
                                                      0.000     0.000 r  
    PS8_X0Y0             PS8                          0.000     0.000 r  rf_bd/mts_i/zynq_ultra_ps_e_0/inst/PS8_i/PLCLK[0]
                         net (fo=1, routed)           0.198     0.198    rf_bd/mts_i/zynq_ultra_ps_e_0/inst/pl_clk_unbuffered[0]
    BUFG_PS_X0Y48        BUFG_PS (Prop_BUFG_PS_I_O)
                                                      0.028     0.226 r  rf_bd/mts_i/zynq_ultra_ps_e_0/inst/buffer_pl_clk_0.PL_CLK_0_BUFG/O
    X2Y3 (CLOCK_ROOT)    net (fo=32907, routed)       2.064     2.290    rf_bd/mts_i/ctrl_interconnect/m01_couplers/auto_ds/inst/gen_downsizer.gen_simple_downsizer.axi_downsizer_inst/USE_WRITE.write_addr_inst/USE_B_CHANNEL.cmd_b_queue/inst/fifo_gen_inst/inst_fifo_gen/gconvfifo.rf/grf.rf/gntv_or_sync_fifo.gl0.rd/rpntr/clk
    SLICE_X50Y154        FDCE                                         r  rf_bd/mts_i/ctrl_interconnect/m01_couplers/auto_ds/inst/gen_downsizer.gen_simple_downsizer.axi_downsizer_inst/USE_WRITE.write_addr_inst/USE_B_CHANNEL.cmd_b_queue/inst/fifo_gen_inst/inst_fifo_gen/gconvfifo.rf/grf.rf/gntv_or_sync_fifo.gl0.rd/rpntr/gc0.count_d1_reg[2]/C
                         clock pessimism             -0.236     2.054    
    SLICE_X50Y154        FDCE (Hold_FFF2_SLICEL_C_D)
                                                      0.062     2.116    rf_bd/mts_i/ctrl_interconnect/m01_couplers/auto_ds/inst/gen_downsizer.gen_simple_downsizer.axi_downsizer_inst/USE_WRITE.write_addr_inst/USE_B_CHANNEL.cmd_b_queue/inst/fifo_gen_inst/inst_fifo_gen/gconvfifo.rf/grf.rf/gntv_or_sync_fifo.gl0.rd/rpntr/gc0.count_d1_reg[2]
  -------------------------------------------------------------------
                         required time                         -2.116    
                         arrival time                           2.126    
  -------------------------------------------------------------------
                         slack                                  0.010    





Pulse Width Checks
--------------------------------------------------------------------------------------
Clock Name:         clk_pl_0
Waveform(ns):       { 0.000 5.000 }
Period(ns):         10.000
Sources:            { rf_bd/mts_i/zynq_ultra_ps_e_0/inst/PS8_i/PLCLK[0] }

Check Type        Corner  Lib Pin     Reference Pin  Required(ns)  Actual(ns)  Slack(ns)  Location    Pin
Min Period        n/a     RFADC/DCLK  n/a            4.000         10.000      6.000      RFADC_X0Y0  rf_bd/mts_i/usp_rf_data_converter_0/inst/mts_usp_rf_data_converter_0_0_rf_wrapper_i/rx0_u_adc/DCLK
Low Pulse Width   Slow    RFADC/DCLK  n/a            1.600         5.000       3.400      RFADC_X0Y0  rf_bd/mts_i/usp_rf_data_converter_0/inst/mts_usp_rf_data_converter_0_0_rf_wrapper_i/rx0_u_adc/DCLK
High Pulse Width  Slow    RFADC/DCLK  n/a            1.600         5.000       3.400      RFADC_X0Y0  rf_bd/mts_i/usp_rf_data_converter_0/inst/mts_usp_rf_data_converter_0_0_rf_wrapper_i/rx0_u_adc/DCLK



---------------------------------------------------------------------------------------------------
From Clock:  dbg_hub/inst/BSCANID.u_xsdbm_id/SWITCH_N_EXT_BSCAN.bscan_inst/SERIES7_BSCAN.bscan_inst/INTERNAL_TCK
  To Clock:  dbg_hub/inst/BSCANID.u_xsdbm_id/SWITCH_N_EXT_BSCAN.bscan_inst/SERIES7_BSCAN.bscan_inst/INTERNAL_TCK

Setup :            0  Failing Endpoints,  Worst Slack       13.162ns,  Total Violation        0.000ns
Hold  :            0  Failing Endpoints,  Worst Slack        0.014ns,  Total Violation        0.000ns
PW    :            0  Failing Endpoints,  Worst Slack       24.468ns,  Total Violation        0.000ns
---------------------------------------------------------------------------------------------------


Max Delay Paths
--------------------------------------------------------------------------------------
Slack (MET) :             13.162ns  (required time - arrival time)
  Source:                 dbg_hub/inst/BSCANID.u_xsdbm_id/CORE_XSDB.U_ICON/iTDO_reg/C
                            (rising edge-triggered cell FDRE clocked by dbg_hub/inst/BSCANID.u_xsdbm_id/SWITCH_N_EXT_BSCAN.bscan_inst/SERIES7_BSCAN.bscan_inst/INTERNAL_TCK  {rise@0.000ns fall@25.000ns period=50.000ns})
  Destination:            dbg_hub/inst/BSCANID.u_xsdbm_id/SWITCH_N_EXT_BSCAN.bscan_inst/SERIES7_BSCAN.bscan_inst/TDO
                            (falling edge-triggered cell BSCANE2 clocked by dbg_hub/inst/BSCANID.u_xsdbm_id/SWITCH_N_EXT_BSCAN.bscan_inst/SERIES7_BSCAN.bscan_inst/INTERNAL_TCK  {rise@0.000ns fall@25.000ns period=50.000ns})
  Path Group:             dbg_hub/inst/BSCANID.u_xsdbm_id/SWITCH_N_EXT_BSCAN.bscan_inst/SERIES7_BSCAN.bscan_inst/INTERNAL_TCK
  Path Type:              Setup (Max at Slow Process Corner)
  Requirement:            25.000ns  (dbg_hub/inst/BSCANID.u_xsdbm_id/SWITCH_N_EXT_BSCAN.bscan_inst/SERIES7_BSCAN.bscan_inst/INTERNAL_TCK fall@25.000ns - dbg_hub/inst/BSCANID.u_xsdbm_id/SWITCH_N_EXT_BSCAN.bscan_inst/SERIES7_BSCAN.bscan_inst/INTERNAL_TCK rise@0.000ns)
  Data Path Delay:        3.856ns  (logic 0.262ns (6.795%)  route 3.594ns (93.205%))
  Logic Levels:           2  (LUT3=1 LUT6=1)
  Clock Path Skew:        -7.747ns (DCD - SCD + CPR)
    Destination Clock Delay (DCD):    0.000ns = ( 25.000 - 25.000 ) 
    Source Clock Delay      (SCD):    7.747ns
    Clock Pessimism Removal (CPR):    0.000ns
  Clock Uncertainty:      0.235ns  ((TSJ^2 + TIJ^2)^1/2 + DJ) / 2 + PE + DCD
    Total System Jitter     (TSJ):    0.071ns
    Total Input Jitter      (TIJ):    0.000ns
    Discrete Jitter          (DJ):    0.000ns
    Phase Error              (PE):    0.000ns
    Duty Cycle Distortion   (DCD):    0.200ns
  Clock Net Delay (Source):      1.981ns (routing 0.742ns, distribution 1.239ns)

    Location             Delay type                Incr(ns)  Path(ns)    Netlist Resource(s)
  -------------------------------------------------------------------    -------------------
                         (clock dbg_hub/inst/BSCANID.u_xsdbm_id/SWITCH_N_EXT_BSCAN.bscan_inst/SERIES7_BSCAN.bscan_inst/INTERNAL_TCK rise edge)
                                                      0.000     0.000 r  
    CONFIG_SITE_X0Y0     BSCANE2                      0.000     0.000 r  dbg_hub/inst/BSCANID.u_xsdbm_id/SWITCH_N_EXT_BSCAN.bscan_inst/SERIES7_BSCAN.bscan_inst/INTERNAL_TCK
    CONFIG_SITE_X0Y0     BSCANE2 (Prop_BSCAN1_CONFIG_SITE_INTERNAL_TCK_TCK)
                                                      4.300     4.300 r  dbg_hub/inst/BSCANID.u_xsdbm_id/SWITCH_N_EXT_BSCAN.bscan_inst/SERIES7_BSCAN.bscan_inst/TCK
                         net (fo=1, routed)           1.438     5.738    dbg_hub/inst/BSCANID.u_xsdbm_id/tck_bs
    BUFGCE_X0Y49         BUFGCE (Prop_BUFCE_BUFGCE_I_O)
                                                      0.028     5.766 r  dbg_hub/inst/BSCANID.u_xsdbm_id/SWITCH_N_EXT_BSCAN.u_bufg_icon_tck/O
    X4Y4 (CLOCK_ROOT)    net (fo=490, routed)         1.981     7.747    dbg_hub/inst/BSCANID.u_xsdbm_id/CORE_XSDB.U_ICON/m_bscan_tck[0]
    SLICE_X87Y383        FDRE                                         r  dbg_hub/inst/BSCANID.u_xsdbm_id/CORE_XSDB.U_ICON/iTDO_reg/C
  -------------------------------------------------------------------    -------------------
    SLICE_X87Y383        FDRE (Prop_DFF2_SLICEM_C_Q)
                                                      0.080     7.827 r  dbg_hub/inst/BSCANID.u_xsdbm_id/CORE_XSDB.U_ICON/iTDO_reg/Q
                         net (fo=1, routed)           2.131     9.958    dbg_hub/inst/BSCANID.u_xsdbm_id/TDO
    SLICE_X114Y190       LUT3 (Prop_E6LUT_SLICEL_I2_O)
                                                      0.147    10.105 r  dbg_hub/inst/BSCANID.u_xsdbm_id/SWITCH_N_EXT_BSCAN.bscan_switch_i_1/O
                         net (fo=2, routed)           0.276    10.381    dbg_hub/inst/BSCANID.u_xsdbm_id/SWITCH_N_EXT_BSCAN.bscan_switch/m_bscan_tdo[0]
    SLICE_X117Y190       LUT6 (Prop_F6LUT_SLICEL_I5_O)
                                                      0.035    10.416 r  dbg_hub/inst/BSCANID.u_xsdbm_id/SWITCH_N_EXT_BSCAN.bscan_switch/s_bscan_tdo_INST_0/O
                         net (fo=1, routed)           1.187    11.603    dbg_hub/inst/BSCANID.u_xsdbm_id/SWITCH_N_EXT_BSCAN.bscan_inst/TDO
    CONFIG_SITE_X0Y0     BSCANE2                                      r  dbg_hub/inst/BSCANID.u_xsdbm_id/SWITCH_N_EXT_BSCAN.bscan_inst/SERIES7_BSCAN.bscan_inst/TDO
  -------------------------------------------------------------------    -------------------

                         (clock dbg_hub/inst/BSCANID.u_xsdbm_id/SWITCH_N_EXT_BSCAN.bscan_inst/SERIES7_BSCAN.bscan_inst/INTERNAL_TCK fall edge)
                                                     25.000    25.000 f  
    CONFIG_SITE_X0Y0     BSCANE2                      0.000    25.000 f  dbg_hub/inst/BSCANID.u_xsdbm_id/SWITCH_N_EXT_BSCAN.bscan_inst/SERIES7_BSCAN.bscan_inst/INTERNAL_TCK
                         clock pessimism              0.000    25.000    
                         clock uncertainty           -0.235    24.765    
    CONFIG_SITE_X0Y0     BSCANE2 (Setup_BSCAN1_CONFIG_SITE_INTERNAL_TCK_TDO)
                                                      0.000    24.765    dbg_hub/inst/BSCANID.u_xsdbm_id/SWITCH_N_EXT_BSCAN.bscan_inst/SERIES7_BSCAN.bscan_inst
  -------------------------------------------------------------------
                         required time                         24.765    
                         arrival time                         -11.603    
  -------------------------------------------------------------------
                         slack                                 13.162    





Min Delay Paths
--------------------------------------------------------------------------------------
Slack (MET) :             0.014ns  (arrival time - required time)
  Source:                 dbg_hub/inst/BSCANID.u_xsdbm_id/CORE_XSDB.UUT_MASTER/U_ICON_INTERFACE/U_CMD5/icn_cmd_din_temp_reg/C
                            (rising edge-triggered cell FDRE clocked by dbg_hub/inst/BSCANID.u_xsdbm_id/SWITCH_N_EXT_BSCAN.bscan_inst/SERIES7_BSCAN.bscan_inst/INTERNAL_TCK  {rise@0.000ns fall@25.000ns period=50.000ns})
  Destination:            dbg_hub/inst/BSCANID.u_xsdbm_id/CORE_XSDB.UUT_MASTER/U_ICON_INTERFACE/U_CMD5/shift_reg_in_reg[17]/D
                            (rising edge-triggered cell FDRE clocked by dbg_hub/inst/BSCANID.u_xsdbm_id/SWITCH_N_EXT_BSCAN.bscan_inst/SERIES7_BSCAN.bscan_inst/INTERNAL_TCK  {rise@0.000ns fall@25.000ns period=50.000ns})
  Path Group:             dbg_hub/inst/BSCANID.u_xsdbm_id/SWITCH_N_EXT_BSCAN.bscan_inst/SERIES7_BSCAN.bscan_inst/INTERNAL_TCK
  Path Type:              Hold (Min at Slow Process Corner)
  Requirement:            0.000ns  (dbg_hub/inst/BSCANID.u_xsdbm_id/SWITCH_N_EXT_BSCAN.bscan_inst/SERIES7_BSCAN.bscan_inst/INTERNAL_TCK rise@0.000ns - dbg_hub/inst/BSCANID.u_xsdbm_id/SWITCH_N_EXT_BSCAN.bscan_inst/SERIES7_BSCAN.bscan_inst/INTERNAL_TCK rise@0.000ns)
  Data Path Delay:        0.166ns  (logic 0.059ns (35.542%)  route 0.107ns (64.458%))
  Logic Levels:           0  
  Clock Path Skew:        0.090ns (DCD - SCD - CPR)
    Destination Clock Delay (DCD):    7.748ns
    Source Clock Delay      (SCD):    3.197ns
    Clock Pessimism Removal (CPR):    4.462ns
  Clock Net Delay (Source):      1.749ns (routing 0.672ns, distribution 1.077ns)
  Clock Net Delay (Destination): 1.982ns (routing 0.742ns, distribution 1.240ns)

    Location             Delay type                Incr(ns)  Path(ns)    Netlist Resource(s)
  -------------------------------------------------------------------    -------------------
                         (clock dbg_hub/inst/BSCANID.u_xsdbm_id/SWITCH_N_EXT_BSCAN.bscan_inst/SERIES7_BSCAN.bscan_inst/INTERNAL_TCK rise edge)
                                                      0.000     0.000 r  
    CONFIG_SITE_X0Y0     BSCANE2                      0.000     0.000 r  dbg_hub/inst/BSCANID.u_xsdbm_id/SWITCH_N_EXT_BSCAN.bscan_inst/SERIES7_BSCAN.bscan_inst/INTERNAL_TCK
    CONFIG_SITE_X0Y0     BSCANE2 (Prop_BSCAN1_CONFIG_SITE_INTERNAL_TCK_TCK)
                                                      0.465     0.465 r  dbg_hub/inst/BSCANID.u_xsdbm_id/SWITCH_N_EXT_BSCAN.bscan_inst/SERIES7_BSCAN.bscan_inst/TCK
                         net (fo=1, routed)           0.959     1.424    dbg_hub/inst/BSCANID.u_xsdbm_id/tck_bs
    BUFGCE_X0Y49         BUFGCE (Prop_BUFCE_BUFGCE_I_O)
                                                      0.024     1.448 r  dbg_hub/inst/BSCANID.u_xsdbm_id/SWITCH_N_EXT_BSCAN.u_bufg_icon_tck/O
    X4Y4 (CLOCK_ROOT)    net (fo=490, routed)         1.749     3.197    dbg_hub/inst/BSCANID.u_xsdbm_id/CORE_XSDB.UUT_MASTER/U_ICON_INTERFACE/U_CMD5/m_bscan_tck[0]
    SLICE_X81Y381        FDRE                                         r  dbg_hub/inst/BSCANID.u_xsdbm_id/CORE_XSDB.UUT_MASTER/U_ICON_INTERFACE/U_CMD5/icn_cmd_din_temp_reg/C
  -------------------------------------------------------------------    -------------------
    SLICE_X81Y381        FDRE (Prop_BFF_SLICEL_C_Q)
                                                      0.059     3.256 r  dbg_hub/inst/BSCANID.u_xsdbm_id/CORE_XSDB.UUT_MASTER/U_ICON_INTERFACE/U_CMD5/icn_cmd_din_temp_reg/Q
                         net (fo=1, routed)           0.107     3.363    dbg_hub/inst/BSCANID.u_xsdbm_id/CORE_XSDB.UUT_MASTER/U_ICON_INTERFACE/U_CMD5/icn_cmd_din_temp
    SLICE_X82Y380        FDRE                                         r  dbg_hub/inst/BSCANID.u_xsdbm_id/CORE_XSDB.UUT_MASTER/U_ICON_INTERFACE/U_CMD5/shift_reg_in_reg[17]/D
  -------------------------------------------------------------------    -------------------

                         (clock dbg_hub/inst/BSCANID.u_xsdbm_id/SWITCH_N_EXT_BSCAN.bscan_inst/SERIES7_BSCAN.bscan_inst/INTERNAL_TCK rise edge)
                                                      0.000     0.000 r  
    CONFIG_SITE_X0Y0     BSCANE2                      0.000     0.000 r  dbg_hub/inst/BSCANID.u_xsdbm_id/SWITCH_N_EXT_BSCAN.bscan_inst/SERIES7_BSCAN.bscan_inst/INTERNAL_TCK
    CONFIG_SITE_X0Y0     BSCANE2 (Prop_BSCAN1_CONFIG_SITE_INTERNAL_TCK_TCK)
                                                      4.300     4.300 r  dbg_hub/inst/BSCANID.u_xsdbm_id/SWITCH_N_EXT_BSCAN.bscan_inst/SERIES7_BSCAN.bscan_inst/TCK
                         net (fo=1, routed)           1.438     5.738    dbg_hub/inst/BSCANID.u_xsdbm_id/tck_bs
    BUFGCE_X0Y49         BUFGCE (Prop_BUFCE_BUFGCE_I_O)
                                                      0.028     5.766 r  dbg_hub/inst/BSCANID.u_xsdbm_id/SWITCH_N_EXT_BSCAN.u_bufg_icon_tck/O
    X4Y4 (CLOCK_ROOT)    net (fo=490, routed)         1.982     7.748    dbg_hub/inst/BSCANID.u_xsdbm_id/CORE_XSDB.UUT_MASTER/U_ICON_INTERFACE/U_CMD5/m_bscan_tck[0]
    SLICE_X82Y380        FDRE                                         r  dbg_hub/inst/BSCANID.u_xsdbm_id/CORE_XSDB.UUT_MASTER/U_ICON_INTERFACE/U_CMD5/shift_reg_in_reg[17]/C
                         clock pessimism             -4.462     3.287    
    SLICE_X82Y380        FDRE (Hold_HFF2_SLICEM_C_D)
                                                      0.062     3.349    dbg_hub/inst/BSCANID.u_xsdbm_id/CORE_XSDB.UUT_MASTER/U_ICON_INTERFACE/U_CMD5/shift_reg_in_reg[17]
  -------------------------------------------------------------------
                         required time                         -3.349    
                         arrival time                           3.363    
  -------------------------------------------------------------------
                         slack                                  0.014    





Pulse Width Checks
--------------------------------------------------------------------------------------
Clock Name:         dbg_hub/inst/BSCANID.u_xsdbm_id/SWITCH_N_EXT_BSCAN.bscan_inst/SERIES7_BSCAN.bscan_inst/INTERNAL_TCK
Waveform(ns):       { 0.000 25.000 }
Period(ns):         50.000
Sources:            { dbg_hub/inst/BSCANID.u_xsdbm_id/SWITCH_N_EXT_BSCAN.bscan_inst/SERIES7_BSCAN.bscan_inst/INTERNAL_TCK }

Check Type        Corner  Lib Pin     Reference Pin  Required(ns)  Actual(ns)  Slack(ns)  Location       Pin
Min Period        n/a     BUFGCE/I    n/a            1.290         50.000      48.710     BUFGCE_X0Y49   dbg_hub/inst/BSCANID.u_xsdbm_id/SWITCH_N_EXT_BSCAN.u_bufg_icon_tck/I
Low Pulse Width   Slow    RAMD32/CLK  n/a            0.532         25.000      24.468     SLICE_X97Y405  dbg_hub/inst/BSCANID.u_xsdbm_id/CORE_XSDB.UUT_MASTER/U_ICON_INTERFACE/U_CMD6_WR/U_WR_FIFO/SUBCORE_FIFO.xsdbm_v3_0_0_wrfifo_inst/inst_fifo_gen/gconvfifo.rf/grf.rf/gntv_or_sync_fifo.mem/gdm.dm_gen.dm/RAM_reg_0_15_0_13/RAMA/CLK
High Pulse Width  Slow    RAMD32/CLK  n/a            0.532         25.000      24.468     SLICE_X97Y405  dbg_hub/inst/BSCANID.u_xsdbm_id/CORE_XSDB.UUT_MASTER/U_ICON_INTERFACE/U_CMD6_WR/U_WR_FIFO/SUBCORE_FIFO.xsdbm_v3_0_0_wrfifo_inst/inst_fifo_gen/gconvfifo.rf/grf.rf/gntv_or_sync_fifo.mem/gdm.dm_gen.dm/RAM_reg_0_15_0_13/RAMA/CLK



---------------------------------------------------------------------------------------------------
From Clock:  GTYE4_CHANNEL_TXOUTCLKPCS[0]
  To Clock:  GTYE4_CHANNEL_TXOUTCLKPCS[0]

Setup :            0  Failing Endpoints,  Worst Slack        1.984ns,  Total Violation        0.000ns
Hold  :            0  Failing Endpoints,  Worst Slack        0.107ns,  Total Violation        0.000ns
PW    :            0  Failing Endpoints,  Worst Slack        1.277ns,  Total Violation        0.000ns
---------------------------------------------------------------------------------------------------


Max Delay Paths
--------------------------------------------------------------------------------------
Slack (MET) :             1.984ns  (required time - arrival time)
  Source:                 cmac_inst/inst/cmac_usplus_0_gt_i/inst/gen_gtwizard_gtye4_top.cmac_usplus_0_gt_gtwizard_gtye4_inst/gen_gtwizard_gtye4.gen_pwrgood_delay_inst[0].delay_powergood_inst/gen_powergood_delay.intclk_rrst_n_r_reg[4]/C
                            (rising edge-triggered cell FDCE clocked by GTYE4_CHANNEL_TXOUTCLKPCS[0]  {rise@0.000ns fall@1.552ns period=3.103ns})
  Destination:            cmac_inst/inst/cmac_usplus_0_gt_i/inst/gen_gtwizard_gtye4_top.cmac_usplus_0_gt_gtwizard_gtye4_inst/gen_gtwizard_gtye4.gen_pwrgood_delay_inst[0].delay_powergood_inst/gen_powergood_delay.wait_cnt_reg[0]/CE
                            (rising edge-triggered cell FDRE clocked by GTYE4_CHANNEL_TXOUTCLKPCS[0]  {rise@0.000ns fall@1.552ns period=3.103ns})
  Path Group:             GTYE4_CHANNEL_TXOUTCLKPCS[0]
  Path Type:              Setup (Max at Slow Process Corner)
  Requirement:            3.103ns  (GTYE4_CHANNEL_TXOUTCLKPCS[0] rise@3.103ns - GTYE4_CHANNEL_TXOUTCLKPCS[0] rise@0.000ns)
  Data Path Delay:        0.833ns  (logic 0.197ns (23.639%)  route 0.636ns (76.361%))
  Logic Levels:           1  (LUT2=1)
  Clock Path Skew:        -0.180ns (DCD - SCD + CPR)
    Destination Clock Delay (DCD):    0.348ns = ( 3.451 - 3.103 ) 
    Source Clock Delay      (SCD):    0.587ns
    Clock Pessimism Removal (CPR):    0.059ns
  Clock Uncertainty:      0.046ns  ((TSJ^2 + DJ^2)^1/2) / 2 + PE
    Total System Jitter     (TSJ):    0.071ns
    Discrete Jitter          (DJ):    0.060ns
    Phase Error              (PE):    0.000ns

    Location             Delay type                Incr(ns)  Path(ns)    Netlist Resource(s)
  -------------------------------------------------------------------    -------------------
                         (clock GTYE4_CHANNEL_TXOUTCLKPCS[0] rise edge)
                                                      0.000     0.000 r  
    GTYE4_CHANNEL_X0Y4   GTYE4_CHANNEL                0.000     0.000 r  cmac_inst/inst/cmac_usplus_0_gt_i/inst/gen_gtwizard_gtye4_top.cmac_usplus_0_gt_gtwizard_gtye4_inst/gen_gtwizard_gtye4.gen_channel_container[1].gen_enabled_channel.gtye4_channel_wrapper_inst/channel_inst/gtye4_channel_gen.gen_gtye4_channel_inst[0].GTYE4_CHANNEL_PRIM_INST/TXOUTCLKPCS
                         net (fo=15, routed)          0.587     0.587    cmac_inst/inst/cmac_usplus_0_gt_i/inst/gen_gtwizard_gtye4_top.cmac_usplus_0_gt_gtwizard_gtye4_inst/gen_gtwizard_gtye4.gen_pwrgood_delay_inst[0].delay_powergood_inst/GTYE4_CHANNEL_TXOUTCLKPCS[0]
    SLICE_X0Y245         FDCE                                         r  cmac_inst/inst/cmac_usplus_0_gt_i/inst/gen_gtwizard_gtye4_top.cmac_usplus_0_gt_gtwizard_gtye4_inst/gen_gtwizard_gtye4.gen_pwrgood_delay_inst[0].delay_powergood_inst/gen_powergood_delay.intclk_rrst_n_r_reg[4]/C
  -------------------------------------------------------------------    -------------------
    SLICE_X0Y245         FDCE (Prop_EFF2_SLICEL_C_Q)
                                                      0.081     0.668 f  cmac_inst/inst/cmac_usplus_0_gt_i/inst/gen_gtwizard_gtye4_top.cmac_usplus_0_gt_gtwizard_gtye4_inst/gen_gtwizard_gtye4.gen_pwrgood_delay_inst[0].delay_powergood_inst/gen_powergood_delay.intclk_rrst_n_r_reg[4]/Q
                         net (fo=9, routed)           0.380     1.048    cmac_inst/inst/cmac_usplus_0_gt_i/inst/gen_gtwizard_gtye4_top.cmac_usplus_0_gt_gtwizard_gtye4_inst/gen_gtwizard_gtye4.gen_pwrgood_delay_inst[0].delay_powergood_inst/gen_powergood_delay.intclk_rrst_n_r[4]
    SLICE_X0Y243         LUT2 (Prop_B5LUT_SLICEL_I0_O)
                                                      0.116     1.164 r  cmac_inst/inst/cmac_usplus_0_gt_i/inst/gen_gtwizard_gtye4_top.cmac_usplus_0_gt_gtwizard_gtye4_inst/gen_gtwizard_gtye4.gen_pwrgood_delay_inst[0].delay_powergood_inst/gen_powergood_delay.wait_cnt[0]_i_1/O
                         net (fo=1, routed)           0.256     1.420    cmac_inst/inst/cmac_usplus_0_gt_i/inst/gen_gtwizard_gtye4_top.cmac_usplus_0_gt_gtwizard_gtye4_inst/gen_gtwizard_gtye4.gen_pwrgood_delay_inst[0].delay_powergood_inst/gen_powergood_delay.wait_cnt[0]_i_1_n_0
    SLICE_X0Y246         FDRE                                         r  cmac_inst/inst/cmac_usplus_0_gt_i/inst/gen_gtwizard_gtye4_top.cmac_usplus_0_gt_gtwizard_gtye4_inst/gen_gtwizard_gtye4.gen_pwrgood_delay_inst[0].delay_powergood_inst/gen_powergood_delay.wait_cnt_reg[0]/CE
  -------------------------------------------------------------------    -------------------

                         (clock GTYE4_CHANNEL_TXOUTCLKPCS[0] rise edge)
                                                      3.103     3.103 r  
    GTYE4_CHANNEL_X0Y4   GTYE4_CHANNEL                0.000     3.103 r  cmac_inst/inst/cmac_usplus_0_gt_i/inst/gen_gtwizard_gtye4_top.cmac_usplus_0_gt_gtwizard_gtye4_inst/gen_gtwizard_gtye4.gen_channel_container[1].gen_enabled_channel.gtye4_channel_wrapper_inst/channel_inst/gtye4_channel_gen.gen_gtye4_channel_inst[0].GTYE4_CHANNEL_PRIM_INST/TXOUTCLKPCS
                         net (fo=15, routed)          0.348     3.451    cmac_inst/inst/cmac_usplus_0_gt_i/inst/gen_gtwizard_gtye4_top.cmac_usplus_0_gt_gtwizard_gtye4_inst/gen_gtwizard_gtye4.gen_pwrgood_delay_inst[0].delay_powergood_inst/GTYE4_CHANNEL_TXOUTCLKPCS[0]
    SLICE_X0Y246         FDRE                                         r  cmac_inst/inst/cmac_usplus_0_gt_i/inst/gen_gtwizard_gtye4_top.cmac_usplus_0_gt_gtwizard_gtye4_inst/gen_gtwizard_gtye4.gen_pwrgood_delay_inst[0].delay_powergood_inst/gen_powergood_delay.wait_cnt_reg[0]/C
                         clock pessimism              0.059     3.510    
                         clock uncertainty           -0.046     3.463    
    SLICE_X0Y246         FDRE (Setup_AFF2_SLICEL_C_CE)
                                                     -0.059     3.404    cmac_inst/inst/cmac_usplus_0_gt_i/inst/gen_gtwizard_gtye4_top.cmac_usplus_0_gt_gtwizard_gtye4_inst/gen_gtwizard_gtye4.gen_pwrgood_delay_inst[0].delay_powergood_inst/gen_powergood_delay.wait_cnt_reg[0]
  -------------------------------------------------------------------
                         required time                          3.404    
                         arrival time                          -1.420    
  -------------------------------------------------------------------
                         slack                                  1.984    





Min Delay Paths
--------------------------------------------------------------------------------------
Slack (MET) :             0.107ns  (arrival time - required time)
  Source:                 cmac_inst/inst/cmac_usplus_0_gt_i/inst/gen_gtwizard_gtye4_top.cmac_usplus_0_gt_gtwizard_gtye4_inst/gen_gtwizard_gtye4.gen_pwrgood_delay_inst[0].delay_powergood_inst/gen_powergood_delay.wait_cnt_reg[0]/C
                            (rising edge-triggered cell FDRE clocked by GTYE4_CHANNEL_TXOUTCLKPCS[0]  {rise@0.000ns fall@1.552ns period=3.103ns})
  Destination:            cmac_inst/inst/cmac_usplus_0_gt_i/inst/gen_gtwizard_gtye4_top.cmac_usplus_0_gt_gtwizard_gtye4_inst/gen_gtwizard_gtye4.gen_pwrgood_delay_inst[0].delay_powergood_inst/gen_powergood_delay.wait_cnt_reg[1]/D
                            (rising edge-triggered cell FDRE clocked by GTYE4_CHANNEL_TXOUTCLKPCS[0]  {rise@0.000ns fall@1.552ns period=3.103ns})
  Path Group:             GTYE4_CHANNEL_TXOUTCLKPCS[0]
  Path Type:              Hold (Min at Slow Process Corner)
  Requirement:            0.000ns  (GTYE4_CHANNEL_TXOUTCLKPCS[0] rise@0.000ns - GTYE4_CHANNEL_TXOUTCLKPCS[0] rise@0.000ns)
  Data Path Delay:        0.353ns  (logic 0.060ns (16.997%)  route 0.293ns (83.003%))
  Logic Levels:           0  
  Clock Path Skew:        0.184ns (DCD - SCD - CPR)
    Destination Clock Delay (DCD):    0.591ns
    Source Clock Delay      (SCD):    0.348ns
    Clock Pessimism Removal (CPR):    0.059ns

    Location             Delay type                Incr(ns)  Path(ns)    Netlist Resource(s)
  -------------------------------------------------------------------    -------------------
                         (clock GTYE4_CHANNEL_TXOUTCLKPCS[0] rise edge)
                                                      0.000     0.000 r  
    GTYE4_CHANNEL_X0Y4   GTYE4_CHANNEL                0.000     0.000 r  cmac_inst/inst/cmac_usplus_0_gt_i/inst/gen_gtwizard_gtye4_top.cmac_usplus_0_gt_gtwizard_gtye4_inst/gen_gtwizard_gtye4.gen_channel_container[1].gen_enabled_channel.gtye4_channel_wrapper_inst/channel_inst/gtye4_channel_gen.gen_gtye4_channel_inst[0].GTYE4_CHANNEL_PRIM_INST/TXOUTCLKPCS
                         net (fo=15, routed)          0.348     0.348    cmac_inst/inst/cmac_usplus_0_gt_i/inst/gen_gtwizard_gtye4_top.cmac_usplus_0_gt_gtwizard_gtye4_inst/gen_gtwizard_gtye4.gen_pwrgood_delay_inst[0].delay_powergood_inst/GTYE4_CHANNEL_TXOUTCLKPCS[0]
    SLICE_X0Y246         FDRE                                         r  cmac_inst/inst/cmac_usplus_0_gt_i/inst/gen_gtwizard_gtye4_top.cmac_usplus_0_gt_gtwizard_gtye4_inst/gen_gtwizard_gtye4.gen_pwrgood_delay_inst[0].delay_powergood_inst/gen_powergood_delay.wait_cnt_reg[0]/C
  -------------------------------------------------------------------    -------------------
    SLICE_X0Y246         FDRE (Prop_AFF2_SLICEL_C_Q)
                                                      0.060     0.408 r  cmac_inst/inst/cmac_usplus_0_gt_i/inst/gen_gtwizard_gtye4_top.cmac_usplus_0_gt_gtwizard_gtye4_inst/gen_gtwizard_gtye4.gen_pwrgood_delay_inst[0].delay_powergood_inst/gen_powergood_delay.wait_cnt_reg[0]/Q
                         net (fo=1, routed)           0.293     0.701    cmac_inst/inst/cmac_usplus_0_gt_i/inst/gen_gtwizard_gtye4_top.cmac_usplus_0_gt_gtwizard_gtye4_inst/gen_gtwizard_gtye4.gen_pwrgood_delay_inst[0].delay_powergood_inst/gen_powergood_delay.wait_cnt[0]
    SLICE_X0Y247         FDRE                                         r  cmac_inst/inst/cmac_usplus_0_gt_i/inst/gen_gtwizard_gtye4_top.cmac_usplus_0_gt_gtwizard_gtye4_inst/gen_gtwizard_gtye4.gen_pwrgood_delay_inst[0].delay_powergood_inst/gen_powergood_delay.wait_cnt_reg[1]/D
  -------------------------------------------------------------------    -------------------

                         (clock GTYE4_CHANNEL_TXOUTCLKPCS[0] rise edge)
                                                      0.000     0.000 r  
    GTYE4_CHANNEL_X0Y4   GTYE4_CHANNEL                0.000     0.000 r  cmac_inst/inst/cmac_usplus_0_gt_i/inst/gen_gtwizard_gtye4_top.cmac_usplus_0_gt_gtwizard_gtye4_inst/gen_gtwizard_gtye4.gen_channel_container[1].gen_enabled_channel.gtye4_channel_wrapper_inst/channel_inst/gtye4_channel_gen.gen_gtye4_channel_inst[0].GTYE4_CHANNEL_PRIM_INST/TXOUTCLKPCS
                         net (fo=15, routed)          0.591     0.591    cmac_inst/inst/cmac_usplus_0_gt_i/inst/gen_gtwizard_gtye4_top.cmac_usplus_0_gt_gtwizard_gtye4_inst/gen_gtwizard_gtye4.gen_pwrgood_delay_inst[0].delay_powergood_inst/GTYE4_CHANNEL_TXOUTCLKPCS[0]
    SLICE_X0Y247         FDRE                                         r  cmac_inst/inst/cmac_usplus_0_gt_i/inst/gen_gtwizard_gtye4_top.cmac_usplus_0_gt_gtwizard_gtye4_inst/gen_gtwizard_gtye4.gen_pwrgood_delay_inst[0].delay_powergood_inst/gen_powergood_delay.wait_cnt_reg[1]/C
                         clock pessimism             -0.059     0.532    
    SLICE_X0Y247         FDRE (Hold_AFF2_SLICEL_C_D)
                                                      0.062     0.594    cmac_inst/inst/cmac_usplus_0_gt_i/inst/gen_gtwizard_gtye4_top.cmac_usplus_0_gt_gtwizard_gtye4_inst/gen_gtwizard_gtye4.gen_pwrgood_delay_inst[0].delay_powergood_inst/gen_powergood_delay.wait_cnt_reg[1]
  -------------------------------------------------------------------
                         required time                         -0.594    
                         arrival time                           0.701    
  -------------------------------------------------------------------
                         slack                                  0.107    





Pulse Width Checks
--------------------------------------------------------------------------------------
Clock Name:         GTYE4_CHANNEL_TXOUTCLKPCS[0]
Waveform(ns):       { 0.000 1.552 }
Period(ns):         3.103
Sources:            { cmac_inst/inst/cmac_usplus_0_gt_i/inst/gen_gtwizard_gtye4_top.cmac_usplus_0_gt_gtwizard_gtye4_inst/gen_gtwizard_gtye4.gen_channel_container[1].gen_enabled_channel.gtye4_channel_wrapper_inst/channel_inst/gtye4_channel_gen.gen_gtye4_channel_inst[0].GTYE4_CHANNEL_PRIM_INST/TXOUTCLKPCS }

Check Type        Corner  Lib Pin  Reference Pin  Required(ns)  Actual(ns)  Slack(ns)  Location      Pin
Min Period        n/a     FDCE/C   n/a            0.550         3.103       2.553      SLICE_X0Y243  cmac_inst/inst/cmac_usplus_0_gt_i/inst/gen_gtwizard_gtye4_top.cmac_usplus_0_gt_gtwizard_gtye4_inst/gen_gtwizard_gtye4.gen_pwrgood_delay_inst[0].delay_powergood_inst/gen_powergood_delay.int_pwr_on_fsm_reg/C
Low Pulse Width   Slow    FDCE/C   n/a            0.275         1.552       1.277      SLICE_X0Y243  cmac_inst/inst/cmac_usplus_0_gt_i/inst/gen_gtwizard_gtye4_top.cmac_usplus_0_gt_gtwizard_gtye4_inst/gen_gtwizard_gtye4.gen_pwrgood_delay_inst[0].delay_powergood_inst/gen_powergood_delay.int_pwr_on_fsm_reg/C
High Pulse Width  Slow    FDCE/C   n/a            0.275         1.552       1.277      SLICE_X0Y243  cmac_inst/inst/cmac_usplus_0_gt_i/inst/gen_gtwizard_gtye4_top.cmac_usplus_0_gt_gtwizard_gtye4_inst/gen_gtwizard_gtye4.gen_pwrgood_delay_inst[0].delay_powergood_inst/gen_powergood_delay.int_pwr_on_fsm_reg/C



---------------------------------------------------------------------------------------------------
From Clock:  GTYE4_CHANNEL_TXOUTCLKPCS[1]
  To Clock:  GTYE4_CHANNEL_TXOUTCLKPCS[1]

Setup :            0  Failing Endpoints,  Worst Slack        1.783ns,  Total Violation        0.000ns
Hold  :            0  Failing Endpoints,  Worst Slack        0.053ns,  Total Violation        0.000ns
PW    :            0  Failing Endpoints,  Worst Slack        1.277ns,  Total Violation        0.000ns
---------------------------------------------------------------------------------------------------


Max Delay Paths
--------------------------------------------------------------------------------------
Slack (MET) :             1.783ns  (required time - arrival time)
  Source:                 cmac_inst/inst/cmac_usplus_0_gt_i/inst/gen_gtwizard_gtye4_top.cmac_usplus_0_gt_gtwizard_gtye4_inst/gen_gtwizard_gtye4.gen_pwrgood_delay_inst[1].delay_powergood_inst/gen_powergood_delay.int_pwr_on_fsm_reg/C
                            (rising edge-triggered cell FDCE clocked by GTYE4_CHANNEL_TXOUTCLKPCS[1]  {rise@0.000ns fall@1.552ns period=3.103ns})
  Destination:            cmac_inst/inst/cmac_usplus_0_gt_i/inst/gen_gtwizard_gtye4_top.cmac_usplus_0_gt_gtwizard_gtye4_inst/gen_gtwizard_gtye4.gen_pwrgood_delay_inst[1].delay_powergood_inst/gen_powergood_delay.wait_cnt_reg[5]/CE
                            (rising edge-triggered cell FDRE clocked by GTYE4_CHANNEL_TXOUTCLKPCS[1]  {rise@0.000ns fall@1.552ns period=3.103ns})
  Path Group:             GTYE4_CHANNEL_TXOUTCLKPCS[1]
  Path Type:              Setup (Max at Slow Process Corner)
  Requirement:            3.103ns  (GTYE4_CHANNEL_TXOUTCLKPCS[1] rise@3.103ns - GTYE4_CHANNEL_TXOUTCLKPCS[1] rise@0.000ns)
  Data Path Delay:        1.091ns  (logic 0.147ns (13.474%)  route 0.944ns (86.526%))
  Logic Levels:           1  (LUT1=1)
  Clock Path Skew:        -0.121ns (DCD - SCD + CPR)
    Destination Clock Delay (DCD):    0.459ns = ( 3.562 - 3.103 ) 
    Source Clock Delay      (SCD):    0.722ns
    Clock Pessimism Removal (CPR):    0.141ns
  Clock Uncertainty:      0.046ns  ((TSJ^2 + DJ^2)^1/2) / 2 + PE
    Total System Jitter     (TSJ):    0.071ns
    Discrete Jitter          (DJ):    0.060ns
    Phase Error              (PE):    0.000ns

    Location             Delay type                Incr(ns)  Path(ns)    Netlist Resource(s)
  -------------------------------------------------------------------    -------------------
                         (clock GTYE4_CHANNEL_TXOUTCLKPCS[1] rise edge)
                                                      0.000     0.000 r  
    GTYE4_CHANNEL_X0Y5   GTYE4_CHANNEL                0.000     0.000 r  cmac_inst/inst/cmac_usplus_0_gt_i/inst/gen_gtwizard_gtye4_top.cmac_usplus_0_gt_gtwizard_gtye4_inst/gen_gtwizard_gtye4.gen_channel_container[1].gen_enabled_channel.gtye4_channel_wrapper_inst/channel_inst/gtye4_channel_gen.gen_gtye4_channel_inst[1].GTYE4_CHANNEL_PRIM_INST/TXOUTCLKPCS
                         net (fo=15, routed)          0.722     0.722    cmac_inst/inst/cmac_usplus_0_gt_i/inst/gen_gtwizard_gtye4_top.cmac_usplus_0_gt_gtwizard_gtye4_inst/gen_gtwizard_gtye4.gen_pwrgood_delay_inst[1].delay_powergood_inst/GTYE4_CHANNEL_TXOUTCLKPCS[0]
    SLICE_X0Y241         FDCE                                         r  cmac_inst/inst/cmac_usplus_0_gt_i/inst/gen_gtwizard_gtye4_top.cmac_usplus_0_gt_gtwizard_gtye4_inst/gen_gtwizard_gtye4.gen_pwrgood_delay_inst[1].delay_powergood_inst/gen_powergood_delay.int_pwr_on_fsm_reg/C
  -------------------------------------------------------------------    -------------------
    SLICE_X0Y241         FDCE (Prop_AFF2_SLICEL_C_Q)
                                                      0.081     0.803 f  cmac_inst/inst/cmac_usplus_0_gt_i/inst/gen_gtwizard_gtye4_top.cmac_usplus_0_gt_gtwizard_gtye4_inst/gen_gtwizard_gtye4.gen_pwrgood_delay_inst[1].delay_powergood_inst/gen_powergood_delay.int_pwr_on_fsm_reg/Q
                         net (fo=4, routed)           0.563     1.366    cmac_inst/inst/cmac_usplus_0_gt_i/inst/gen_gtwizard_gtye4_top.cmac_usplus_0_gt_gtwizard_gtye4_inst/gen_gtwizard_gtye4.gen_pwrgood_delay_inst[1].delay_powergood_inst/gen_powergood_delay.int_pwr_on_fsm
    SLICE_X1Y243         LUT1 (Prop_D5LUT_SLICEM_I0_O)
                                                      0.066     1.432 r  cmac_inst/inst/cmac_usplus_0_gt_i/inst/gen_gtwizard_gtye4_top.cmac_usplus_0_gt_gtwizard_gtye4_inst/gen_gtwizard_gtye4.gen_pwrgood_delay_inst[1].delay_powergood_inst/gen_powergood_delay.intclk_rrst_n_r[4]_i_1__0/O
                         net (fo=12, routed)          0.381     1.813    cmac_inst/inst/cmac_usplus_0_gt_i/inst/gen_gtwizard_gtye4_top.cmac_usplus_0_gt_gtwizard_gtye4_inst/gen_gtwizard_gtye4.gen_pwrgood_delay_inst[1].delay_powergood_inst/gen_powergood_delay.intclk_rrst_n_r[4]_i_1__0_n_0
    SLICE_X1Y245         FDRE                                         r  cmac_inst/inst/cmac_usplus_0_gt_i/inst/gen_gtwizard_gtye4_top.cmac_usplus_0_gt_gtwizard_gtye4_inst/gen_gtwizard_gtye4.gen_pwrgood_delay_inst[1].delay_powergood_inst/gen_powergood_delay.wait_cnt_reg[5]/CE
  -------------------------------------------------------------------    -------------------

                         (clock GTYE4_CHANNEL_TXOUTCLKPCS[1] rise edge)
                                                      3.103     3.103 r  
    GTYE4_CHANNEL_X0Y5   GTYE4_CHANNEL                0.000     3.103 r  cmac_inst/inst/cmac_usplus_0_gt_i/inst/gen_gtwizard_gtye4_top.cmac_usplus_0_gt_gtwizard_gtye4_inst/gen_gtwizard_gtye4.gen_channel_container[1].gen_enabled_channel.gtye4_channel_wrapper_inst/channel_inst/gtye4_channel_gen.gen_gtye4_channel_inst[1].GTYE4_CHANNEL_PRIM_INST/TXOUTCLKPCS
                         net (fo=15, routed)          0.459     3.562    cmac_inst/inst/cmac_usplus_0_gt_i/inst/gen_gtwizard_gtye4_top.cmac_usplus_0_gt_gtwizard_gtye4_inst/gen_gtwizard_gtye4.gen_pwrgood_delay_inst[1].delay_powergood_inst/GTYE4_CHANNEL_TXOUTCLKPCS[0]
    SLICE_X1Y245         FDRE                                         r  cmac_inst/inst/cmac_usplus_0_gt_i/inst/gen_gtwizard_gtye4_top.cmac_usplus_0_gt_gtwizard_gtye4_inst/gen_gtwizard_gtye4.gen_pwrgood_delay_inst[1].delay_powergood_inst/gen_powergood_delay.wait_cnt_reg[5]/C
                         clock pessimism              0.141     3.704    
                         clock uncertainty           -0.046     3.657    
    SLICE_X1Y245         FDRE (Setup_EFF2_SLICEM_C_CE)
                                                     -0.061     3.596    cmac_inst/inst/cmac_usplus_0_gt_i/inst/gen_gtwizard_gtye4_top.cmac_usplus_0_gt_gtwizard_gtye4_inst/gen_gtwizard_gtye4.gen_pwrgood_delay_inst[1].delay_powergood_inst/gen_powergood_delay.wait_cnt_reg[5]
  -------------------------------------------------------------------
                         required time                          3.596    
                         arrival time                          -1.813    
  -------------------------------------------------------------------
                         slack                                  1.783    





Min Delay Paths
--------------------------------------------------------------------------------------
Slack (MET) :             0.053ns  (arrival time - required time)
  Source:                 cmac_inst/inst/cmac_usplus_0_gt_i/inst/gen_gtwizard_gtye4_top.cmac_usplus_0_gt_gtwizard_gtye4_inst/gen_gtwizard_gtye4.gen_pwrgood_delay_inst[1].delay_powergood_inst/gen_powergood_delay.intclk_rrst_n_r_reg[4]/C
                            (rising edge-triggered cell FDCE clocked by GTYE4_CHANNEL_TXOUTCLKPCS[1]  {rise@0.000ns fall@1.552ns period=3.103ns})
  Destination:            cmac_inst/inst/cmac_usplus_0_gt_i/inst/gen_gtwizard_gtye4_top.cmac_usplus_0_gt_gtwizard_gtye4_inst/gen_gtwizard_gtye4.gen_pwrgood_delay_inst[1].delay_powergood_inst/gen_powergood_delay.wait_cnt_reg[0]/D
                            (rising edge-triggered cell FDRE clocked by GTYE4_CHANNEL_TXOUTCLKPCS[1]  {rise@0.000ns fall@1.552ns period=3.103ns})
  Path Group:             GTYE4_CHANNEL_TXOUTCLKPCS[1]
  Path Type:              Hold (Min at Slow Process Corner)
  Requirement:            0.000ns  (GTYE4_CHANNEL_TXOUTCLKPCS[1] rise@0.000ns - GTYE4_CHANNEL_TXOUTCLKPCS[1] rise@0.000ns)
  Data Path Delay:        0.335ns  (logic 0.060ns (17.920%)  route 0.275ns (82.080%))
  Logic Levels:           0  
  Clock Path Skew:        0.220ns (DCD - SCD - CPR)
    Destination Clock Delay (DCD):    0.787ns
    Source Clock Delay      (SCD):    0.424ns
    Clock Pessimism Removal (CPR):    0.143ns

    Location             Delay type                Incr(ns)  Path(ns)    Netlist Resource(s)
  -------------------------------------------------------------------    -------------------
                         (clock GTYE4_CHANNEL_TXOUTCLKPCS[1] rise edge)
                                                      0.000     0.000 r  
    GTYE4_CHANNEL_X0Y5   GTYE4_CHANNEL                0.000     0.000 r  cmac_inst/inst/cmac_usplus_0_gt_i/inst/gen_gtwizard_gtye4_top.cmac_usplus_0_gt_gtwizard_gtye4_inst/gen_gtwizard_gtye4.gen_channel_container[1].gen_enabled_channel.gtye4_channel_wrapper_inst/channel_inst/gtye4_channel_gen.gen_gtye4_channel_inst[1].GTYE4_CHANNEL_PRIM_INST/TXOUTCLKPCS
                         net (fo=15, routed)          0.424     0.424    cmac_inst/inst/cmac_usplus_0_gt_i/inst/gen_gtwizard_gtye4_top.cmac_usplus_0_gt_gtwizard_gtye4_inst/gen_gtwizard_gtye4.gen_pwrgood_delay_inst[1].delay_powergood_inst/GTYE4_CHANNEL_TXOUTCLKPCS[0]
    SLICE_X1Y243         FDCE                                         r  cmac_inst/inst/cmac_usplus_0_gt_i/inst/gen_gtwizard_gtye4_top.cmac_usplus_0_gt_gtwizard_gtye4_inst/gen_gtwizard_gtye4.gen_pwrgood_delay_inst[1].delay_powergood_inst/gen_powergood_delay.intclk_rrst_n_r_reg[4]/C
  -------------------------------------------------------------------    -------------------
    SLICE_X1Y243         FDCE (Prop_EFF2_SLICEM_C_Q)
                                                      0.060     0.484 r  cmac_inst/inst/cmac_usplus_0_gt_i/inst/gen_gtwizard_gtye4_top.cmac_usplus_0_gt_gtwizard_gtye4_inst/gen_gtwizard_gtye4.gen_pwrgood_delay_inst[1].delay_powergood_inst/gen_powergood_delay.intclk_rrst_n_r_reg[4]/Q
                         net (fo=9, routed)           0.275     0.759    cmac_inst/inst/cmac_usplus_0_gt_i/inst/gen_gtwizard_gtye4_top.cmac_usplus_0_gt_gtwizard_gtye4_inst/gen_gtwizard_gtye4.gen_pwrgood_delay_inst[1].delay_powergood_inst/gen_powergood_delay.intclk_rrst_n_r[4]
    SLICE_X1Y244         FDRE                                         r  cmac_inst/inst/cmac_usplus_0_gt_i/inst/gen_gtwizard_gtye4_top.cmac_usplus_0_gt_gtwizard_gtye4_inst/gen_gtwizard_gtye4.gen_pwrgood_delay_inst[1].delay_powergood_inst/gen_powergood_delay.wait_cnt_reg[0]/D
  -------------------------------------------------------------------    -------------------

                         (clock GTYE4_CHANNEL_TXOUTCLKPCS[1] rise edge)
                                                      0.000     0.000 r  
    GTYE4_CHANNEL_X0Y5   GTYE4_CHANNEL                0.000     0.000 r  cmac_inst/inst/cmac_usplus_0_gt_i/inst/gen_gtwizard_gtye4_top.cmac_usplus_0_gt_gtwizard_gtye4_inst/gen_gtwizard_gtye4.gen_channel_container[1].gen_enabled_channel.gtye4_channel_wrapper_inst/channel_inst/gtye4_channel_gen.gen_gtye4_channel_inst[1].GTYE4_CHANNEL_PRIM_INST/TXOUTCLKPCS
                         net (fo=15, routed)          0.787     0.787    cmac_inst/inst/cmac_usplus_0_gt_i/inst/gen_gtwizard_gtye4_top.cmac_usplus_0_gt_gtwizard_gtye4_inst/gen_gtwizard_gtye4.gen_pwrgood_delay_inst[1].delay_powergood_inst/GTYE4_CHANNEL_TXOUTCLKPCS[0]
    SLICE_X1Y244         FDRE                                         r  cmac_inst/inst/cmac_usplus_0_gt_i/inst/gen_gtwizard_gtye4_top.cmac_usplus_0_gt_gtwizard_gtye4_inst/gen_gtwizard_gtye4.gen_pwrgood_delay_inst[1].delay_powergood_inst/gen_powergood_delay.wait_cnt_reg[0]/C
                         clock pessimism             -0.143     0.644    
    SLICE_X1Y244         FDRE (Hold_AFF2_SLICEM_C_D)
                                                      0.062     0.706    cmac_inst/inst/cmac_usplus_0_gt_i/inst/gen_gtwizard_gtye4_top.cmac_usplus_0_gt_gtwizard_gtye4_inst/gen_gtwizard_gtye4.gen_pwrgood_delay_inst[1].delay_powergood_inst/gen_powergood_delay.wait_cnt_reg[0]
  -------------------------------------------------------------------
                         required time                         -0.706    
                         arrival time                           0.759    
  -------------------------------------------------------------------
                         slack                                  0.053    





Pulse Width Checks
--------------------------------------------------------------------------------------
Clock Name:         GTYE4_CHANNEL_TXOUTCLKPCS[1]
Waveform(ns):       { 0.000 1.552 }
Period(ns):         3.103
Sources:            { cmac_inst/inst/cmac_usplus_0_gt_i/inst/gen_gtwizard_gtye4_top.cmac_usplus_0_gt_gtwizard_gtye4_inst/gen_gtwizard_gtye4.gen_channel_container[1].gen_enabled_channel.gtye4_channel_wrapper_inst/channel_inst/gtye4_channel_gen.gen_gtye4_channel_inst[1].GTYE4_CHANNEL_PRIM_INST/TXOUTCLKPCS }

Check Type        Corner  Lib Pin  Reference Pin  Required(ns)  Actual(ns)  Slack(ns)  Location      Pin
Min Period        n/a     FDCE/C   n/a            0.550         3.103       2.553      SLICE_X0Y241  cmac_inst/inst/cmac_usplus_0_gt_i/inst/gen_gtwizard_gtye4_top.cmac_usplus_0_gt_gtwizard_gtye4_inst/gen_gtwizard_gtye4.gen_pwrgood_delay_inst[1].delay_powergood_inst/gen_powergood_delay.int_pwr_on_fsm_reg/C
Low Pulse Width   Slow    FDCE/C   n/a            0.275         1.552       1.277      SLICE_X0Y241  cmac_inst/inst/cmac_usplus_0_gt_i/inst/gen_gtwizard_gtye4_top.cmac_usplus_0_gt_gtwizard_gtye4_inst/gen_gtwizard_gtye4.gen_pwrgood_delay_inst[1].delay_powergood_inst/gen_powergood_delay.int_pwr_on_fsm_reg/C
High Pulse Width  Slow    FDCE/C   n/a            0.275         1.552       1.277      SLICE_X0Y241  cmac_inst/inst/cmac_usplus_0_gt_i/inst/gen_gtwizard_gtye4_top.cmac_usplus_0_gt_gtwizard_gtye4_inst/gen_gtwizard_gtye4.gen_pwrgood_delay_inst[1].delay_powergood_inst/gen_powergood_delay.int_pwr_on_fsm_reg/C



---------------------------------------------------------------------------------------------------
From Clock:  GTYE4_CHANNEL_TXOUTCLKPCS[2]
  To Clock:  GTYE4_CHANNEL_TXOUTCLKPCS[2]

Setup :            0  Failing Endpoints,  Worst Slack        1.938ns,  Total Violation        0.000ns
Hold  :            0  Failing Endpoints,  Worst Slack        0.125ns,  Total Violation        0.000ns
PW    :            0  Failing Endpoints,  Worst Slack        1.277ns,  Total Violation        0.000ns
---------------------------------------------------------------------------------------------------


Max Delay Paths
--------------------------------------------------------------------------------------
Slack (MET) :             1.938ns  (required time - arrival time)
  Source:                 cmac_inst/inst/cmac_usplus_0_gt_i/inst/gen_gtwizard_gtye4_top.cmac_usplus_0_gt_gtwizard_gtye4_inst/gen_gtwizard_gtye4.gen_pwrgood_delay_inst[2].delay_powergood_inst/gen_powergood_delay.int_pwr_on_fsm_reg/C
                            (rising edge-triggered cell FDCE clocked by GTYE4_CHANNEL_TXOUTCLKPCS[2]  {rise@0.000ns fall@1.552ns period=3.103ns})
  Destination:            cmac_inst/inst/cmac_usplus_0_gt_i/inst/gen_gtwizard_gtye4_top.cmac_usplus_0_gt_gtwizard_gtye4_inst/gen_gtwizard_gtye4.gen_pwrgood_delay_inst[2].delay_powergood_inst/gen_powergood_delay.wait_cnt_reg[1]/CE
                            (rising edge-triggered cell FDRE clocked by GTYE4_CHANNEL_TXOUTCLKPCS[2]  {rise@0.000ns fall@1.552ns period=3.103ns})
  Path Group:             GTYE4_CHANNEL_TXOUTCLKPCS[2]
  Path Type:              Setup (Max at Slow Process Corner)
  Requirement:            3.103ns  (GTYE4_CHANNEL_TXOUTCLKPCS[2] rise@3.103ns - GTYE4_CHANNEL_TXOUTCLKPCS[2] rise@0.000ns)
  Data Path Delay:        0.930ns  (logic 0.171ns (18.394%)  route 0.759ns (81.606%))
  Logic Levels:           1  (LUT1=1)
  Clock Path Skew:        -0.130ns (DCD - SCD + CPR)
    Destination Clock Delay (DCD):    0.521ns = ( 3.624 - 3.103 ) 
    Source Clock Delay      (SCD):    0.816ns
    Clock Pessimism Removal (CPR):    0.165ns
  Clock Uncertainty:      0.046ns  ((TSJ^2 + DJ^2)^1/2) / 2 + PE
    Total System Jitter     (TSJ):    0.071ns
    Discrete Jitter          (DJ):    0.060ns
    Phase Error              (PE):    0.000ns

    Location             Delay type                Incr(ns)  Path(ns)    Netlist Resource(s)
  -------------------------------------------------------------------    -------------------
                         (clock GTYE4_CHANNEL_TXOUTCLKPCS[2] rise edge)
                                                      0.000     0.000 r  
    GTYE4_CHANNEL_X0Y6   GTYE4_CHANNEL                0.000     0.000 r  cmac_inst/inst/cmac_usplus_0_gt_i/inst/gen_gtwizard_gtye4_top.cmac_usplus_0_gt_gtwizard_gtye4_inst/gen_gtwizard_gtye4.gen_channel_container[1].gen_enabled_channel.gtye4_channel_wrapper_inst/channel_inst/gtye4_channel_gen.gen_gtye4_channel_inst[2].GTYE4_CHANNEL_PRIM_INST/TXOUTCLKPCS
                         net (fo=15, routed)          0.816     0.816    cmac_inst/inst/cmac_usplus_0_gt_i/inst/gen_gtwizard_gtye4_top.cmac_usplus_0_gt_gtwizard_gtye4_inst/gen_gtwizard_gtye4.gen_pwrgood_delay_inst[2].delay_powergood_inst/GTYE4_CHANNEL_TXOUTCLKPCS[0]
    SLICE_X2Y240         FDCE                                         r  cmac_inst/inst/cmac_usplus_0_gt_i/inst/gen_gtwizard_gtye4_top.cmac_usplus_0_gt_gtwizard_gtye4_inst/gen_gtwizard_gtye4.gen_pwrgood_delay_inst[2].delay_powergood_inst/gen_powergood_delay.int_pwr_on_fsm_reg/C
  -------------------------------------------------------------------    -------------------
    SLICE_X2Y240         FDCE (Prop_AFF2_SLICEL_C_Q)
                                                      0.081     0.897 f  cmac_inst/inst/cmac_usplus_0_gt_i/inst/gen_gtwizard_gtye4_top.cmac_usplus_0_gt_gtwizard_gtye4_inst/gen_gtwizard_gtye4.gen_pwrgood_delay_inst[2].delay_powergood_inst/gen_powergood_delay.int_pwr_on_fsm_reg/Q
                         net (fo=4, routed)           0.240     1.137    cmac_inst/inst/cmac_usplus_0_gt_i/inst/gen_gtwizard_gtye4_top.cmac_usplus_0_gt_gtwizard_gtye4_inst/gen_gtwizard_gtye4.gen_pwrgood_delay_inst[2].delay_powergood_inst/gen_powergood_delay.int_pwr_on_fsm
    SLICE_X2Y236         LUT1 (Prop_E6LUT_SLICEL_I0_O)
                                                      0.090     1.227 r  cmac_inst/inst/cmac_usplus_0_gt_i/inst/gen_gtwizard_gtye4_top.cmac_usplus_0_gt_gtwizard_gtye4_inst/gen_gtwizard_gtye4.gen_pwrgood_delay_inst[2].delay_powergood_inst/gen_powergood_delay.intclk_rrst_n_r[4]_i_1__1/O
                         net (fo=12, routed)          0.518     1.745    cmac_inst/inst/cmac_usplus_0_gt_i/inst/gen_gtwizard_gtye4_top.cmac_usplus_0_gt_gtwizard_gtye4_inst/gen_gtwizard_gtye4.gen_pwrgood_delay_inst[2].delay_powergood_inst/gen_powergood_delay.intclk_rrst_n_r[4]_i_1__1_n_0
    SLICE_X2Y237         FDRE                                         r  cmac_inst/inst/cmac_usplus_0_gt_i/inst/gen_gtwizard_gtye4_top.cmac_usplus_0_gt_gtwizard_gtye4_inst/gen_gtwizard_gtye4.gen_pwrgood_delay_inst[2].delay_powergood_inst/gen_powergood_delay.wait_cnt_reg[1]/CE
  -------------------------------------------------------------------    -------------------

                         (clock GTYE4_CHANNEL_TXOUTCLKPCS[2] rise edge)
                                                      3.103     3.103 r  
    GTYE4_CHANNEL_X0Y6   GTYE4_CHANNEL                0.000     3.103 r  cmac_inst/inst/cmac_usplus_0_gt_i/inst/gen_gtwizard_gtye4_top.cmac_usplus_0_gt_gtwizard_gtye4_inst/gen_gtwizard_gtye4.gen_channel_container[1].gen_enabled_channel.gtye4_channel_wrapper_inst/channel_inst/gtye4_channel_gen.gen_gtye4_channel_inst[2].GTYE4_CHANNEL_PRIM_INST/TXOUTCLKPCS
                         net (fo=15, routed)          0.521     3.624    cmac_inst/inst/cmac_usplus_0_gt_i/inst/gen_gtwizard_gtye4_top.cmac_usplus_0_gt_gtwizard_gtye4_inst/gen_gtwizard_gtye4.gen_pwrgood_delay_inst[2].delay_powergood_inst/GTYE4_CHANNEL_TXOUTCLKPCS[0]
    SLICE_X2Y237         FDRE                                         r  cmac_inst/inst/cmac_usplus_0_gt_i/inst/gen_gtwizard_gtye4_top.cmac_usplus_0_gt_gtwizard_gtye4_inst/gen_gtwizard_gtye4.gen_pwrgood_delay_inst[2].delay_powergood_inst/gen_powergood_delay.wait_cnt_reg[1]/C
                         clock pessimism              0.165     3.789    
                         clock uncertainty           -0.046     3.742    
    SLICE_X2Y237         FDRE (Setup_AFF2_SLICEL_C_CE)
                                                     -0.059     3.683    cmac_inst/inst/cmac_usplus_0_gt_i/inst/gen_gtwizard_gtye4_top.cmac_usplus_0_gt_gtwizard_gtye4_inst/gen_gtwizard_gtye4.gen_pwrgood_delay_inst[2].delay_powergood_inst/gen_powergood_delay.wait_cnt_reg[1]
  -------------------------------------------------------------------
                         required time                          3.683    
                         arrival time                          -1.745    
  -------------------------------------------------------------------
                         slack                                  1.938    





Min Delay Paths
--------------------------------------------------------------------------------------
Slack (MET) :             0.125ns  (arrival time - required time)
  Source:                 cmac_inst/inst/cmac_usplus_0_gt_i/inst/gen_gtwizard_gtye4_top.cmac_usplus_0_gt_gtwizard_gtye4_inst/gen_gtwizard_gtye4.gen_pwrgood_delay_inst[2].delay_powergood_inst/gen_powergood_delay.wait_cnt_reg[0]/C
                            (rising edge-triggered cell FDRE clocked by GTYE4_CHANNEL_TXOUTCLKPCS[2]  {rise@0.000ns fall@1.552ns period=3.103ns})
  Destination:            cmac_inst/inst/cmac_usplus_0_gt_i/inst/gen_gtwizard_gtye4_top.cmac_usplus_0_gt_gtwizard_gtye4_inst/gen_gtwizard_gtye4.gen_pwrgood_delay_inst[2].delay_powergood_inst/gen_powergood_delay.wait_cnt_reg[1]/D
                            (rising edge-triggered cell FDRE clocked by GTYE4_CHANNEL_TXOUTCLKPCS[2]  {rise@0.000ns fall@1.552ns period=3.103ns})
  Path Group:             GTYE4_CHANNEL_TXOUTCLKPCS[2]
  Path Type:              Hold (Min at Slow Process Corner)
  Requirement:            0.000ns  (GTYE4_CHANNEL_TXOUTCLKPCS[2] rise@0.000ns - GTYE4_CHANNEL_TXOUTCLKPCS[2] rise@0.000ns)
  Data Path Delay:        0.350ns  (logic 0.060ns (17.143%)  route 0.290ns (82.857%))
  Logic Levels:           0  
  Clock Path Skew:        0.163ns (DCD - SCD - CPR)
    Destination Clock Delay (DCD):    0.818ns
    Source Clock Delay      (SCD):    0.491ns
    Clock Pessimism Removal (CPR):    0.164ns

    Location             Delay type                Incr(ns)  Path(ns)    Netlist Resource(s)
  -------------------------------------------------------------------    -------------------
                         (clock GTYE4_CHANNEL_TXOUTCLKPCS[2] rise edge)
                                                      0.000     0.000 r  
    GTYE4_CHANNEL_X0Y6   GTYE4_CHANNEL                0.000     0.000 r  cmac_inst/inst/cmac_usplus_0_gt_i/inst/gen_gtwizard_gtye4_top.cmac_usplus_0_gt_gtwizard_gtye4_inst/gen_gtwizard_gtye4.gen_channel_container[1].gen_enabled_channel.gtye4_channel_wrapper_inst/channel_inst/gtye4_channel_gen.gen_gtye4_channel_inst[2].GTYE4_CHANNEL_PRIM_INST/TXOUTCLKPCS
                         net (fo=15, routed)          0.491     0.491    cmac_inst/inst/cmac_usplus_0_gt_i/inst/gen_gtwizard_gtye4_top.cmac_usplus_0_gt_gtwizard_gtye4_inst/gen_gtwizard_gtye4.gen_pwrgood_delay_inst[2].delay_powergood_inst/GTYE4_CHANNEL_TXOUTCLKPCS[0]
    SLICE_X2Y236         FDRE                                         r  cmac_inst/inst/cmac_usplus_0_gt_i/inst/gen_gtwizard_gtye4_top.cmac_usplus_0_gt_gtwizard_gtye4_inst/gen_gtwizard_gtye4.gen_pwrgood_delay_inst[2].delay_powergood_inst/gen_powergood_delay.wait_cnt_reg[0]/C
  -------------------------------------------------------------------    -------------------
    SLICE_X2Y236         FDRE (Prop_AFF2_SLICEL_C_Q)
                                                      0.060     0.551 r  cmac_inst/inst/cmac_usplus_0_gt_i/inst/gen_gtwizard_gtye4_top.cmac_usplus_0_gt_gtwizard_gtye4_inst/gen_gtwizard_gtye4.gen_pwrgood_delay_inst[2].delay_powergood_inst/gen_powergood_delay.wait_cnt_reg[0]/Q
                         net (fo=1, routed)           0.290     0.841    cmac_inst/inst/cmac_usplus_0_gt_i/inst/gen_gtwizard_gtye4_top.cmac_usplus_0_gt_gtwizard_gtye4_inst/gen_gtwizard_gtye4.gen_pwrgood_delay_inst[2].delay_powergood_inst/gen_powergood_delay.wait_cnt[0]
    SLICE_X2Y237         FDRE                                         r  cmac_inst/inst/cmac_usplus_0_gt_i/inst/gen_gtwizard_gtye4_top.cmac_usplus_0_gt_gtwizard_gtye4_inst/gen_gtwizard_gtye4.gen_pwrgood_delay_inst[2].delay_powergood_inst/gen_powergood_delay.wait_cnt_reg[1]/D
  -------------------------------------------------------------------    -------------------

                         (clock GTYE4_CHANNEL_TXOUTCLKPCS[2] rise edge)
                                                      0.000     0.000 r  
    GTYE4_CHANNEL_X0Y6   GTYE4_CHANNEL                0.000     0.000 r  cmac_inst/inst/cmac_usplus_0_gt_i/inst/gen_gtwizard_gtye4_top.cmac_usplus_0_gt_gtwizard_gtye4_inst/gen_gtwizard_gtye4.gen_channel_container[1].gen_enabled_channel.gtye4_channel_wrapper_inst/channel_inst/gtye4_channel_gen.gen_gtye4_channel_inst[2].GTYE4_CHANNEL_PRIM_INST/TXOUTCLKPCS
                         net (fo=15, routed)          0.818     0.818    cmac_inst/inst/cmac_usplus_0_gt_i/inst/gen_gtwizard_gtye4_top.cmac_usplus_0_gt_gtwizard_gtye4_inst/gen_gtwizard_gtye4.gen_pwrgood_delay_inst[2].delay_powergood_inst/GTYE4_CHANNEL_TXOUTCLKPCS[0]
    SLICE_X2Y237         FDRE                                         r  cmac_inst/inst/cmac_usplus_0_gt_i/inst/gen_gtwizard_gtye4_top.cmac_usplus_0_gt_gtwizard_gtye4_inst/gen_gtwizard_gtye4.gen_pwrgood_delay_inst[2].delay_powergood_inst/gen_powergood_delay.wait_cnt_reg[1]/C
                         clock pessimism             -0.164     0.654    
    SLICE_X2Y237         FDRE (Hold_AFF2_SLICEL_C_D)
                                                      0.062     0.716    cmac_inst/inst/cmac_usplus_0_gt_i/inst/gen_gtwizard_gtye4_top.cmac_usplus_0_gt_gtwizard_gtye4_inst/gen_gtwizard_gtye4.gen_pwrgood_delay_inst[2].delay_powergood_inst/gen_powergood_delay.wait_cnt_reg[1]
  -------------------------------------------------------------------
                         required time                         -0.716    
                         arrival time                           0.841    
  -------------------------------------------------------------------
                         slack                                  0.125    





Pulse Width Checks
--------------------------------------------------------------------------------------
Clock Name:         GTYE4_CHANNEL_TXOUTCLKPCS[2]
Waveform(ns):       { 0.000 1.552 }
Period(ns):         3.103
Sources:            { cmac_inst/inst/cmac_usplus_0_gt_i/inst/gen_gtwizard_gtye4_top.cmac_usplus_0_gt_gtwizard_gtye4_inst/gen_gtwizard_gtye4.gen_channel_container[1].gen_enabled_channel.gtye4_channel_wrapper_inst/channel_inst/gtye4_channel_gen.gen_gtye4_channel_inst[2].GTYE4_CHANNEL_PRIM_INST/TXOUTCLKPCS }

Check Type        Corner  Lib Pin  Reference Pin  Required(ns)  Actual(ns)  Slack(ns)  Location      Pin
Min Period        n/a     FDCE/C   n/a            0.550         3.103       2.553      SLICE_X2Y240  cmac_inst/inst/cmac_usplus_0_gt_i/inst/gen_gtwizard_gtye4_top.cmac_usplus_0_gt_gtwizard_gtye4_inst/gen_gtwizard_gtye4.gen_pwrgood_delay_inst[2].delay_powergood_inst/gen_powergood_delay.int_pwr_on_fsm_reg/C
Low Pulse Width   Slow    FDCE/C   n/a            0.275         1.552       1.277      SLICE_X2Y240  cmac_inst/inst/cmac_usplus_0_gt_i/inst/gen_gtwizard_gtye4_top.cmac_usplus_0_gt_gtwizard_gtye4_inst/gen_gtwizard_gtye4.gen_pwrgood_delay_inst[2].delay_powergood_inst/gen_powergood_delay.int_pwr_on_fsm_reg/C
High Pulse Width  Slow    FDCE/C   n/a            0.275         1.552       1.277      SLICE_X2Y240  cmac_inst/inst/cmac_usplus_0_gt_i/inst/gen_gtwizard_gtye4_top.cmac_usplus_0_gt_gtwizard_gtye4_inst/gen_gtwizard_gtye4.gen_pwrgood_delay_inst[2].delay_powergood_inst/gen_powergood_delay.int_pwr_on_fsm_reg/C



---------------------------------------------------------------------------------------------------
From Clock:  GTYE4_CHANNEL_TXOUTCLKPCS[3]
  To Clock:  GTYE4_CHANNEL_TXOUTCLKPCS[3]

Setup :            0  Failing Endpoints,  Worst Slack        1.567ns,  Total Violation        0.000ns
Hold  :            0  Failing Endpoints,  Worst Slack        0.248ns,  Total Violation        0.000ns
PW    :            0  Failing Endpoints,  Worst Slack        1.277ns,  Total Violation        0.000ns
---------------------------------------------------------------------------------------------------


Max Delay Paths
--------------------------------------------------------------------------------------
Slack (MET) :             1.567ns  (required time - arrival time)
  Source:                 cmac_inst/inst/cmac_usplus_0_gt_i/inst/gen_gtwizard_gtye4_top.cmac_usplus_0_gt_gtwizard_gtye4_inst/gen_gtwizard_gtye4.gen_pwrgood_delay_inst[3].delay_powergood_inst/gen_powergood_delay.int_pwr_on_fsm_reg/C
                            (rising edge-triggered cell FDCE clocked by GTYE4_CHANNEL_TXOUTCLKPCS[3]  {rise@0.000ns fall@1.552ns period=3.103ns})
  Destination:            cmac_inst/inst/cmac_usplus_0_gt_i/inst/gen_gtwizard_gtye4_top.cmac_usplus_0_gt_gtwizard_gtye4_inst/gen_gtwizard_gtye4.gen_pwrgood_delay_inst[3].delay_powergood_inst/gen_powergood_delay.intclk_rrst_n_r_reg[0]/CE
                            (rising edge-triggered cell FDCE clocked by GTYE4_CHANNEL_TXOUTCLKPCS[3]  {rise@0.000ns fall@1.552ns period=3.103ns})
  Path Group:             GTYE4_CHANNEL_TXOUTCLKPCS[3]
  Path Type:              Setup (Max at Slow Process Corner)
  Requirement:            3.103ns  (GTYE4_CHANNEL_TXOUTCLKPCS[3] rise@3.103ns - GTYE4_CHANNEL_TXOUTCLKPCS[3] rise@0.000ns)
  Data Path Delay:        1.293ns  (logic 0.177ns (13.690%)  route 1.116ns (86.310%))
  Logic Levels:           1  (LUT1=1)
  Clock Path Skew:        -0.137ns (DCD - SCD + CPR)
    Destination Clock Delay (DCD):    0.696ns = ( 3.799 - 3.103 ) 
    Source Clock Delay      (SCD):    1.109ns
    Clock Pessimism Removal (CPR):    0.276ns
  Clock Uncertainty:      0.046ns  ((TSJ^2 + DJ^2)^1/2) / 2 + PE
    Total System Jitter     (TSJ):    0.071ns
    Discrete Jitter          (DJ):    0.060ns
    Phase Error              (PE):    0.000ns

    Location             Delay type                Incr(ns)  Path(ns)    Netlist Resource(s)
  -------------------------------------------------------------------    -------------------
                         (clock GTYE4_CHANNEL_TXOUTCLKPCS[3] rise edge)
                                                      0.000     0.000 r  
    GTYE4_CHANNEL_X0Y7   GTYE4_CHANNEL                0.000     0.000 r  cmac_inst/inst/cmac_usplus_0_gt_i/inst/gen_gtwizard_gtye4_top.cmac_usplus_0_gt_gtwizard_gtye4_inst/gen_gtwizard_gtye4.gen_channel_container[1].gen_enabled_channel.gtye4_channel_wrapper_inst/channel_inst/gtye4_channel_gen.gen_gtye4_channel_inst[3].GTYE4_CHANNEL_PRIM_INST/TXOUTCLKPCS
                         net (fo=15, routed)          1.109     1.109    cmac_inst/inst/cmac_usplus_0_gt_i/inst/gen_gtwizard_gtye4_top.cmac_usplus_0_gt_gtwizard_gtye4_inst/gen_gtwizard_gtye4.gen_pwrgood_delay_inst[3].delay_powergood_inst/GTYE4_CHANNEL_TXOUTCLKPCS[0]
    SLICE_X3Y240         FDCE                                         r  cmac_inst/inst/cmac_usplus_0_gt_i/inst/gen_gtwizard_gtye4_top.cmac_usplus_0_gt_gtwizard_gtye4_inst/gen_gtwizard_gtye4.gen_pwrgood_delay_inst[3].delay_powergood_inst/gen_powergood_delay.int_pwr_on_fsm_reg/C
  -------------------------------------------------------------------    -------------------
    SLICE_X3Y240         FDCE (Prop_AFF2_SLICEL_C_Q)
                                                      0.081     1.190 f  cmac_inst/inst/cmac_usplus_0_gt_i/inst/gen_gtwizard_gtye4_top.cmac_usplus_0_gt_gtwizard_gtye4_inst/gen_gtwizard_gtye4.gen_pwrgood_delay_inst[3].delay_powergood_inst/gen_powergood_delay.int_pwr_on_fsm_reg/Q
                         net (fo=4, routed)           0.520     1.710    cmac_inst/inst/cmac_usplus_0_gt_i/inst/gen_gtwizard_gtye4_top.cmac_usplus_0_gt_gtwizard_gtye4_inst/gen_gtwizard_gtye4.gen_pwrgood_delay_inst[3].delay_powergood_inst/gen_powergood_delay.int_pwr_on_fsm
    SLICE_X3Y239         LUT1 (Prop_D5LUT_SLICEL_I0_O)
                                                      0.096     1.806 r  cmac_inst/inst/cmac_usplus_0_gt_i/inst/gen_gtwizard_gtye4_top.cmac_usplus_0_gt_gtwizard_gtye4_inst/gen_gtwizard_gtye4.gen_pwrgood_delay_inst[3].delay_powergood_inst/gen_powergood_delay.intclk_rrst_n_r[4]_i_1__2/O
                         net (fo=12, routed)          0.596     2.402    cmac_inst/inst/cmac_usplus_0_gt_i/inst/gen_gtwizard_gtye4_top.cmac_usplus_0_gt_gtwizard_gtye4_inst/gen_gtwizard_gtye4.gen_pwrgood_delay_inst[3].delay_powergood_inst/gen_powergood_delay.intclk_rrst_n_r[4]_i_1__2_n_0
    SLICE_X3Y237         FDCE                                         r  cmac_inst/inst/cmac_usplus_0_gt_i/inst/gen_gtwizard_gtye4_top.cmac_usplus_0_gt_gtwizard_gtye4_inst/gen_gtwizard_gtye4.gen_pwrgood_delay_inst[3].delay_powergood_inst/gen_powergood_delay.intclk_rrst_n_r_reg[0]/CE
  -------------------------------------------------------------------    -------------------

                         (clock GTYE4_CHANNEL_TXOUTCLKPCS[3] rise edge)
                                                      3.103     3.103 r  
    GTYE4_CHANNEL_X0Y7   GTYE4_CHANNEL                0.000     3.103 r  cmac_inst/inst/cmac_usplus_0_gt_i/inst/gen_gtwizard_gtye4_top.cmac_usplus_0_gt_gtwizard_gtye4_inst/gen_gtwizard_gtye4.gen_channel_container[1].gen_enabled_channel.gtye4_channel_wrapper_inst/channel_inst/gtye4_channel_gen.gen_gtye4_channel_inst[3].GTYE4_CHANNEL_PRIM_INST/TXOUTCLKPCS
                         net (fo=15, routed)          0.696     3.799    cmac_inst/inst/cmac_usplus_0_gt_i/inst/gen_gtwizard_gtye4_top.cmac_usplus_0_gt_gtwizard_gtye4_inst/gen_gtwizard_gtye4.gen_pwrgood_delay_inst[3].delay_powergood_inst/GTYE4_CHANNEL_TXOUTCLKPCS[0]
    SLICE_X3Y237         FDCE                                         r  cmac_inst/inst/cmac_usplus_0_gt_i/inst/gen_gtwizard_gtye4_top.cmac_usplus_0_gt_gtwizard_gtye4_inst/gen_gtwizard_gtye4.gen_pwrgood_delay_inst[3].delay_powergood_inst/gen_powergood_delay.intclk_rrst_n_r_reg[0]/C
                         clock pessimism              0.276     4.075    
                         clock uncertainty           -0.046     4.029    
    SLICE_X3Y237         FDCE (Setup_AFF2_SLICEL_C_CE)
                                                     -0.059     3.970    cmac_inst/inst/cmac_usplus_0_gt_i/inst/gen_gtwizard_gtye4_top.cmac_usplus_0_gt_gtwizard_gtye4_inst/gen_gtwizard_gtye4.gen_pwrgood_delay_inst[3].delay_powergood_inst/gen_powergood_delay.intclk_rrst_n_r_reg[0]
  -------------------------------------------------------------------
                         required time                          3.970    
                         arrival time                          -2.402    
  -------------------------------------------------------------------
                         slack                                  1.567    





Min Delay Paths
--------------------------------------------------------------------------------------
Slack (MET) :             0.248ns  (arrival time - required time)
  Source:                 cmac_inst/inst/cmac_usplus_0_gt_i/inst/gen_gtwizard_gtye4_top.cmac_usplus_0_gt_gtwizard_gtye4_inst/gen_gtwizard_gtye4.gen_pwrgood_delay_inst[3].delay_powergood_inst/gen_powergood_delay.intclk_rrst_n_r_reg[2]/C
                            (rising edge-triggered cell FDCE clocked by GTYE4_CHANNEL_TXOUTCLKPCS[3]  {rise@0.000ns fall@1.552ns period=3.103ns})
  Destination:            cmac_inst/inst/cmac_usplus_0_gt_i/inst/gen_gtwizard_gtye4_top.cmac_usplus_0_gt_gtwizard_gtye4_inst/gen_gtwizard_gtye4.gen_pwrgood_delay_inst[3].delay_powergood_inst/gen_powergood_delay.intclk_rrst_n_r_reg[3]/D
                            (rising edge-triggered cell FDCE clocked by GTYE4_CHANNEL_TXOUTCLKPCS[3]  {rise@0.000ns fall@1.552ns period=3.103ns})
  Path Group:             GTYE4_CHANNEL_TXOUTCLKPCS[3]
  Path Type:              Hold (Min at Fast Process Corner)
  Requirement:            0.000ns  (GTYE4_CHANNEL_TXOUTCLKPCS[3] rise@0.000ns - GTYE4_CHANNEL_TXOUTCLKPCS[3] rise@0.000ns)
  Data Path Delay:        0.301ns  (logic 0.040ns (13.289%)  route 0.261ns (86.711%))
  Logic Levels:           0  
  Clock Path Skew:        0.006ns (DCD - SCD - CPR)
    Destination Clock Delay (DCD):    0.725ns
    Source Clock Delay      (SCD):    0.563ns
    Clock Pessimism Removal (CPR):    0.156ns

    Location             Delay type                Incr(ns)  Path(ns)    Netlist Resource(s)
  -------------------------------------------------------------------    -------------------
                         (clock GTYE4_CHANNEL_TXOUTCLKPCS[3] rise edge)
                                                      0.000     0.000 r  
    GTYE4_CHANNEL_X0Y7   GTYE4_CHANNEL                0.000     0.000 r  cmac_inst/inst/cmac_usplus_0_gt_i/inst/gen_gtwizard_gtye4_top.cmac_usplus_0_gt_gtwizard_gtye4_inst/gen_gtwizard_gtye4.gen_channel_container[1].gen_enabled_channel.gtye4_channel_wrapper_inst/channel_inst/gtye4_channel_gen.gen_gtye4_channel_inst[3].GTYE4_CHANNEL_PRIM_INST/TXOUTCLKPCS
                         net (fo=15, routed)          0.563     0.563    cmac_inst/inst/cmac_usplus_0_gt_i/inst/gen_gtwizard_gtye4_top.cmac_usplus_0_gt_gtwizard_gtye4_inst/gen_gtwizard_gtye4.gen_pwrgood_delay_inst[3].delay_powergood_inst/GTYE4_CHANNEL_TXOUTCLKPCS[0]
    SLICE_X3Y237         FDCE                                         r  cmac_inst/inst/cmac_usplus_0_gt_i/inst/gen_gtwizard_gtye4_top.cmac_usplus_0_gt_gtwizard_gtye4_inst/gen_gtwizard_gtye4.gen_pwrgood_delay_inst[3].delay_powergood_inst/gen_powergood_delay.intclk_rrst_n_r_reg[2]/C
  -------------------------------------------------------------------    -------------------
    SLICE_X3Y237         FDCE (Prop_CFF2_SLICEL_C_Q)
                                                      0.040     0.603 r  cmac_inst/inst/cmac_usplus_0_gt_i/inst/gen_gtwizard_gtye4_top.cmac_usplus_0_gt_gtwizard_gtye4_inst/gen_gtwizard_gtye4.gen_pwrgood_delay_inst[3].delay_powergood_inst/gen_powergood_delay.intclk_rrst_n_r_reg[2]/Q
                         net (fo=1, routed)           0.261     0.864    cmac_inst/inst/cmac_usplus_0_gt_i/inst/gen_gtwizard_gtye4_top.cmac_usplus_0_gt_gtwizard_gtye4_inst/gen_gtwizard_gtye4.gen_pwrgood_delay_inst[3].delay_powergood_inst/gen_powergood_delay.intclk_rrst_n_r[2]
    SLICE_X3Y237         FDCE                                         r  cmac_inst/inst/cmac_usplus_0_gt_i/inst/gen_gtwizard_gtye4_top.cmac_usplus_0_gt_gtwizard_gtye4_inst/gen_gtwizard_gtye4.gen_pwrgood_delay_inst[3].delay_powergood_inst/gen_powergood_delay.intclk_rrst_n_r_reg[3]/D
  -------------------------------------------------------------------    -------------------

                         (clock GTYE4_CHANNEL_TXOUTCLKPCS[3] rise edge)
                                                      0.000     0.000 r  
    GTYE4_CHANNEL_X0Y7   GTYE4_CHANNEL                0.000     0.000 r  cmac_inst/inst/cmac_usplus_0_gt_i/inst/gen_gtwizard_gtye4_top.cmac_usplus_0_gt_gtwizard_gtye4_inst/gen_gtwizard_gtye4.gen_channel_container[1].gen_enabled_channel.gtye4_channel_wrapper_inst/channel_inst/gtye4_channel_gen.gen_gtye4_channel_inst[3].GTYE4_CHANNEL_PRIM_INST/TXOUTCLKPCS
                         net (fo=15, routed)          0.725     0.725    cmac_inst/inst/cmac_usplus_0_gt_i/inst/gen_gtwizard_gtye4_top.cmac_usplus_0_gt_gtwizard_gtye4_inst/gen_gtwizard_gtye4.gen_pwrgood_delay_inst[3].delay_powergood_inst/GTYE4_CHANNEL_TXOUTCLKPCS[0]
    SLICE_X3Y237         FDCE                                         r  cmac_inst/inst/cmac_usplus_0_gt_i/inst/gen_gtwizard_gtye4_top.cmac_usplus_0_gt_gtwizard_gtye4_inst/gen_gtwizard_gtye4.gen_pwrgood_delay_inst[3].delay_powergood_inst/gen_powergood_delay.intclk_rrst_n_r_reg[3]/C
                         clock pessimism             -0.156     0.569    
    SLICE_X3Y237         FDCE (Hold_DFF2_SLICEL_C_D)
                                                      0.047     0.616    cmac_inst/inst/cmac_usplus_0_gt_i/inst/gen_gtwizard_gtye4_top.cmac_usplus_0_gt_gtwizard_gtye4_inst/gen_gtwizard_gtye4.gen_pwrgood_delay_inst[3].delay_powergood_inst/gen_powergood_delay.intclk_rrst_n_r_reg[3]
  -------------------------------------------------------------------
                         required time                         -0.616    
                         arrival time                           0.864    
  -------------------------------------------------------------------
                         slack                                  0.248    





Pulse Width Checks
--------------------------------------------------------------------------------------
Clock Name:         GTYE4_CHANNEL_TXOUTCLKPCS[3]
Waveform(ns):       { 0.000 1.552 }
Period(ns):         3.103
Sources:            { cmac_inst/inst/cmac_usplus_0_gt_i/inst/gen_gtwizard_gtye4_top.cmac_usplus_0_gt_gtwizard_gtye4_inst/gen_gtwizard_gtye4.gen_channel_container[1].gen_enabled_channel.gtye4_channel_wrapper_inst/channel_inst/gtye4_channel_gen.gen_gtye4_channel_inst[3].GTYE4_CHANNEL_PRIM_INST/TXOUTCLKPCS }

Check Type        Corner  Lib Pin  Reference Pin  Required(ns)  Actual(ns)  Slack(ns)  Location      Pin
Min Period        n/a     FDCE/C   n/a            0.550         3.103       2.553      SLICE_X3Y240  cmac_inst/inst/cmac_usplus_0_gt_i/inst/gen_gtwizard_gtye4_top.cmac_usplus_0_gt_gtwizard_gtye4_inst/gen_gtwizard_gtye4.gen_pwrgood_delay_inst[3].delay_powergood_inst/gen_powergood_delay.int_pwr_on_fsm_reg/C
Low Pulse Width   Slow    FDCE/C   n/a            0.275         1.552       1.277      SLICE_X3Y240  cmac_inst/inst/cmac_usplus_0_gt_i/inst/gen_gtwizard_gtye4_top.cmac_usplus_0_gt_gtwizard_gtye4_inst/gen_gtwizard_gtye4.gen_pwrgood_delay_inst[3].delay_powergood_inst/gen_powergood_delay.int_pwr_on_fsm_reg/C
High Pulse Width  Slow    FDCE/C   n/a            0.275         1.552       1.277      SLICE_X3Y240  cmac_inst/inst/cmac_usplus_0_gt_i/inst/gen_gtwizard_gtye4_top.cmac_usplus_0_gt_gtwizard_gtye4_inst/gen_gtwizard_gtye4.gen_pwrgood_delay_inst[3].delay_powergood_inst/gen_powergood_delay.int_pwr_on_fsm_reg/C



---------------------------------------------------------------------------------------------------
From Clock:  rxoutclk_out[0]
  To Clock:  rxoutclk_out[0]

Setup :            0  Failing Endpoints,  Worst Slack        0.643ns,  Total Violation        0.000ns
Hold  :            0  Failing Endpoints,  Worst Slack        0.026ns,  Total Violation        0.000ns
PW    :            0  Failing Endpoints,  Worst Slack        0.447ns,  Total Violation        0.000ns
---------------------------------------------------------------------------------------------------


Max Delay Paths
--------------------------------------------------------------------------------------
Slack (MET) :             0.643ns  (required time - arrival time)
  Source:                 cmac_inst/inst/cmac_usplus_0_gt_i/inst/gen_gtwizard_gtye4_top.cmac_usplus_0_gt_gtwizard_gtye4_inst/gen_gtwizard_gtye4.gen_channel_container[1].gen_enabled_channel.gtye4_channel_wrapper_inst/channel_inst/gtye4_channel_gen.gen_gtye4_channel_inst[1].GTYE4_CHANNEL_PRIM_INST/RXUSRCLK2
                            (rising edge-triggered cell GTYE4_CHANNEL clocked by rxoutclk_out[0]  {rise@0.000ns fall@1.552ns period=3.103ns})
  Destination:            cmac_inst/inst/i_cmac_usplus_0_rx_16bit_sync_alt_data1/data_in_d1_reg[1]/D
                            (rising edge-triggered cell FDRE clocked by rxoutclk_out[0]  {rise@0.000ns fall@1.552ns period=3.103ns})
  Path Group:             rxoutclk_out[0]
  Path Type:              Setup (Max at Slow Process Corner)
  Requirement:            3.103ns  (rxoutclk_out[0] rise@3.103ns - rxoutclk_out[0] rise@0.000ns)
  Data Path Delay:        2.255ns  (logic 0.913ns (40.488%)  route 1.342ns (59.512%))
  Logic Levels:           0  
  Clock Path Skew:        -0.183ns (DCD - SCD + CPR)
    Destination Clock Delay (DCD):    2.405ns = ( 5.508 - 3.103 ) 
    Source Clock Delay      (SCD):    2.721ns
    Clock Pessimism Removal (CPR):    0.133ns
  Clock Uncertainty:      0.046ns  ((TSJ^2 + DJ^2)^1/2) / 2 + PE
    Total System Jitter     (TSJ):    0.071ns
    Discrete Jitter          (DJ):    0.060ns
    Phase Error              (PE):    0.000ns
  Clock Net Delay (Source):      2.505ns (routing 1.104ns, distribution 1.401ns)
  Clock Net Delay (Destination): 2.212ns (routing 1.002ns, distribution 1.210ns)

    Location             Delay type                Incr(ns)  Path(ns)    Netlist Resource(s)
  -------------------------------------------------------------------    -------------------
                         (clock rxoutclk_out[0] rise edge)
                                                      0.000     0.000 r  
    GTYE4_CHANNEL_X0Y4   GTYE4_CHANNEL                0.000     0.000 r  cmac_inst/inst/cmac_usplus_0_gt_i/inst/gen_gtwizard_gtye4_top.cmac_usplus_0_gt_gtwizard_gtye4_inst/gen_gtwizard_gtye4.gen_channel_container[1].gen_enabled_channel.gtye4_channel_wrapper_inst/channel_inst/gtye4_channel_gen.gen_gtye4_channel_inst[0].GTYE4_CHANNEL_PRIM_INST/RXOUTCLK
                         net (fo=2, routed)           0.086     0.086    cmac_inst/inst/cmac_gtwiz_userclk_rx_inst/rxoutclk_out[0]
    BUFG_GT_X0Y113       BUFG_GT (Prop_BUFG_GT_I_O)
                                                      0.130     0.216 r  cmac_inst/inst/cmac_gtwiz_userclk_rx_inst/gen_gtwiz_userclk_rx_main.bufg_gt_usrclk_inst/O
    X1Y2 (CLOCK_ROOT)    net (fo=665, routed)         2.505     2.721    cmac_inst/inst/cmac_usplus_0_gt_i/inst/gen_gtwizard_gtye4_top.cmac_usplus_0_gt_gtwizard_gtye4_inst/gen_gtwizard_gtye4.gen_channel_container[1].gen_enabled_channel.gtye4_channel_wrapper_inst/channel_inst/rxusrclk_in[0]
    GTYE4_CHANNEL_X0Y5   GTYE4_CHANNEL                                r  cmac_inst/inst/cmac_usplus_0_gt_i/inst/gen_gtwizard_gtye4_top.cmac_usplus_0_gt_gtwizard_gtye4_inst/gen_gtwizard_gtye4.gen_channel_container[1].gen_enabled_channel.gtye4_channel_wrapper_inst/channel_inst/gtye4_channel_gen.gen_gtye4_channel_inst[1].GTYE4_CHANNEL_PRIM_INST/RXUSRCLK2
  -------------------------------------------------------------------    -------------------
    GTYE4_CHANNEL_X0Y5   GTYE4_CHANNEL (Prop_GTYE4_CHANNEL_RXUSRCLK2_RXCTRL1[0])
                                                      0.913     3.634 r  cmac_inst/inst/cmac_usplus_0_gt_i/inst/gen_gtwizard_gtye4_top.cmac_usplus_0_gt_gtwizard_gtye4_inst/gen_gtwizard_gtye4.gen_channel_container[1].gen_enabled_channel.gtye4_channel_wrapper_inst/channel_inst/gtye4_channel_gen.gen_gtye4_channel_inst[1].GTYE4_CHANNEL_PRIM_INST/RXCTRL1[0]
                         net (fo=1, routed)           1.342     4.976    cmac_inst/inst/i_cmac_usplus_0_rx_16bit_sync_alt_data1/D[1]
    SLICE_X7Y204         FDRE                                         r  cmac_inst/inst/i_cmac_usplus_0_rx_16bit_sync_alt_data1/data_in_d1_reg[1]/D
  -------------------------------------------------------------------    -------------------

                         (clock rxoutclk_out[0] rise edge)
                                                      3.103     3.103 r  
    GTYE4_CHANNEL_X0Y4   GTYE4_CHANNEL                0.000     3.103 r  cmac_inst/inst/cmac_usplus_0_gt_i/inst/gen_gtwizard_gtye4_top.cmac_usplus_0_gt_gtwizard_gtye4_inst/gen_gtwizard_gtye4.gen_channel_container[1].gen_enabled_channel.gtye4_channel_wrapper_inst/channel_inst/gtye4_channel_gen.gen_gtye4_channel_inst[0].GTYE4_CHANNEL_PRIM_INST/RXOUTCLK
                         net (fo=2, routed)           0.079     3.182    cmac_inst/inst/cmac_gtwiz_userclk_rx_inst/rxoutclk_out[0]
    BUFG_GT_X0Y113       BUFG_GT (Prop_BUFG_GT_I_O)
                                                      0.114     3.296 r  cmac_inst/inst/cmac_gtwiz_userclk_rx_inst/gen_gtwiz_userclk_rx_main.bufg_gt_usrclk_inst/O
    X1Y2 (CLOCK_ROOT)    net (fo=665, routed)         2.212     5.508    cmac_inst/inst/i_cmac_usplus_0_rx_16bit_sync_alt_data1/CLK
    SLICE_X7Y204         FDRE                                         r  cmac_inst/inst/i_cmac_usplus_0_rx_16bit_sync_alt_data1/data_in_d1_reg[1]/C
                         clock pessimism              0.133     5.641    
                         clock uncertainty           -0.046     5.594    
    SLICE_X7Y204         FDRE (Setup_EFF_SLICEL_C_D)
                                                      0.025     5.619    cmac_inst/inst/i_cmac_usplus_0_rx_16bit_sync_alt_data1/data_in_d1_reg[1]
  -------------------------------------------------------------------
                         required time                          5.619    
                         arrival time                          -4.976    
  -------------------------------------------------------------------
                         slack                                  0.643    





Min Delay Paths
--------------------------------------------------------------------------------------
Slack (MET) :             0.026ns  (arrival time - required time)
  Source:                 cmac_inst/inst/i_cmac_usplus_0_rx_64bit_sync_serdes_data1/data_in_d1_reg[42]/C
                            (rising edge-triggered cell FDRE clocked by rxoutclk_out[0]  {rise@0.000ns fall@1.552ns period=3.103ns})
  Destination:            cmac_inst/inst/i_cmac_usplus_0_rx_64bit_sync_serdes_data1/data_out_reg[42]/D
                            (rising edge-triggered cell FDRE clocked by rxoutclk_out[0]  {rise@0.000ns fall@1.552ns period=3.103ns})
  Path Group:             rxoutclk_out[0]
  Path Type:              Hold (Min at Fast Process Corner)
  Requirement:            0.000ns  (rxoutclk_out[0] rise@0.000ns - rxoutclk_out[0] rise@0.000ns)
  Data Path Delay:        0.078ns  (logic 0.039ns (50.000%)  route 0.039ns (50.000%))
  Logic Levels:           0  
  Clock Path Skew:        0.006ns (DCD - SCD - CPR)
    Destination Clock Delay (DCD):    1.662ns
    Source Clock Delay      (SCD):    1.483ns
    Clock Pessimism Removal (CPR):    0.174ns
  Clock Net Delay (Source):      1.357ns (routing 0.603ns, distribution 0.754ns)
  Clock Net Delay (Destination): 1.522ns (routing 0.672ns, distribution 0.850ns)

    Location             Delay type                Incr(ns)  Path(ns)    Netlist Resource(s)
  -------------------------------------------------------------------    -------------------
                         (clock rxoutclk_out[0] rise edge)
                                                      0.000     0.000 r  
    GTYE4_CHANNEL_X0Y4   GTYE4_CHANNEL                0.000     0.000 r  cmac_inst/inst/cmac_usplus_0_gt_i/inst/gen_gtwizard_gtye4_top.cmac_usplus_0_gt_gtwizard_gtye4_inst/gen_gtwizard_gtye4.gen_channel_container[1].gen_enabled_channel.gtye4_channel_wrapper_inst/channel_inst/gtye4_channel_gen.gen_gtye4_channel_inst[0].GTYE4_CHANNEL_PRIM_INST/RXOUTCLK
                         net (fo=2, routed)           0.053     0.053    cmac_inst/inst/cmac_gtwiz_userclk_rx_inst/rxoutclk_out[0]
    BUFG_GT_X0Y113       BUFG_GT (Prop_BUFG_GT_I_O)
                                                      0.073     0.126 r  cmac_inst/inst/cmac_gtwiz_userclk_rx_inst/gen_gtwiz_userclk_rx_main.bufg_gt_usrclk_inst/O
    X1Y2 (CLOCK_ROOT)    net (fo=665, routed)         1.357     1.483    cmac_inst/inst/i_cmac_usplus_0_rx_64bit_sync_serdes_data1/CLK
    SLICE_X4Y201         FDRE                                         r  cmac_inst/inst/i_cmac_usplus_0_rx_64bit_sync_serdes_data1/data_in_d1_reg[42]/C
  -------------------------------------------------------------------    -------------------
    SLICE_X4Y201         FDRE (Prop_CFF_SLICEL_C_Q)
                                                      0.039     1.522 r  cmac_inst/inst/i_cmac_usplus_0_rx_64bit_sync_serdes_data1/data_in_d1_reg[42]/Q
                         net (fo=1, routed)           0.039     1.561    cmac_inst/inst/i_cmac_usplus_0_rx_64bit_sync_serdes_data1/data_in_d1_reg_n_0_[42]
    SLICE_X4Y201         FDRE                                         r  cmac_inst/inst/i_cmac_usplus_0_rx_64bit_sync_serdes_data1/data_out_reg[42]/D
  -------------------------------------------------------------------    -------------------

                         (clock rxoutclk_out[0] rise edge)
                                                      0.000     0.000 r  
    GTYE4_CHANNEL_X0Y4   GTYE4_CHANNEL                0.000     0.000 r  cmac_inst/inst/cmac_usplus_0_gt_i/inst/gen_gtwizard_gtye4_top.cmac_usplus_0_gt_gtwizard_gtye4_inst/gen_gtwizard_gtye4.gen_channel_container[1].gen_enabled_channel.gtye4_channel_wrapper_inst/channel_inst/gtye4_channel_gen.gen_gtye4_channel_inst[0].GTYE4_CHANNEL_PRIM_INST/RXOUTCLK
                         net (fo=2, routed)           0.058     0.058    cmac_inst/inst/cmac_gtwiz_userclk_rx_inst/rxoutclk_out[0]
    BUFG_GT_X0Y113       BUFG_GT (Prop_BUFG_GT_I_O)
                                                      0.082     0.140 r  cmac_inst/inst/cmac_gtwiz_userclk_rx_inst/gen_gtwiz_userclk_rx_main.bufg_gt_usrclk_inst/O
    X1Y2 (CLOCK_ROOT)    net (fo=665, routed)         1.522     1.662    cmac_inst/inst/i_cmac_usplus_0_rx_64bit_sync_serdes_data1/CLK
    SLICE_X4Y201         FDRE                                         r  cmac_inst/inst/i_cmac_usplus_0_rx_64bit_sync_serdes_data1/data_out_reg[42]/C
                         clock pessimism             -0.174     1.489    
    SLICE_X4Y201         FDRE (Hold_DFF_SLICEL_C_D)
                                                      0.046     1.535    cmac_inst/inst/i_cmac_usplus_0_rx_64bit_sync_serdes_data1/data_out_reg[42]
  -------------------------------------------------------------------
                         required time                         -1.535    
                         arrival time                           1.561    
  -------------------------------------------------------------------
                         slack                                  0.026    





Pulse Width Checks
--------------------------------------------------------------------------------------
Clock Name:         rxoutclk_out[0]
Waveform(ns):       { 0.000 1.552 }
Period(ns):         3.103
Sources:            { cmac_inst/inst/cmac_usplus_0_gt_i/inst/gen_gtwizard_gtye4_top.cmac_usplus_0_gt_gtwizard_gtye4_inst/gen_gtwizard_gtye4.gen_channel_container[1].gen_enabled_channel.gtye4_channel_wrapper_inst/channel_inst/gtye4_channel_gen.gen_gtye4_channel_inst[0].GTYE4_CHANNEL_PRIM_INST/RXOUTCLK }

Check Type        Corner  Lib Pin                  Reference Pin            Required(ns)  Actual(ns)  Slack(ns)  Location            Pin
Min Period        n/a     CMACE4/RX_SERDES_CLK[3]  n/a                      2.560         3.103       0.543      CMACE4_X0Y0         cmac_inst/inst/i_cmac_usplus_0_top/obsibdaaf4ker2wujpra0sjb/RX_SERDES_CLK[3]
Low Pulse Width   Slow    GTYE4_CHANNEL/RXUSRCLK   n/a                      0.880         1.552       0.672      GTYE4_CHANNEL_X0Y4  cmac_inst/inst/cmac_usplus_0_gt_i/inst/gen_gtwizard_gtye4_top.cmac_usplus_0_gt_gtwizard_gtye4_inst/gen_gtwizard_gtye4.gen_channel_container[1].gen_enabled_channel.gtye4_channel_wrapper_inst/channel_inst/gtye4_channel_gen.gen_gtye4_channel_inst[0].GTYE4_CHANNEL_PRIM_INST/RXUSRCLK
High Pulse Width  Slow    GTYE4_CHANNEL/RXUSRCLK   n/a                      0.880         1.552       0.672      GTYE4_CHANNEL_X0Y4  cmac_inst/inst/cmac_usplus_0_gt_i/inst/gen_gtwizard_gtye4_top.cmac_usplus_0_gt_gtwizard_gtye4_inst/gen_gtwizard_gtye4.gen_channel_container[1].gen_enabled_channel.gtye4_channel_wrapper_inst/channel_inst/gtye4_channel_gen.gen_gtye4_channel_inst[0].GTYE4_CHANNEL_PRIM_INST/RXUSRCLK
Max Skew          Slow    GTYE4_CHANNEL/RXUSRCLK   GTYE4_CHANNEL/RXUSRCLK2  0.478         0.031       0.447      GTYE4_CHANNEL_X0Y6  cmac_inst/inst/cmac_usplus_0_gt_i/inst/gen_gtwizard_gtye4_top.cmac_usplus_0_gt_gtwizard_gtye4_inst/gen_gtwizard_gtye4.gen_channel_container[1].gen_enabled_channel.gtye4_channel_wrapper_inst/channel_inst/gtye4_channel_gen.gen_gtye4_channel_inst[2].GTYE4_CHANNEL_PRIM_INST/RXUSRCLK



---------------------------------------------------------------------------------------------------
From Clock:  txoutclk_out[0]
  To Clock:  txoutclk_out[0]

Setup :            0  Failing Endpoints,  Worst Slack        0.050ns,  Total Violation        0.000ns
Hold  :            0  Failing Endpoints,  Worst Slack        0.008ns,  Total Violation        0.000ns
PW    :            0  Failing Endpoints,  Worst Slack        0.543ns,  Total Violation        0.000ns
---------------------------------------------------------------------------------------------------


Max Delay Paths
--------------------------------------------------------------------------------------
Slack (MET) :             0.050ns  (required time - arrival time)
  Source:                 rst_mac_sync/sync_reg_reg[3]/C
                            (rising edge-triggered cell FDPE clocked by txoutclk_out[0]  {rise@0.000ns fall@1.552ns period=3.103ns})
  Destination:            ernic_inst/inst/inst_flow_ctrl_mgr/dma_fifo_ready_out_reg_rep__2/R
                            (rising edge-triggered cell FDRE clocked by txoutclk_out[0]  {rise@0.000ns fall@1.552ns period=3.103ns})
  Path Group:             txoutclk_out[0]
  Path Type:              Setup (Max at Slow Process Corner)
  Requirement:            3.103ns  (txoutclk_out[0] rise@3.103ns - txoutclk_out[0] rise@0.000ns)
  Data Path Delay:        2.824ns  (logic 0.080ns (2.833%)  route 2.744ns (97.167%))
  Logic Levels:           0  
  Clock Path Skew:        -0.109ns (DCD - SCD + CPR)
    Destination Clock Delay (DCD):    2.128ns = ( 5.231 - 3.103 ) 
    Source Clock Delay      (SCD):    2.334ns
    Clock Pessimism Removal (CPR):    0.097ns
  Clock Uncertainty:      0.046ns  ((TSJ^2 + DJ^2)^1/2) / 2 + PE
    Total System Jitter     (TSJ):    0.071ns
    Discrete Jitter          (DJ):    0.060ns
    Phase Error              (PE):    0.000ns
  Clock Net Delay (Source):      2.119ns (routing 0.810ns, distribution 1.309ns)
  Clock Net Delay (Destination): 1.936ns (routing 0.736ns, distribution 1.200ns)

    Location             Delay type                Incr(ns)  Path(ns)    Netlist Resource(s)
  -------------------------------------------------------------------    -------------------
                         (clock txoutclk_out[0] rise edge)
                                                      0.000     0.000 r  
    GTYE4_CHANNEL_X0Y4   GTYE4_CHANNEL                0.000     0.000 r  cmac_inst/inst/cmac_usplus_0_gt_i/inst/gen_gtwizard_gtye4_top.cmac_usplus_0_gt_gtwizard_gtye4_inst/gen_gtwizard_gtye4.gen_channel_container[1].gen_enabled_channel.gtye4_channel_wrapper_inst/channel_inst/gtye4_channel_gen.gen_gtye4_channel_inst[0].GTYE4_CHANNEL_PRIM_INST/TXOUTCLK
                         net (fo=2, routed)           0.085     0.085    cmac_inst/inst/cmac_gtwiz_userclk_tx_inst/txoutclk_out[0]
    BUFG_GT_X0Y103       BUFG_GT (Prop_BUFG_GT_I_O)
                                                      0.130     0.215 r  cmac_inst/inst/cmac_gtwiz_userclk_tx_inst/gen_gtwiz_userclk_tx_main.bufg_gt_usrclk_inst/O
    X1Y3 (CLOCK_ROOT)    net (fo=10054, routed)       2.119     2.334    rst_mac_sync/gt_txusrclk2
    SLICE_X8Y196         FDPE                                         r  rst_mac_sync/sync_reg_reg[3]/C
  -------------------------------------------------------------------    -------------------
    SLICE_X8Y196         FDPE (Prop_DFF2_SLICEM_C_Q)
                                                      0.080     2.414 r  rst_mac_sync/sync_reg_reg[3]/Q
                         net (fo=396, routed)         2.744     5.158    ernic_inst/inst/inst_flow_ctrl_mgr/cmac_tx_rst
    SLICE_X54Y330        FDRE                                         r  ernic_inst/inst/inst_flow_ctrl_mgr/dma_fifo_ready_out_reg_rep__2/R
  -------------------------------------------------------------------    -------------------

                         (clock txoutclk_out[0] rise edge)
                                                      3.103     3.103 r  
    GTYE4_CHANNEL_X0Y4   GTYE4_CHANNEL                0.000     3.103 r  cmac_inst/inst/cmac_usplus_0_gt_i/inst/gen_gtwizard_gtye4_top.cmac_usplus_0_gt_gtwizard_gtye4_inst/gen_gtwizard_gtye4.gen_channel_container[1].gen_enabled_channel.gtye4_channel_wrapper_inst/channel_inst/gtye4_channel_gen.gen_gtye4_channel_inst[0].GTYE4_CHANNEL_PRIM_INST/TXOUTCLK
                         net (fo=2, routed)           0.078     3.181    cmac_inst/inst/cmac_gtwiz_userclk_tx_inst/txoutclk_out[0]
    BUFG_GT_X0Y103       BUFG_GT (Prop_BUFG_GT_I_O)
                                                      0.114     3.295 r  cmac_inst/inst/cmac_gtwiz_userclk_tx_inst/gen_gtwiz_userclk_tx_main.bufg_gt_usrclk_inst/O
    X1Y3 (CLOCK_ROOT)    net (fo=10054, routed)       1.936     5.231    ernic_inst/inst/inst_flow_ctrl_mgr/cmac_tx_clk
    SLICE_X54Y330        FDRE                                         r  ernic_inst/inst/inst_flow_ctrl_mgr/dma_fifo_ready_out_reg_rep__2/C
                         clock pessimism              0.097     5.328    
                         clock uncertainty           -0.046     5.282    
    SLICE_X54Y330        FDRE (Setup_EFF_SLICEM_C_R)
                                                     -0.074     5.208    ernic_inst/inst/inst_flow_ctrl_mgr/dma_fifo_ready_out_reg_rep__2
  -------------------------------------------------------------------
                         required time                          5.208    
                         arrival time                          -5.158    
  -------------------------------------------------------------------
                         slack                                  0.050    





Min Delay Paths
--------------------------------------------------------------------------------------
Slack (MET) :             0.008ns  (arrival time - required time)
  Source:                 r3/acc_reg[9]/C
                            (rising edge-triggered cell FDRE clocked by txoutclk_out[0]  {rise@0.000ns fall@1.552ns period=3.103ns})
  Destination:            r3/acc_reg[16]/D
                            (rising edge-triggered cell FDRE clocked by txoutclk_out[0]  {rise@0.000ns fall@1.552ns period=3.103ns})
  Path Group:             txoutclk_out[0]
  Path Type:              Hold (Min at Slow Process Corner)
  Requirement:            0.000ns  (txoutclk_out[0] rise@0.000ns - txoutclk_out[0] rise@0.000ns)
  Data Path Delay:        0.281ns  (logic 0.195ns (69.295%)  route 0.086ns (30.705%))
  Logic Levels:           2  (CARRY8=2)
  Clock Path Skew:        0.213ns (DCD - SCD - CPR)
    Destination Clock Delay (DCD):    2.522ns
    Source Clock Delay      (SCD):    2.142ns
    Clock Pessimism Removal (CPR):    0.167ns
  Clock Net Delay (Source):      1.950ns (routing 0.736ns, distribution 1.214ns)
  Clock Net Delay (Destination): 2.307ns (routing 0.810ns, distribution 1.497ns)

    Location             Delay type                Incr(ns)  Path(ns)    Netlist Resource(s)
  -------------------------------------------------------------------    -------------------
                         (clock txoutclk_out[0] rise edge)
                                                      0.000     0.000 r  
    GTYE4_CHANNEL_X0Y4   GTYE4_CHANNEL                0.000     0.000 r  cmac_inst/inst/cmac_usplus_0_gt_i/inst/gen_gtwizard_gtye4_top.cmac_usplus_0_gt_gtwizard_gtye4_inst/gen_gtwizard_gtye4.gen_channel_container[1].gen_enabled_channel.gtye4_channel_wrapper_inst/channel_inst/gtye4_channel_gen.gen_gtye4_channel_inst[0].GTYE4_CHANNEL_PRIM_INST/TXOUTCLK
                         net (fo=2, routed)           0.078     0.078    cmac_inst/inst/cmac_gtwiz_userclk_tx_inst/txoutclk_out[0]
    BUFG_GT_X0Y103       BUFG_GT (Prop_BUFG_GT_I_O)
                                                      0.114     0.192 r  cmac_inst/inst/cmac_gtwiz_userclk_tx_inst/gen_gtwiz_userclk_tx_main.bufg_gt_usrclk_inst/O
    X1Y3 (CLOCK_ROOT)    net (fo=10054, routed)       1.950     2.142    r3/clk
    SLICE_X56Y260        FDRE                                         r  r3/acc_reg[9]/C
  -------------------------------------------------------------------    -------------------
    SLICE_X56Y260        FDRE (Prop_BFF_SLICEM_C_Q)
                                                      0.058     2.200 r  r3/acc_reg[9]/Q
                         net (fo=2, routed)           0.073     2.273    r3/acc_reg[9]
    SLICE_X56Y260        CARRY8 (Prop_CARRY8_SLICEM_S[1]_CO[7])
                                                      0.106     2.379 r  r3/acc_reg[8]_i_1/CO[7]
                         net (fo=1, routed)           0.004     2.383    r3/acc_reg[8]_i_1_n_0
    SLICE_X56Y261        CARRY8 (Prop_CARRY8_SLICEM_CI_O[0])
                                                      0.031     2.414 r  r3/acc_reg[16]_i_1/O[0]
                         net (fo=1, routed)           0.009     2.423    r3/acc_reg[16]_i_1_n_15
    SLICE_X56Y261        FDRE                                         r  r3/acc_reg[16]/D
  -------------------------------------------------------------------    -------------------

                         (clock txoutclk_out[0] rise edge)
                                                      0.000     0.000 r  
    GTYE4_CHANNEL_X0Y4   GTYE4_CHANNEL                0.000     0.000 r  cmac_inst/inst/cmac_usplus_0_gt_i/inst/gen_gtwizard_gtye4_top.cmac_usplus_0_gt_gtwizard_gtye4_inst/gen_gtwizard_gtye4.gen_channel_container[1].gen_enabled_channel.gtye4_channel_wrapper_inst/channel_inst/gtye4_channel_gen.gen_gtye4_channel_inst[0].GTYE4_CHANNEL_PRIM_INST/TXOUTCLK
                         net (fo=2, routed)           0.085     0.085    cmac_inst/inst/cmac_gtwiz_userclk_tx_inst/txoutclk_out[0]
    BUFG_GT_X0Y103       BUFG_GT (Prop_BUFG_GT_I_O)
                                                      0.130     0.215 r  cmac_inst/inst/cmac_gtwiz_userclk_tx_inst/gen_gtwiz_userclk_tx_main.bufg_gt_usrclk_inst/O
    X1Y3 (CLOCK_ROOT)    net (fo=10054, routed)       2.307     2.522    r3/clk
    SLICE_X56Y261        FDRE                                         r  r3/acc_reg[16]/C
                         clock pessimism             -0.167     2.355    
    SLICE_X56Y261        FDRE (Hold_AFF_SLICEM_C_D)
                                                      0.060     2.415    r3/acc_reg[16]
  -------------------------------------------------------------------
                         required time                         -2.415    
                         arrival time                           2.423    
  -------------------------------------------------------------------
                         slack                                  0.008    





Pulse Width Checks
--------------------------------------------------------------------------------------
Clock Name:         txoutclk_out[0]
Waveform(ns):       { 0.000 1.552 }
Period(ns):         3.103
Sources:            { cmac_inst/inst/cmac_usplus_0_gt_i/inst/gen_gtwizard_gtye4_top.cmac_usplus_0_gt_gtwizard_gtye4_inst/gen_gtwizard_gtye4.gen_channel_container[1].gen_enabled_channel.gtye4_channel_wrapper_inst/channel_inst/gtye4_channel_gen.gen_gtye4_channel_inst[0].GTYE4_CHANNEL_PRIM_INST/TXOUTCLK }

Check Type        Corner  Lib Pin                 Reference Pin            Required(ns)  Actual(ns)  Slack(ns)  Location            Pin
Min Period        n/a     CMACE4/RX_CLK           n/a                      2.560         3.103       0.543      CMACE4_X0Y0         cmac_inst/inst/i_cmac_usplus_0_top/obsibdaaf4ker2wujpra0sjb/RX_CLK
Low Pulse Width   Slow    GTYE4_CHANNEL/TXUSRCLK  n/a                      0.880         1.552       0.672      GTYE4_CHANNEL_X0Y4  cmac_inst/inst/cmac_usplus_0_gt_i/inst/gen_gtwizard_gtye4_top.cmac_usplus_0_gt_gtwizard_gtye4_inst/gen_gtwizard_gtye4.gen_channel_container[1].gen_enabled_channel.gtye4_channel_wrapper_inst/channel_inst/gtye4_channel_gen.gen_gtye4_channel_inst[0].GTYE4_CHANNEL_PRIM_INST/TXUSRCLK
High Pulse Width  Slow    GTYE4_CHANNEL/TXUSRCLK  n/a                      0.880         1.552       0.672      GTYE4_CHANNEL_X0Y4  cmac_inst/inst/cmac_usplus_0_gt_i/inst/gen_gtwizard_gtye4_top.cmac_usplus_0_gt_gtwizard_gtye4_inst/gen_gtwizard_gtye4.gen_channel_container[1].gen_enabled_channel.gtye4_channel_wrapper_inst/channel_inst/gtye4_channel_gen.gen_gtye4_channel_inst[0].GTYE4_CHANNEL_PRIM_INST/TXUSRCLK
Max Skew          Slow    GTYE4_CHANNEL/TXUSRCLK  GTYE4_CHANNEL/TXUSRCLK2  0.624         0.024       0.600      GTYE4_CHANNEL_X0Y4  cmac_inst/inst/cmac_usplus_0_gt_i/inst/gen_gtwizard_gtye4_top.cmac_usplus_0_gt_gtwizard_gtye4_inst/gen_gtwizard_gtye4.gen_channel_container[1].gen_enabled_channel.gtye4_channel_wrapper_inst/channel_inst/gtye4_channel_gen.gen_gtye4_channel_inst[0].GTYE4_CHANNEL_PRIM_INST/TXUSRCLK



---------------------------------------------------------------------------------------------------
From Clock:  PL_CLK
  To Clock:  clk_out1_mts_mmcm_rf_0

Setup :            0  Failing Endpoints,  Worst Slack        0.102ns,  Total Violation        0.000ns
Hold  :            0  Failing Endpoints,  Worst Slack        0.708ns,  Total Violation        0.000ns
---------------------------------------------------------------------------------------------------


Max Delay Paths
--------------------------------------------------------------------------------------
Slack (MET) :             0.102ns  (required time - arrival time)
  Source:                 rf_bd/mts_i/mts_sync_0/inst/sysref_pl_reg/C
                            (rising edge-triggered cell FDRE clocked by PL_CLK  {rise@0.000ns fall@1.000ns period=2.000ns})
  Destination:            rf_bd/mts_i/mts_sync_0/inst/sysref_rf_r_reg/D
                            (rising edge-triggered cell FDRE clocked by clk_out1_mts_mmcm_rf_0  {rise@0.000ns fall@1.000ns period=2.000ns})
  Path Group:             clk_out1_mts_mmcm_rf_0
  Path Type:              Setup (Max at Slow Process Corner)
  Requirement:            2.000ns  (clk_out1_mts_mmcm_rf_0 rise@2.000ns - PL_CLK rise@0.000ns)
  Data Path Delay:        1.976ns  (logic 0.079ns (3.999%)  route 1.897ns (96.001%))
  Logic Levels:           0  
  Clock Path Skew:        0.174ns (DCD - SCD + CPR)
    Destination Clock Delay (DCD):    2.680ns = ( 4.680 - 2.000 ) 
    Source Clock Delay      (SCD):    2.752ns
    Clock Pessimism Removal (CPR):    0.245ns
  Clock Uncertainty:      0.122ns  ((TSJ^2 + DJ^2)^1/2) / 2 + PE
    Total System Jitter     (TSJ):    0.071ns
    Discrete Jitter          (DJ):    0.070ns
    Phase Error              (PE):    0.072ns
  Clock Net Delay (Source):      1.572ns (routing 0.727ns, distribution 0.845ns)
  Clock Net Delay (Destination): 2.558ns (routing 1.051ns, distribution 1.507ns)

    Location             Delay type                Incr(ns)  Path(ns)    Netlist Resource(s)
  -------------------------------------------------------------------    -------------------
                         (clock PL_CLK rise edge)     0.000     0.000 r  
    AN11                                              0.000     0.000 r  PL_CLK_clk_p[0] (IN)
                         net (fo=0)                   0.100     0.100    rf_bd/mts_i/ibufds_pl_clk/U0/USE_IBUFDS.GEN_IBUFDS[0].IBUFDS_I/I
    HPIOBDIFFINBUF_X0Y34 DIFFINBUF (Prop_DIFFINBUF_HPIOBDIFFINBUF_DIFF_IN_P_O)
                                                      0.666     0.766 r  rf_bd/mts_i/ibufds_pl_clk/U0/USE_IBUFDS.GEN_IBUFDS[0].IBUFDS_I/DIFFINBUF_INST/O
                         net (fo=1, routed)           0.050     0.816    rf_bd/mts_i/ibufds_pl_clk/U0/USE_IBUFDS.GEN_IBUFDS[0].IBUFDS_I/OUT
    AN11                 IBUFCTRL (Prop_IBUFCTRL_HPIOB_M_I_O)
                                                      0.000     0.816 r  rf_bd/mts_i/ibufds_pl_clk/U0/USE_IBUFDS.GEN_IBUFDS[0].IBUFDS_I/IBUFCTRL_INST/O
                         net (fo=1, routed)           0.336     1.152    rf_bd/mts_i/bufg_pl_clk/U0/BUFG_I[0]
    BUFGCE_X0Y34         BUFGCE (Prop_BUFCE_BUFGCE_I_O)
                                                      0.028     1.180 r  rf_bd/mts_i/bufg_pl_clk/U0/USE_BUFG.GEN_BUFG[0].BUFG_U/O
    X2Y1 (CLOCK_ROOT)    net (fo=132, routed)         1.572     2.752    rf_bd/mts_i/mts_sync_0/inst/pl_clk
    SLICE_X43Y156        FDRE                                         r  rf_bd/mts_i/mts_sync_0/inst/sysref_pl_reg/C
  -------------------------------------------------------------------    -------------------
    SLICE_X43Y156        FDRE (Prop_AFF_SLICEL_C_Q)
                                                      0.079     2.831 r  rf_bd/mts_i/mts_sync_0/inst/sysref_pl_reg/Q
                         net (fo=3, routed)           1.897     4.727    rf_bd/mts_i/mts_sync_0/inst/sysref_pl
    SLICE_X99Y189        FDRE                                         r  rf_bd/mts_i/mts_sync_0/inst/sysref_rf_r_reg/D
  -------------------------------------------------------------------    -------------------

                         (clock clk_out1_mts_mmcm_rf_0 rise edge)
                                                      2.000     2.000 r  
    AN11                                              0.000     2.000 r  PL_CLK_clk_p[0] (IN)
                         net (fo=0)                   0.079     2.079    rf_bd/mts_i/ibufds_pl_clk/U0/USE_IBUFDS.GEN_IBUFDS[0].IBUFDS_I/I
    HPIOBDIFFINBUF_X0Y34 DIFFINBUF (Prop_DIFFINBUF_HPIOBDIFFINBUF_DIFF_IN_P_O)
                                                      0.556     2.635 r  rf_bd/mts_i/ibufds_pl_clk/U0/USE_IBUFDS.GEN_IBUFDS[0].IBUFDS_I/DIFFINBUF_INST/O
                         net (fo=1, routed)           0.040     2.675    rf_bd/mts_i/ibufds_pl_clk/U0/USE_IBUFDS.GEN_IBUFDS[0].IBUFDS_I/OUT
    AN11                 IBUFCTRL (Prop_IBUFCTRL_HPIOB_M_I_O)
                                                      0.000     2.675 r  rf_bd/mts_i/ibufds_pl_clk/U0/USE_IBUFDS.GEN_IBUFDS[0].IBUFDS_I/IBUFCTRL_INST/O
                         net (fo=1, routed)           0.300     2.975    rf_bd/mts_i/bufg_pl_clk/U0/BUFG_I[0]
    BUFGCE_X0Y34         BUFGCE (Prop_BUFCE_BUFGCE_I_O)
                                                      0.024     2.999 r  rf_bd/mts_i/bufg_pl_clk/U0/USE_BUFG.GEN_BUFG[0].BUFG_U/O
                         net (fo=132, routed)         1.407     4.406    rf_bd/mts_i/mmcm_rf/inst/clk_in1
    MMCM_X0Y1            MMCME4_ADV (Prop_MMCM_CLKIN1_CLKOUT0)
                                                     -2.521     1.885 r  rf_bd/mts_i/mmcm_rf/inst/mmcme4_adv_inst/CLKOUT0
                         net (fo=1, routed)           0.214     2.099    rf_bd/mts_i/mmcm_rf/inst/clk_out1_mts_mmcm_rf_0
    BUFGCE_X0Y32         BUFGCE (Prop_BUFCE_BUFGCE_I_O)
                                                      0.024     2.123 r  rf_bd/mts_i/mmcm_rf/inst/clkout1_buf/O
    X2Y3 (CLOCK_ROOT)    net (fo=8805, routed)        2.558     4.680    rf_bd/mts_i/mts_sync_0/inst/clk_rf
    SLICE_X99Y189        FDRE                                         r  rf_bd/mts_i/mts_sync_0/inst/sysref_rf_r_reg/C
                         clock pessimism              0.245     4.926    
                         clock uncertainty           -0.122     4.804    
    SLICE_X99Y189        FDRE (Setup_AFF2_SLICEM_C_D)
                                                      0.025     4.829    rf_bd/mts_i/mts_sync_0/inst/sysref_rf_r_reg
  -------------------------------------------------------------------
                         required time                          4.829    
                         arrival time                          -4.727    
  -------------------------------------------------------------------
                         slack                                  0.102    





Min Delay Paths
--------------------------------------------------------------------------------------
Slack (MET) :             0.708ns  (arrival time - required time)
  Source:                 rf_bd/mts_i/mts_sync_0/inst/sysref_pl_reg/C
                            (rising edge-triggered cell FDRE clocked by PL_CLK  {rise@0.000ns fall@1.000ns period=2.000ns})
  Destination:            rf_bd/mts_i/mts_sync_0/inst/sysref_rf_r_reg/D
                            (rising edge-triggered cell FDRE clocked by clk_out1_mts_mmcm_rf_0  {rise@0.000ns fall@1.000ns period=2.000ns})
  Path Group:             clk_out1_mts_mmcm_rf_0
  Path Type:              Hold (Min at Fast Process Corner)
  Requirement:            0.000ns  (clk_out1_mts_mmcm_rf_0 rise@0.000ns - PL_CLK rise@0.000ns)
  Data Path Delay:        0.960ns  (logic 0.039ns (4.062%)  route 0.921ns (95.938%))
  Logic Levels:           0  
  Clock Path Skew:        0.083ns (DCD - SCD - CPR)
    Destination Clock Delay (DCD):    1.834ns
    Source Clock Delay      (SCD):    1.530ns
    Clock Pessimism Removal (CPR):    0.221ns
  Clock Uncertainty:      0.122ns  ((TSJ^2 + DJ^2)^1/2) / 2 + PE
    Total System Jitter     (TSJ):    0.071ns
    Discrete Jitter          (DJ):    0.070ns
    Phase Error              (PE):    0.072ns
  Clock Net Delay (Source):      0.868ns (routing 0.397ns, distribution 0.471ns)
  Clock Net Delay (Destination): 1.753ns (routing 0.704ns, distribution 1.049ns)

    Location             Delay type                Incr(ns)  Path(ns)    Netlist Resource(s)
  -------------------------------------------------------------------    -------------------
                         (clock PL_CLK rise edge)     0.000     0.000 r  
    AN11                                              0.000     0.000 r  PL_CLK_clk_p[0] (IN)
                         net (fo=0)                   0.079     0.079    rf_bd/mts_i/ibufds_pl_clk/U0/USE_IBUFDS.GEN_IBUFDS[0].IBUFDS_I/I
    HPIOBDIFFINBUF_X0Y34 DIFFINBUF (Prop_DIFFINBUF_HPIOBDIFFINBUF_DIFF_IN_P_O)
                                                      0.332     0.411 r  rf_bd/mts_i/ibufds_pl_clk/U0/USE_IBUFDS.GEN_IBUFDS[0].IBUFDS_I/DIFFINBUF_INST/O
                         net (fo=1, routed)           0.040     0.451    rf_bd/mts_i/ibufds_pl_clk/U0/USE_IBUFDS.GEN_IBUFDS[0].IBUFDS_I/OUT
    AN11                 IBUFCTRL (Prop_IBUFCTRL_HPIOB_M_I_O)
                                                      0.000     0.451 r  rf_bd/mts_i/ibufds_pl_clk/U0/USE_IBUFDS.GEN_IBUFDS[0].IBUFDS_I/IBUFCTRL_INST/O
                         net (fo=1, routed)           0.194     0.645    rf_bd/mts_i/bufg_pl_clk/U0/BUFG_I[0]
    BUFGCE_X0Y34         BUFGCE (Prop_BUFCE_BUFGCE_I_O)
                                                      0.017     0.662 r  rf_bd/mts_i/bufg_pl_clk/U0/USE_BUFG.GEN_BUFG[0].BUFG_U/O
    X2Y1 (CLOCK_ROOT)    net (fo=132, routed)         0.868     1.530    rf_bd/mts_i/mts_sync_0/inst/pl_clk
    SLICE_X43Y156        FDRE                                         r  rf_bd/mts_i/mts_sync_0/inst/sysref_pl_reg/C
  -------------------------------------------------------------------    -------------------
    SLICE_X43Y156        FDRE (Prop_AFF_SLICEL_C_Q)
                                                      0.039     1.569 r  rf_bd/mts_i/mts_sync_0/inst/sysref_pl_reg/Q
                         net (fo=3, routed)           0.921     2.490    rf_bd/mts_i/mts_sync_0/inst/sysref_pl
    SLICE_X99Y189        FDRE                                         r  rf_bd/mts_i/mts_sync_0/inst/sysref_rf_r_reg/D
  -------------------------------------------------------------------    -------------------

                         (clock clk_out1_mts_mmcm_rf_0 rise edge)
                                                      0.000     0.000 r  
    AN11                                              0.000     0.000 r  PL_CLK_clk_p[0] (IN)
                         net (fo=0)                   0.100     0.100    rf_bd/mts_i/ibufds_pl_clk/U0/USE_IBUFDS.GEN_IBUFDS[0].IBUFDS_I/I
    HPIOBDIFFINBUF_X0Y34 DIFFINBUF (Prop_DIFFINBUF_HPIOBDIFFINBUF_DIFF_IN_P_O)
                                                      0.437     0.537 r  rf_bd/mts_i/ibufds_pl_clk/U0/USE_IBUFDS.GEN_IBUFDS[0].IBUFDS_I/DIFFINBUF_INST/O
                         net (fo=1, routed)           0.050     0.587    rf_bd/mts_i/ibufds_pl_clk/U0/USE_IBUFDS.GEN_IBUFDS[0].IBUFDS_I/OUT
    AN11                 IBUFCTRL (Prop_IBUFCTRL_HPIOB_M_I_O)
                                                      0.000     0.587 r  rf_bd/mts_i/ibufds_pl_clk/U0/USE_IBUFDS.GEN_IBUFDS[0].IBUFDS_I/IBUFCTRL_INST/O
                         net (fo=1, routed)           0.235     0.822    rf_bd/mts_i/bufg_pl_clk/U0/BUFG_I[0]
    BUFGCE_X0Y34         BUFGCE (Prop_BUFCE_BUFGCE_I_O)
                                                      0.019     0.841 r  rf_bd/mts_i/bufg_pl_clk/U0/USE_BUFG.GEN_BUFG[0].BUFG_U/O
                         net (fo=132, routed)         0.963     1.804    rf_bd/mts_i/mmcm_rf/inst/clk_in1
    MMCM_X0Y1            MMCME4_ADV (Prop_MMCM_CLKIN1_CLKOUT0)
                                                     -1.907    -0.103 r  rf_bd/mts_i/mmcm_rf/inst/mmcme4_adv_inst/CLKOUT0
                         net (fo=1, routed)           0.165     0.062    rf_bd/mts_i/mmcm_rf/inst/clk_out1_mts_mmcm_rf_0
    BUFGCE_X0Y32         BUFGCE (Prop_BUFCE_BUFGCE_I_O)
                                                      0.019     0.081 r  rf_bd/mts_i/mmcm_rf/inst/clkout1_buf/O
    X2Y3 (CLOCK_ROOT)    net (fo=8805, routed)        1.753     1.834    rf_bd/mts_i/mts_sync_0/inst/clk_rf
    SLICE_X99Y189        FDRE                                         r  rf_bd/mts_i/mts_sync_0/inst/sysref_rf_r_reg/C
                         clock pessimism             -0.221     1.613    
                         clock uncertainty            0.122     1.734    
    SLICE_X99Y189        FDRE (Hold_AFF2_SLICEM_C_D)
                                                      0.047     1.781    rf_bd/mts_i/mts_sync_0/inst/sysref_rf_r_reg
  -------------------------------------------------------------------
                         required time                         -1.781    
                         arrival time                           2.490    
  -------------------------------------------------------------------
                         slack                                  0.708    





---------------------------------------------------------------------------------------------------
From Clock:  clk_out2_mts_mmcm_rf_0
  To Clock:  clk_out1_mts_mmcm_rf_0

Setup :            2  Failing Endpoints,  Worst Slack       -0.052ns,  Total Violation       -0.099ns
Hold  :            0  Failing Endpoints,  Worst Slack        0.015ns,  Total Violation        0.000ns
---------------------------------------------------------------------------------------------------


Max Delay Paths
--------------------------------------------------------------------------------------
Slack (VIOLATED) :        -0.052ns  (required time - arrival time)
  Source:                 g_gear.gear/tg_reg/C
                            (rising edge-triggered cell FDRE clocked by clk_out2_mts_mmcm_rf_0  {rise@0.000ns fall@2.000ns period=4.000ns})
  Destination:            g_gear.gear/tg_f_reg_replica_3/D
                            (rising edge-triggered cell FDRE clocked by clk_out1_mts_mmcm_rf_0  {rise@0.000ns fall@1.000ns period=2.000ns})
  Path Group:             clk_out1_mts_mmcm_rf_0
  Path Type:              Setup (Max at Slow Process Corner)
  Requirement:            2.000ns  (clk_out1_mts_mmcm_rf_0 rise@2.000ns - clk_out2_mts_mmcm_rf_0 rise@0.000ns)
  Data Path Delay:        1.738ns  (logic 0.080ns (4.603%)  route 1.658ns (95.397%))
  Logic Levels:           0  
  Clock Path Skew:        -0.165ns (DCD - SCD + CPR)
    Destination Clock Delay (DCD):    2.652ns = ( 4.652 - 2.000 ) 
    Source Clock Delay      (SCD):    2.686ns
    Clock Pessimism Removal (CPR):    -0.131ns
  Clock Uncertainty:      0.174ns  ((TSJ^2 + DJ^2)^1/2) / 2 + PE
    Total System Jitter     (TSJ):    0.071ns
    Discrete Jitter          (DJ):    0.081ns
    Phase Error              (PE):    0.120ns
  Clock Net Delay (Source):      2.653ns (routing 1.068ns, distribution 1.585ns)
  Clock Net Delay (Destination): 2.529ns (routing 1.051ns, distribution 1.478ns)

    Location             Delay type                Incr(ns)  Path(ns)    Netlist Resource(s)
  -------------------------------------------------------------------    -------------------
                         (clock clk_out2_mts_mmcm_rf_0 rise edge)
                                                      0.000     0.000 r  
    AN11                                              0.000     0.000 r  PL_CLK_clk_p[0] (IN)
                         net (fo=0)                   0.100     0.100    rf_bd/mts_i/ibufds_pl_clk/U0/USE_IBUFDS.GEN_IBUFDS[0].IBUFDS_I/I
    HPIOBDIFFINBUF_X0Y34 DIFFINBUF (Prop_DIFFINBUF_HPIOBDIFFINBUF_DIFF_IN_P_O)
                                                      0.666     0.766 r  rf_bd/mts_i/ibufds_pl_clk/U0/USE_IBUFDS.GEN_IBUFDS[0].IBUFDS_I/DIFFINBUF_INST/O
                         net (fo=1, routed)           0.050     0.816    rf_bd/mts_i/ibufds_pl_clk/U0/USE_IBUFDS.GEN_IBUFDS[0].IBUFDS_I/OUT
    AN11                 IBUFCTRL (Prop_IBUFCTRL_HPIOB_M_I_O)
                                                      0.000     0.816 r  rf_bd/mts_i/ibufds_pl_clk/U0/USE_IBUFDS.GEN_IBUFDS[0].IBUFDS_I/IBUFCTRL_INST/O
                         net (fo=1, routed)           0.336     1.152    rf_bd/mts_i/bufg_pl_clk/U0/BUFG_I[0]
    BUFGCE_X0Y34         BUFGCE (Prop_BUFCE_BUFGCE_I_O)
                                                      0.028     1.180 r  rf_bd/mts_i/bufg_pl_clk/U0/USE_BUFG.GEN_BUFG[0].BUFG_U/O
                         net (fo=132, routed)         1.570     2.750    rf_bd/mts_i/mmcm_rf/inst/clk_in1
    MMCM_X0Y1            MMCME4_ADV (Prop_MMCM_CLKIN1_CLKOUT1)
                                                     -2.996    -0.246 r  rf_bd/mts_i/mmcm_rf/inst/mmcme4_adv_inst/CLKOUT1
                         net (fo=1, routed)           0.251     0.005    rf_bd/mts_i/mmcm_rf/inst/clk_out2_mts_mmcm_rf_0
    BUFGCE_X0Y39         BUFGCE (Prop_BUFCE_BUFGCE_I_O)
                                                      0.028     0.033 r  rf_bd/mts_i/mmcm_rf/inst/clkout2_buf/O
    X2Y3 (CLOCK_ROOT)    net (fo=248285, routed)      2.653     2.686    g_gear.gear/clk_half
    SLICE_X86Y220        FDRE                                         r  g_gear.gear/tg_reg/C
  -------------------------------------------------------------------    -------------------
    SLICE_X86Y220        FDRE (Prop_BFF2_SLICEM_C_Q)
                                                      0.080     2.766 r  g_gear.gear/tg_reg/Q
                         net (fo=12, routed)          1.658     4.424    g_gear.gear/tg_reg_n_0
    SLICE_X84Y301        FDRE                                         r  g_gear.gear/tg_f_reg_replica_3/D
  -------------------------------------------------------------------    -------------------

                         (clock clk_out1_mts_mmcm_rf_0 rise edge)
                                                      2.000     2.000 r  
    AN11                                              0.000     2.000 r  PL_CLK_clk_p[0] (IN)
                         net (fo=0)                   0.079     2.079    rf_bd/mts_i/ibufds_pl_clk/U0/USE_IBUFDS.GEN_IBUFDS[0].IBUFDS_I/I
    HPIOBDIFFINBUF_X0Y34 DIFFINBUF (Prop_DIFFINBUF_HPIOBDIFFINBUF_DIFF_IN_P_O)
                                                      0.556     2.635 r  rf_bd/mts_i/ibufds_pl_clk/U0/USE_IBUFDS.GEN_IBUFDS[0].IBUFDS_I/DIFFINBUF_INST/O
                         net (fo=1, routed)           0.040     2.675    rf_bd/mts_i/ibufds_pl_clk/U0/USE_IBUFDS.GEN_IBUFDS[0].IBUFDS_I/OUT
    AN11                 IBUFCTRL (Prop_IBUFCTRL_HPIOB_M_I_O)
                                                      0.000     2.675 r  rf_bd/mts_i/ibufds_pl_clk/U0/USE_IBUFDS.GEN_IBUFDS[0].IBUFDS_I/IBUFCTRL_INST/O
                         net (fo=1, routed)           0.300     2.975    rf_bd/mts_i/bufg_pl_clk/U0/BUFG_I[0]
    BUFGCE_X0Y34         BUFGCE (Prop_BUFCE_BUFGCE_I_O)
                                                      0.024     2.999 r  rf_bd/mts_i/bufg_pl_clk/U0/USE_BUFG.GEN_BUFG[0].BUFG_U/O
                         net (fo=132, routed)         1.407     4.406    rf_bd/mts_i/mmcm_rf/inst/clk_in1
    MMCM_X0Y1            MMCME4_ADV (Prop_MMCM_CLKIN1_CLKOUT0)
                                                     -2.521     1.885 r  rf_bd/mts_i/mmcm_rf/inst/mmcme4_adv_inst/CLKOUT0
                         net (fo=1, routed)           0.214     2.099    rf_bd/mts_i/mmcm_rf/inst/clk_out1_mts_mmcm_rf_0
    BUFGCE_X0Y32         BUFGCE (Prop_BUFCE_BUFGCE_I_O)
                                                      0.024     2.123 r  rf_bd/mts_i/mmcm_rf/inst/clkout1_buf/O
    X2Y3 (CLOCK_ROOT)    net (fo=8805, routed)        2.529     4.652    g_gear.gear/CLK
    SLICE_X84Y301        FDRE                                         r  g_gear.gear/tg_f_reg_replica_3/C
                         clock pessimism             -0.131     4.521    
                         clock uncertainty           -0.174     4.347    
    SLICE_X84Y301        FDRE (Setup_AFF_SLICEL_C_D)
                                                      0.025     4.372    g_gear.gear/tg_f_reg_replica_3
  -------------------------------------------------------------------
                         required time                          4.372    
                         arrival time                          -4.424    
  -------------------------------------------------------------------
                         slack                                 -0.052    





Min Delay Paths
--------------------------------------------------------------------------------------
Slack (MET) :             0.015ns  (arrival time - required time)
  Source:                 stream_inst/dac_tdata_reg[406]/C
                            (rising edge-triggered cell FDRE clocked by clk_out2_mts_mmcm_rf_0  {rise@0.000ns fall@2.000ns period=4.000ns})
  Destination:            g_gear.gear/d_f_reg[406]/D
                            (rising edge-triggered cell FDRE clocked by clk_out1_mts_mmcm_rf_0  {rise@0.000ns fall@1.000ns period=2.000ns})
  Path Group:             clk_out1_mts_mmcm_rf_0
  Path Type:              Hold (Min at Slow Process Corner)
  Requirement:            0.000ns  (clk_out1_mts_mmcm_rf_0 rise@0.000ns - clk_out2_mts_mmcm_rf_0 rise@0.000ns)
  Data Path Delay:        0.787ns  (logic 0.060ns (7.624%)  route 0.727ns (92.376%))
  Logic Levels:           0  
  Clock Path Skew:        0.538ns (DCD - SCD - CPR)
    Destination Clock Delay (DCD):    3.106ns
    Source Clock Delay      (SCD):    2.699ns
    Clock Pessimism Removal (CPR):    -0.131ns
  Clock Uncertainty:      0.174ns  ((TSJ^2 + DJ^2)^1/2) / 2 + PE
    Total System Jitter     (TSJ):    0.071ns
    Discrete Jitter          (DJ):    0.081ns
    Phase Error              (PE):    0.120ns
  Clock Net Delay (Source):      2.570ns (routing 0.972ns, distribution 1.598ns)
  Clock Net Delay (Destination): 3.080ns (routing 1.156ns, distribution 1.924ns)

    Location             Delay type                Incr(ns)  Path(ns)    Netlist Resource(s)
  -------------------------------------------------------------------    -------------------
                         (clock clk_out2_mts_mmcm_rf_0 rise edge)
                                                      0.000     0.000 r  
    AN11                                              0.000     0.000 r  PL_CLK_clk_p[0] (IN)
                         net (fo=0)                   0.079     0.079    rf_bd/mts_i/ibufds_pl_clk/U0/USE_IBUFDS.GEN_IBUFDS[0].IBUFDS_I/I
    HPIOBDIFFINBUF_X0Y34 DIFFINBUF (Prop_DIFFINBUF_HPIOBDIFFINBUF_DIFF_IN_P_O)
                                                      0.556     0.635 r  rf_bd/mts_i/ibufds_pl_clk/U0/USE_IBUFDS.GEN_IBUFDS[0].IBUFDS_I/DIFFINBUF_INST/O
                         net (fo=1, routed)           0.040     0.675    rf_bd/mts_i/ibufds_pl_clk/U0/USE_IBUFDS.GEN_IBUFDS[0].IBUFDS_I/OUT
    AN11                 IBUFCTRL (Prop_IBUFCTRL_HPIOB_M_I_O)
                                                      0.000     0.675 r  rf_bd/mts_i/ibufds_pl_clk/U0/USE_IBUFDS.GEN_IBUFDS[0].IBUFDS_I/IBUFCTRL_INST/O
                         net (fo=1, routed)           0.300     0.975    rf_bd/mts_i/bufg_pl_clk/U0/BUFG_I[0]
    BUFGCE_X0Y34         BUFGCE (Prop_BUFCE_BUFGCE_I_O)
                                                      0.024     0.999 r  rf_bd/mts_i/bufg_pl_clk/U0/USE_BUFG.GEN_BUFG[0].BUFG_U/O
                         net (fo=132, routed)         1.407     2.406    rf_bd/mts_i/mmcm_rf/inst/clk_in1
    MMCM_X0Y1            MMCME4_ADV (Prop_MMCM_CLKIN1_CLKOUT1)
                                                     -2.521    -0.115 r  rf_bd/mts_i/mmcm_rf/inst/mmcme4_adv_inst/CLKOUT1
                         net (fo=1, routed)           0.220     0.105    rf_bd/mts_i/mmcm_rf/inst/clk_out2_mts_mmcm_rf_0
    BUFGCE_X0Y39         BUFGCE (Prop_BUFCE_BUFGCE_I_O)
                                                      0.024     0.129 r  rf_bd/mts_i/mmcm_rf/inst/clkout2_buf/O
    X2Y3 (CLOCK_ROOT)    net (fo=248285, routed)      2.570     2.699    stream_inst/clk_half
    SLICE_X118Y295       FDRE                                         r  stream_inst/dac_tdata_reg[406]/C
  -------------------------------------------------------------------    -------------------
    SLICE_X118Y295       FDRE (Prop_EFF2_SLICEM_C_Q)
                                                      0.060     2.759 r  stream_inst/dac_tdata_reg[406]/Q
                         net (fo=1, routed)           0.727     3.486    g_gear.gear/d_f_reg[511]_0[406]
    SLICE_X118Y296       FDRE                                         r  g_gear.gear/d_f_reg[406]/D
  -------------------------------------------------------------------    -------------------

                         (clock clk_out1_mts_mmcm_rf_0 rise edge)
                                                      0.000     0.000 r  
    AN11                                              0.000     0.000 r  PL_CLK_clk_p[0] (IN)
                         net (fo=0)                   0.100     0.100    rf_bd/mts_i/ibufds_pl_clk/U0/USE_IBUFDS.GEN_IBUFDS[0].IBUFDS_I/I
    HPIOBDIFFINBUF_X0Y34 DIFFINBUF (Prop_DIFFINBUF_HPIOBDIFFINBUF_DIFF_IN_P_O)
                                                      0.666     0.766 r  rf_bd/mts_i/ibufds_pl_clk/U0/USE_IBUFDS.GEN_IBUFDS[0].IBUFDS_I/DIFFINBUF_INST/O
                         net (fo=1, routed)           0.050     0.816    rf_bd/mts_i/ibufds_pl_clk/U0/USE_IBUFDS.GEN_IBUFDS[0].IBUFDS_I/OUT
    AN11                 IBUFCTRL (Prop_IBUFCTRL_HPIOB_M_I_O)
                                                      0.000     0.816 r  rf_bd/mts_i/ibufds_pl_clk/U0/USE_IBUFDS.GEN_IBUFDS[0].IBUFDS_I/IBUFCTRL_INST/O
                         net (fo=1, routed)           0.336     1.152    rf_bd/mts_i/bufg_pl_clk/U0/BUFG_I[0]
    BUFGCE_X0Y34         BUFGCE (Prop_BUFCE_BUFGCE_I_O)
                                                      0.028     1.180 r  rf_bd/mts_i/bufg_pl_clk/U0/USE_BUFG.GEN_BUFG[0].BUFG_U/O
                         net (fo=132, routed)         1.570     2.750    rf_bd/mts_i/mmcm_rf/inst/clk_in1
    MMCM_X0Y1            MMCME4_ADV (Prop_MMCM_CLKIN1_CLKOUT0)
                                                     -2.996    -0.246 r  rf_bd/mts_i/mmcm_rf/inst/mmcme4_adv_inst/CLKOUT0
                         net (fo=1, routed)           0.244    -0.002    rf_bd/mts_i/mmcm_rf/inst/clk_out1_mts_mmcm_rf_0
    BUFGCE_X0Y32         BUFGCE (Prop_BUFCE_BUFGCE_I_O)
                                                      0.028     0.026 r  rf_bd/mts_i/mmcm_rf/inst/clkout1_buf/O
    X2Y3 (CLOCK_ROOT)    net (fo=8805, routed)        3.080     3.106    g_gear.gear/CLK
    SLICE_X118Y296       FDRE                                         r  g_gear.gear/d_f_reg[406]/C
                         clock pessimism              0.131     3.237    
                         clock uncertainty            0.174     3.410    
    SLICE_X118Y296       FDRE (Hold_AFF_SLICEM_C_D)
                                                      0.060     3.470    g_gear.gear/d_f_reg[406]
  -------------------------------------------------------------------
                         required time                         -3.470    
                         arrival time                           3.486    
  -------------------------------------------------------------------
                         slack                                  0.015    





---------------------------------------------------------------------------------------------------
From Clock:  clk_out1_mts_mmcm_rf_0
  To Clock:  clk_out2_mts_mmcm_rf_0

Setup :           32  Failing Endpoints,  Worst Slack       -0.246ns,  Total Violation       -2.127ns
Hold  :            0  Failing Endpoints,  Worst Slack        0.037ns,  Total Violation        0.000ns
---------------------------------------------------------------------------------------------------


Max Delay Paths
--------------------------------------------------------------------------------------
Slack (VIOLATED) :        -0.246ns  (required time - arrival time)
  Source:                 g_gear.gear/pi_reg[154]/C
                            (rising edge-triggered cell FDRE clocked by clk_out1_mts_mmcm_rf_0  {rise@0.000ns fall@1.000ns period=2.000ns})
  Destination:            g_gear.gear/adc_i_slow_reg[154]/D
                            (rising edge-triggered cell FDRE clocked by clk_out2_mts_mmcm_rf_0  {rise@0.000ns fall@2.000ns period=4.000ns})
  Path Group:             clk_out2_mts_mmcm_rf_0
  Path Type:              Setup (Max at Slow Process Corner)
  Requirement:            2.000ns  (clk_out2_mts_mmcm_rf_0 rise@4.000ns - clk_out1_mts_mmcm_rf_0 rise@2.000ns)
  Data Path Delay:        1.561ns  (logic 0.077ns (4.933%)  route 1.484ns (95.067%))
  Logic Levels:           0  
  Clock Path Skew:        -0.536ns (DCD - SCD + CPR)
    Destination Clock Delay (DCD):    2.403ns = ( 6.403 - 4.000 ) 
    Source Clock Delay      (SCD):    2.809ns = ( 4.809 - 2.000 ) 
    Clock Pessimism Removal (CPR):    -0.131ns
  Clock Uncertainty:      0.174ns  ((TSJ^2 + DJ^2)^1/2) / 2 + PE
    Total System Jitter     (TSJ):    0.071ns
    Discrete Jitter          (DJ):    0.081ns
    Phase Error              (PE):    0.120ns
  Clock Net Delay (Source):      2.783ns (routing 1.156ns, distribution 1.627ns)
  Clock Net Delay (Destination): 2.275ns (routing 0.972ns, distribution 1.303ns)

    Location             Delay type                Incr(ns)  Path(ns)    Netlist Resource(s)
  -------------------------------------------------------------------    -------------------
                         (clock clk_out1_mts_mmcm_rf_0 rise edge)
                                                      2.000     2.000 r  
    AN11                                              0.000     2.000 r  PL_CLK_clk_p[0] (IN)
                         net (fo=0)                   0.100     2.100    rf_bd/mts_i/ibufds_pl_clk/U0/USE_IBUFDS.GEN_IBUFDS[0].IBUFDS_I/I
    HPIOBDIFFINBUF_X0Y34 DIFFINBUF (Prop_DIFFINBUF_HPIOBDIFFINBUF_DIFF_IN_P_O)
                                                      0.666     2.766 r  rf_bd/mts_i/ibufds_pl_clk/U0/USE_IBUFDS.GEN_IBUFDS[0].IBUFDS_I/DIFFINBUF_INST/O
                         net (fo=1, routed)           0.050     2.816    rf_bd/mts_i/ibufds_pl_clk/U0/USE_IBUFDS.GEN_IBUFDS[0].IBUFDS_I/OUT
    AN11                 IBUFCTRL (Prop_IBUFCTRL_HPIOB_M_I_O)
                                                      0.000     2.816 r  rf_bd/mts_i/ibufds_pl_clk/U0/USE_IBUFDS.GEN_IBUFDS[0].IBUFDS_I/IBUFCTRL_INST/O
                         net (fo=1, routed)           0.336     3.152    rf_bd/mts_i/bufg_pl_clk/U0/BUFG_I[0]
    BUFGCE_X0Y34         BUFGCE (Prop_BUFCE_BUFGCE_I_O)
                                                      0.028     3.180 r  rf_bd/mts_i/bufg_pl_clk/U0/USE_BUFG.GEN_BUFG[0].BUFG_U/O
                         net (fo=132, routed)         1.570     4.750    rf_bd/mts_i/mmcm_rf/inst/clk_in1
    MMCM_X0Y1            MMCME4_ADV (Prop_MMCM_CLKIN1_CLKOUT0)
                                                     -2.996     1.754 r  rf_bd/mts_i/mmcm_rf/inst/mmcme4_adv_inst/CLKOUT0
                         net (fo=1, routed)           0.244     1.998    rf_bd/mts_i/mmcm_rf/inst/clk_out1_mts_mmcm_rf_0
    BUFGCE_X0Y32         BUFGCE (Prop_BUFCE_BUFGCE_I_O)
                                                      0.028     2.026 r  rf_bd/mts_i/mmcm_rf/inst/clkout1_buf/O
    X2Y3 (CLOCK_ROOT)    net (fo=8805, routed)        2.783     4.809    g_gear.gear/CLK
    SLICE_X87Y179        FDRE                                         r  g_gear.gear/pi_reg[154]/C
  -------------------------------------------------------------------    -------------------
    SLICE_X87Y179        FDRE (Prop_CFF2_SLICEM_C_Q)
                                                      0.077     4.886 r  g_gear.gear/pi_reg[154]/Q
                         net (fo=1, routed)           1.484     6.370    g_gear.gear/pi_reg_n_0_[154]
    SLICE_X73Y227        FDRE                                         r  g_gear.gear/adc_i_slow_reg[154]/D
  -------------------------------------------------------------------    -------------------

                         (clock clk_out2_mts_mmcm_rf_0 rise edge)
                                                      4.000     4.000 r  
    AN11                                              0.000     4.000 r  PL_CLK_clk_p[0] (IN)
                         net (fo=0)                   0.079     4.079    rf_bd/mts_i/ibufds_pl_clk/U0/USE_IBUFDS.GEN_IBUFDS[0].IBUFDS_I/I
    HPIOBDIFFINBUF_X0Y34 DIFFINBUF (Prop_DIFFINBUF_HPIOBDIFFINBUF_DIFF_IN_P_O)
                                                      0.556     4.635 r  rf_bd/mts_i/ibufds_pl_clk/U0/USE_IBUFDS.GEN_IBUFDS[0].IBUFDS_I/DIFFINBUF_INST/O
                         net (fo=1, routed)           0.040     4.675    rf_bd/mts_i/ibufds_pl_clk/U0/USE_IBUFDS.GEN_IBUFDS[0].IBUFDS_I/OUT
    AN11                 IBUFCTRL (Prop_IBUFCTRL_HPIOB_M_I_O)
                                                      0.000     4.675 r  rf_bd/mts_i/ibufds_pl_clk/U0/USE_IBUFDS.GEN_IBUFDS[0].IBUFDS_I/IBUFCTRL_INST/O
                         net (fo=1, routed)           0.300     4.975    rf_bd/mts_i/bufg_pl_clk/U0/BUFG_I[0]
    BUFGCE_X0Y34         BUFGCE (Prop_BUFCE_BUFGCE_I_O)
                                                      0.024     4.999 r  rf_bd/mts_i/bufg_pl_clk/U0/USE_BUFG.GEN_BUFG[0].BUFG_U/O
                         net (fo=132, routed)         1.407     6.406    rf_bd/mts_i/mmcm_rf/inst/clk_in1
    MMCM_X0Y1            MMCME4_ADV (Prop_MMCM_CLKIN1_CLKOUT1)
                                                     -2.521     3.885 r  rf_bd/mts_i/mmcm_rf/inst/mmcme4_adv_inst/CLKOUT1
                         net (fo=1, routed)           0.220     4.105    rf_bd/mts_i/mmcm_rf/inst/clk_out2_mts_mmcm_rf_0
    BUFGCE_X0Y39         BUFGCE (Prop_BUFCE_BUFGCE_I_O)
                                                      0.024     4.129 r  rf_bd/mts_i/mmcm_rf/inst/clkout2_buf/O
    X2Y3 (CLOCK_ROOT)    net (fo=248285, routed)      2.275     6.403    g_gear.gear/clk_half
    SLICE_X73Y227        FDRE                                         r  g_gear.gear/adc_i_slow_reg[154]/C
                         clock pessimism             -0.131     6.273    
                         clock uncertainty           -0.174     6.099    
    SLICE_X73Y227        FDRE (Setup_EFF_SLICEL_C_D)
                                                      0.025     6.124    g_gear.gear/adc_i_slow_reg[154]
  -------------------------------------------------------------------
                         required time                          6.124    
                         arrival time                          -6.370    
  -------------------------------------------------------------------
                         slack                                 -0.246    





Min Delay Paths
--------------------------------------------------------------------------------------
Slack (MET) :             0.037ns  (arrival time - required time)
  Source:                 g_gear.gear/pi_reg[224]/C
                            (rising edge-triggered cell FDRE clocked by clk_out1_mts_mmcm_rf_0  {rise@0.000ns fall@1.000ns period=2.000ns})
  Destination:            g_gear.gear/adc_i_slow_reg[224]/D
                            (rising edge-triggered cell FDRE clocked by clk_out2_mts_mmcm_rf_0  {rise@0.000ns fall@2.000ns period=4.000ns})
  Path Group:             clk_out2_mts_mmcm_rf_0
  Path Type:              Hold (Min at Fast Process Corner)
  Requirement:            0.000ns  (clk_out2_mts_mmcm_rf_0 rise@0.000ns - clk_out1_mts_mmcm_rf_0 rise@0.000ns)
  Data Path Delay:        0.351ns  (logic 0.038ns (10.826%)  route 0.313ns (89.174%))
  Logic Levels:           0  
  Clock Path Skew:        0.093ns (DCD - SCD - CPR)
    Destination Clock Delay (DCD):    1.598ns
    Source Clock Delay      (SCD):    1.549ns
    Clock Pessimism Removal (CPR):    -0.044ns
  Clock Uncertainty:      0.174ns  ((TSJ^2 + DJ^2)^1/2) / 2 + PE
    Total System Jitter     (TSJ):    0.071ns
    Discrete Jitter          (DJ):    0.081ns
    Phase Error              (PE):    0.120ns
  Clock Net Delay (Source):      1.446ns (routing 0.632ns, distribution 0.814ns)
  Clock Net Delay (Destination): 1.512ns (routing 0.650ns, distribution 0.862ns)

    Location             Delay type                Incr(ns)  Path(ns)    Netlist Resource(s)
  -------------------------------------------------------------------    -------------------
                         (clock clk_out1_mts_mmcm_rf_0 rise edge)
                                                      0.000     0.000 r  
    AN11                                              0.000     0.000 r  PL_CLK_clk_p[0] (IN)
                         net (fo=0)                   0.079     0.079    rf_bd/mts_i/ibufds_pl_clk/U0/USE_IBUFDS.GEN_IBUFDS[0].IBUFDS_I/I
    HPIOBDIFFINBUF_X0Y34 DIFFINBUF (Prop_DIFFINBUF_HPIOBDIFFINBUF_DIFF_IN_P_O)
                                                      0.332     0.411 r  rf_bd/mts_i/ibufds_pl_clk/U0/USE_IBUFDS.GEN_IBUFDS[0].IBUFDS_I/DIFFINBUF_INST/O
                         net (fo=1, routed)           0.040     0.451    rf_bd/mts_i/ibufds_pl_clk/U0/USE_IBUFDS.GEN_IBUFDS[0].IBUFDS_I/OUT
    AN11                 IBUFCTRL (Prop_IBUFCTRL_HPIOB_M_I_O)
                                                      0.000     0.451 r  rf_bd/mts_i/ibufds_pl_clk/U0/USE_IBUFDS.GEN_IBUFDS[0].IBUFDS_I/IBUFCTRL_INST/O
                         net (fo=1, routed)           0.194     0.645    rf_bd/mts_i/bufg_pl_clk/U0/BUFG_I[0]
    BUFGCE_X0Y34         BUFGCE (Prop_BUFCE_BUFGCE_I_O)
                                                      0.017     0.662 r  rf_bd/mts_i/bufg_pl_clk/U0/USE_BUFG.GEN_BUFG[0].BUFG_U/O
                         net (fo=132, routed)         0.864     1.526    rf_bd/mts_i/mmcm_rf/inst/clk_in1
    MMCM_X0Y1            MMCME4_ADV (Prop_MMCM_CLKIN1_CLKOUT0)
                                                     -1.585    -0.059 r  rf_bd/mts_i/mmcm_rf/inst/mmcme4_adv_inst/CLKOUT0
                         net (fo=1, routed)           0.145     0.086    rf_bd/mts_i/mmcm_rf/inst/clk_out1_mts_mmcm_rf_0
    BUFGCE_X0Y32         BUFGCE (Prop_BUFCE_BUFGCE_I_O)
                                                      0.017     0.103 r  rf_bd/mts_i/mmcm_rf/inst/clkout1_buf/O
    X2Y3 (CLOCK_ROOT)    net (fo=8805, routed)        1.446     1.549    g_gear.gear/CLK
    SLICE_X75Y219        FDRE                                         r  g_gear.gear/pi_reg[224]/C
  -------------------------------------------------------------------    -------------------
    SLICE_X75Y219        FDRE (Prop_AFF_SLICEM_C_Q)
                                                      0.038     1.587 r  g_gear.gear/pi_reg[224]/Q
                         net (fo=1, routed)           0.313     1.900    g_gear.gear/pi_reg_n_0_[224]
    SLICE_X53Y230        FDRE                                         r  g_gear.gear/adc_i_slow_reg[224]/D
  -------------------------------------------------------------------    -------------------

                         (clock clk_out2_mts_mmcm_rf_0 rise edge)
                                                      0.000     0.000 r  
    AN11                                              0.000     0.000 r  PL_CLK_clk_p[0] (IN)
                         net (fo=0)                   0.100     0.100    rf_bd/mts_i/ibufds_pl_clk/U0/USE_IBUFDS.GEN_IBUFDS[0].IBUFDS_I/I
    HPIOBDIFFINBUF_X0Y34 DIFFINBUF (Prop_DIFFINBUF_HPIOBDIFFINBUF_DIFF_IN_P_O)
                                                      0.437     0.537 r  rf_bd/mts_i/ibufds_pl_clk/U0/USE_IBUFDS.GEN_IBUFDS[0].IBUFDS_I/DIFFINBUF_INST/O
                         net (fo=1, routed)           0.050     0.587    rf_bd/mts_i/ibufds_pl_clk/U0/USE_IBUFDS.GEN_IBUFDS[0].IBUFDS_I/OUT
    AN11                 IBUFCTRL (Prop_IBUFCTRL_HPIOB_M_I_O)
                                                      0.000     0.587 r  rf_bd/mts_i/ibufds_pl_clk/U0/USE_IBUFDS.GEN_IBUFDS[0].IBUFDS_I/IBUFCTRL_INST/O
                         net (fo=1, routed)           0.235     0.822    rf_bd/mts_i/bufg_pl_clk/U0/BUFG_I[0]
    BUFGCE_X0Y34         BUFGCE (Prop_BUFCE_BUFGCE_I_O)
                                                      0.019     0.841 r  rf_bd/mts_i/bufg_pl_clk/U0/USE_BUFG.GEN_BUFG[0].BUFG_U/O
                         net (fo=132, routed)         0.963     1.804    rf_bd/mts_i/mmcm_rf/inst/clk_in1
    MMCM_X0Y1            MMCME4_ADV (Prop_MMCM_CLKIN1_CLKOUT1)
                                                     -1.907    -0.103 r  rf_bd/mts_i/mmcm_rf/inst/mmcme4_adv_inst/CLKOUT1
                         net (fo=1, routed)           0.170     0.067    rf_bd/mts_i/mmcm_rf/inst/clk_out2_mts_mmcm_rf_0
    BUFGCE_X0Y39         BUFGCE (Prop_BUFCE_BUFGCE_I_O)
                                                      0.019     0.086 r  rf_bd/mts_i/mmcm_rf/inst/clkout2_buf/O
    X2Y3 (CLOCK_ROOT)    net (fo=248285, routed)      1.512     1.598    g_gear.gear/clk_half
    SLICE_X53Y230        FDRE                                         r  g_gear.gear/adc_i_slow_reg[224]/C
                         clock pessimism              0.044     1.642    
                         clock uncertainty            0.174     1.815    
    SLICE_X53Y230        FDRE (Hold_DFF2_SLICEM_C_D)
                                                      0.047     1.862    g_gear.gear/adc_i_slow_reg[224]
  -------------------------------------------------------------------
                         required time                         -1.862    
                         arrival time                           1.900    
  -------------------------------------------------------------------
                         slack                                  0.037    





---------------------------------------------------------------------------------------------------
From Clock:  clk_pl_0
  To Clock:  clk_out2_mts_mmcm_rf_0

Setup :            0  Failing Endpoints,  Worst Slack        8.528ns,  Total Violation        0.000ns
Hold  :           NA  Failing Endpoints,  Worst Slack           NA  ,  Total Violation           NA
---------------------------------------------------------------------------------------------------


Max Delay Paths
--------------------------------------------------------------------------------------
Slack (MET) :             8.528ns  (required time - arrival time)
  Source:                 rf_bd/mts_i/ctrl_interconnect/m06_couplers/auto_cc/inst/gen_clock_conv.gen_async_conv.asyncfifo_axi/inst_fifo_gen/gaxi_full_lite.gread_ch.grach2.axi_rach/grf.rf/gntv_or_sync_fifo.gcx.clkx/wr_pntr_cdc_inst/src_gray_ff_reg[0]/C
                            (rising edge-triggered cell FDRE clocked by clk_pl_0  {rise@0.000ns fall@5.000ns period=10.000ns})
  Destination:            rf_bd/mts_i/ctrl_interconnect/m06_couplers/auto_cc/inst/gen_clock_conv.gen_async_conv.asyncfifo_axi/inst_fifo_gen/gaxi_full_lite.gread_ch.grach2.axi_rach/grf.rf/gntv_or_sync_fifo.gcx.clkx/wr_pntr_cdc_inst/dest_graysync_ff_reg[0][0]/D
                            (rising edge-triggered cell FDRE clocked by clk_out2_mts_mmcm_rf_0  {rise@0.000ns fall@2.000ns period=4.000ns})
  Path Group:             clk_out2_mts_mmcm_rf_0
  Path Type:              Setup (Max at Slow Process Corner)
  Requirement:            10.000ns  (MaxDelay Path 10.000ns)
  Data Path Delay:        1.497ns  (logic 0.079ns (5.277%)  route 1.418ns (94.723%))
  Logic Levels:           0  
  Timing Exception:       MaxDelay Path 10.000ns -datapath_only

    Location             Delay type                Incr(ns)  Path(ns)    Netlist Resource(s)
  -------------------------------------------------------------------    -------------------
    SLICE_X33Y92                                      0.000     0.000 r  rf_bd/mts_i/ctrl_interconnect/m06_couplers/auto_cc/inst/gen_clock_conv.gen_async_conv.asyncfifo_axi/inst_fifo_gen/gaxi_full_lite.gread_ch.grach2.axi_rach/grf.rf/gntv_or_sync_fifo.gcx.clkx/wr_pntr_cdc_inst/src_gray_ff_reg[0]/C
    SLICE_X33Y92         FDRE (Prop_HFF_SLICEL_C_Q)
                                                      0.079     0.079 r  rf_bd/mts_i/ctrl_interconnect/m06_couplers/auto_cc/inst/gen_clock_conv.gen_async_conv.asyncfifo_axi/inst_fifo_gen/gaxi_full_lite.gread_ch.grach2.axi_rach/grf.rf/gntv_or_sync_fifo.gcx.clkx/wr_pntr_cdc_inst/src_gray_ff_reg[0]/Q
                         net (fo=1, routed)           1.418     1.497    rf_bd/mts_i/ctrl_interconnect/m06_couplers/auto_cc/inst/gen_clock_conv.gen_async_conv.asyncfifo_axi/inst_fifo_gen/gaxi_full_lite.gread_ch.grach2.axi_rach/grf.rf/gntv_or_sync_fifo.gcx.clkx/wr_pntr_cdc_inst/async_path[0]
    SLICE_X38Y93         FDRE                                         r  rf_bd/mts_i/ctrl_interconnect/m06_couplers/auto_cc/inst/gen_clock_conv.gen_async_conv.asyncfifo_axi/inst_fifo_gen/gaxi_full_lite.gread_ch.grach2.axi_rach/grf.rf/gntv_or_sync_fifo.gcx.clkx/wr_pntr_cdc_inst/dest_graysync_ff_reg[0][0]/D
  -------------------------------------------------------------------    -------------------

                         max delay                   10.000    10.000    
    SLICE_X38Y93         FDRE (Setup_DFF2_SLICEL_C_D)
                                                      0.025    10.025    rf_bd/mts_i/ctrl_interconnect/m06_couplers/auto_cc/inst/gen_clock_conv.gen_async_conv.asyncfifo_axi/inst_fifo_gen/gaxi_full_lite.gread_ch.grach2.axi_rach/grf.rf/gntv_or_sync_fifo.gcx.clkx/wr_pntr_cdc_inst/dest_graysync_ff_reg[0][0]
  -------------------------------------------------------------------
                         required time                         10.025    
                         arrival time                          -1.497    
  -------------------------------------------------------------------
                         slack                                  8.528    





---------------------------------------------------------------------------------------------------
From Clock:  mmcm_clkout5
  To Clock:  mmcm_clkout0

Setup :            0  Failing Endpoints,  Worst Slack        0.751ns,  Total Violation        0.000ns
Hold  :           NA  Failing Endpoints,  Worst Slack           NA  ,  Total Violation           NA
---------------------------------------------------------------------------------------------------


Max Delay Paths
--------------------------------------------------------------------------------------
Slack (MET) :             0.751ns  (required time - arrival time)
  Source:                 ddr_inst/inst/u_ddr4_mem_intfc/u_ddr_cal_top/u_ddr_cal/u_xsdb_arbiter/slave_di_r_reg[7]/C
                            (rising edge-triggered cell FDRE clocked by mmcm_clkout5  {rise@0.000ns fall@6.664ns period=13.328ns})
  Destination:            ddr_inst/inst/u_ddr4_mem_intfc/u_ddr_cal_top/u_ddr_cal/u_xsdb_arbiter/u_slave_di_sync/SYNC[7].sync_reg_reg[0]/D
                            (rising edge-triggered cell FDRE clocked by mmcm_clkout0  {rise@0.000ns fall@1.666ns period=3.332ns})
  Path Group:             mmcm_clkout0
  Path Type:              Setup (Max at Slow Process Corner)
  Requirement:            3.000ns  (MaxDelay Path 3.000ns)
  Data Path Delay:        2.274ns  (logic 0.079ns (3.474%)  route 2.195ns (96.526%))
  Logic Levels:           0  
  Timing Exception:       MaxDelay Path 3.000ns -datapath_only

    Location             Delay type                Incr(ns)  Path(ns)    Netlist Resource(s)
  -------------------------------------------------------------------    -------------------
    SLICE_X88Y320                                     0.000     0.000 r  ddr_inst/inst/u_ddr4_mem_intfc/u_ddr_cal_top/u_ddr_cal/u_xsdb_arbiter/slave_di_r_reg[7]/C
    SLICE_X88Y320        FDRE (Prop_FFF_SLICEL_C_Q)
                                                      0.079     0.079 r  ddr_inst/inst/u_ddr4_mem_intfc/u_ddr_cal_top/u_ddr_cal/u_xsdb_arbiter/slave_di_r_reg[7]/Q
                         net (fo=1, routed)           2.195     2.274    ddr_inst/inst/u_ddr4_mem_intfc/u_ddr_cal_top/u_ddr_cal/u_xsdb_arbiter/u_slave_di_sync/out[7]
    SLICE_X88Y244        FDRE                                         r  ddr_inst/inst/u_ddr4_mem_intfc/u_ddr_cal_top/u_ddr_cal/u_xsdb_arbiter/u_slave_di_sync/SYNC[7].sync_reg_reg[0]/D
  -------------------------------------------------------------------    -------------------

                         max delay                    3.000     3.000    
    SLICE_X88Y244        FDRE (Setup_DFF2_SLICEL_C_D)
                                                      0.025     3.025    ddr_inst/inst/u_ddr4_mem_intfc/u_ddr_cal_top/u_ddr_cal/u_xsdb_arbiter/u_slave_di_sync/SYNC[7].sync_reg_reg[0]
  -------------------------------------------------------------------
                         required time                          3.025    
                         arrival time                          -2.274    
  -------------------------------------------------------------------
                         slack                                  0.751    





---------------------------------------------------------------------------------------------------
From Clock:  mmcm_clkout6
  To Clock:  mmcm_clkout0

Setup :            0  Failing Endpoints,  Worst Slack        1.274ns,  Total Violation        0.000ns
Hold  :           NA  Failing Endpoints,  Worst Slack           NA  ,  Total Violation           NA
---------------------------------------------------------------------------------------------------


Max Delay Paths
--------------------------------------------------------------------------------------
Slack (MET) :             1.274ns  (required time - arrival time)
  Source:                 ddr_inst/inst/u_ddr4_mem_intfc/u_ddr_cal_riu/io_write_strobe_riuclk_reg/C
                            (rising edge-triggered cell FDRE clocked by mmcm_clkout6  {rise@0.000ns fall@3.332ns period=6.664ns})
  Destination:            ddr_inst/inst/u_ddr4_mem_intfc/u_io_write_strobe_sync/SYNC[0].sync_reg_reg[0]/D
                            (rising edge-triggered cell FDRE clocked by mmcm_clkout0  {rise@0.000ns fall@1.666ns period=3.332ns})
  Path Group:             mmcm_clkout0
  Path Type:              Setup (Max at Slow Process Corner)
  Requirement:            3.000ns  (MaxDelay Path 3.000ns)
  Data Path Delay:        1.751ns  (logic 0.078ns (4.453%)  route 1.673ns (95.547%))
  Logic Levels:           0  
  Timing Exception:       MaxDelay Path 3.000ns -datapath_only

    Location             Delay type                Incr(ns)  Path(ns)    Netlist Resource(s)
  -------------------------------------------------------------------    -------------------
    SLICE_X90Y219                                     0.000     0.000 r  ddr_inst/inst/u_ddr4_mem_intfc/u_ddr_cal_riu/io_write_strobe_riuclk_reg/C
    SLICE_X90Y219        FDRE (Prop_HFF2_SLICEM_C_Q)
                                                      0.078     0.078 r  ddr_inst/inst/u_ddr4_mem_intfc/u_ddr_cal_riu/io_write_strobe_riuclk_reg/Q
                         net (fo=17, routed)          1.673     1.751    ddr_inst/inst/u_ddr4_mem_intfc/u_io_write_strobe_sync/D[0]
    SLICE_X87Y251        FDRE                                         r  ddr_inst/inst/u_ddr4_mem_intfc/u_io_write_strobe_sync/SYNC[0].sync_reg_reg[0]/D
  -------------------------------------------------------------------    -------------------

                         max delay                    3.000     3.000    
    SLICE_X87Y251        FDRE (Setup_GFF2_SLICEM_C_D)
                                                      0.025     3.025    ddr_inst/inst/u_ddr4_mem_intfc/u_io_write_strobe_sync/SYNC[0].sync_reg_reg[0]
  -------------------------------------------------------------------
                         required time                          3.025    
                         arrival time                          -1.751    
  -------------------------------------------------------------------
                         slack                                  1.274    





---------------------------------------------------------------------------------------------------
From Clock:  clk_200_mmcm
  To Clock:  mmcm_clkout0

Setup :            0  Failing Endpoints,  Worst Slack        3.511ns,  Total Violation        0.000ns
Hold  :           NA  Failing Endpoints,  Worst Slack           NA  ,  Total Violation           NA
---------------------------------------------------------------------------------------------------


Max Delay Paths
--------------------------------------------------------------------------------------
Slack (MET) :             3.511ns  (required time - arrival time)
  Source:                 ddr_ic/inst/axi_interconnect_inst/si_converter_bank/gen_conv_slot[2].clock_conv_inst/gen_async_readwrite.asyncfifo_rw/inst_fifo_gen/gaxi_full_lite.gwrite_ch.gwdch2.axi_wdch/grf.rf/gntv_or_sync_fifo.gcx.clkx/wr_pntr_cdc_inst/src_gray_ff_reg[1]/C
                            (rising edge-triggered cell FDRE clocked by clk_200_mmcm  {rise@0.000ns fall@2.500ns period=5.000ns})
  Destination:            ddr_ic/inst/axi_interconnect_inst/si_converter_bank/gen_conv_slot[2].clock_conv_inst/gen_async_readwrite.asyncfifo_rw/inst_fifo_gen/gaxi_full_lite.gwrite_ch.gwdch2.axi_wdch/grf.rf/gntv_or_sync_fifo.gcx.clkx/wr_pntr_cdc_inst/dest_graysync_ff_reg[0][1]/D
                            (rising edge-triggered cell FDRE clocked by mmcm_clkout0  {rise@0.000ns fall@1.666ns period=3.332ns})
  Path Group:             mmcm_clkout0
  Path Type:              Setup (Max at Slow Process Corner)
  Requirement:            5.000ns  (MaxDelay Path 5.000ns)
  Data Path Delay:        1.514ns  (logic 0.081ns (5.350%)  route 1.433ns (94.650%))
  Logic Levels:           0  
  Timing Exception:       MaxDelay Path 5.000ns -datapath_only

    Location             Delay type                Incr(ns)  Path(ns)    Netlist Resource(s)
  -------------------------------------------------------------------    -------------------
    SLICE_X77Y361                                     0.000     0.000 r  ddr_ic/inst/axi_interconnect_inst/si_converter_bank/gen_conv_slot[2].clock_conv_inst/gen_async_readwrite.asyncfifo_rw/inst_fifo_gen/gaxi_full_lite.gwrite_ch.gwdch2.axi_wdch/grf.rf/gntv_or_sync_fifo.gcx.clkx/wr_pntr_cdc_inst/src_gray_ff_reg[1]/C
    SLICE_X77Y361        FDRE (Prop_DFF2_SLICEL_C_Q)
                                                      0.081     0.081 r  ddr_ic/inst/axi_interconnect_inst/si_converter_bank/gen_conv_slot[2].clock_conv_inst/gen_async_readwrite.asyncfifo_rw/inst_fifo_gen/gaxi_full_lite.gwrite_ch.gwdch2.axi_wdch/grf.rf/gntv_or_sync_fifo.gcx.clkx/wr_pntr_cdc_inst/src_gray_ff_reg[1]/Q
                         net (fo=1, routed)           1.433     1.514    ddr_ic/inst/axi_interconnect_inst/si_converter_bank/gen_conv_slot[2].clock_conv_inst/gen_async_readwrite.asyncfifo_rw/inst_fifo_gen/gaxi_full_lite.gwrite_ch.gwdch2.axi_wdch/grf.rf/gntv_or_sync_fifo.gcx.clkx/wr_pntr_cdc_inst/async_path[1]
    SLICE_X76Y362        FDRE                                         r  ddr_ic/inst/axi_interconnect_inst/si_converter_bank/gen_conv_slot[2].clock_conv_inst/gen_async_readwrite.asyncfifo_rw/inst_fifo_gen/gaxi_full_lite.gwrite_ch.gwdch2.axi_wdch/grf.rf/gntv_or_sync_fifo.gcx.clkx/wr_pntr_cdc_inst/dest_graysync_ff_reg[0][1]/D
  -------------------------------------------------------------------    -------------------

                         max delay                    5.000     5.000    
    SLICE_X76Y362        FDRE (Setup_DFF2_SLICEM_C_D)
                                                      0.025     5.025    ddr_ic/inst/axi_interconnect_inst/si_converter_bank/gen_conv_slot[2].clock_conv_inst/gen_async_readwrite.asyncfifo_rw/inst_fifo_gen/gaxi_full_lite.gwrite_ch.gwdch2.axi_wdch/grf.rf/gntv_or_sync_fifo.gcx.clkx/wr_pntr_cdc_inst/dest_graysync_ff_reg[0][1]
  -------------------------------------------------------------------
                         required time                          5.025    
                         arrival time                          -1.514    
  -------------------------------------------------------------------
                         slack                                  3.511    





---------------------------------------------------------------------------------------------------
From Clock:  mmcm_clkout0
  To Clock:  pll_clk[0]_DIV

Setup :            0  Failing Endpoints,  Worst Slack        0.363ns,  Total Violation        0.000ns
Hold  :            0  Failing Endpoints,  Worst Slack        0.647ns,  Total Violation        0.000ns
---------------------------------------------------------------------------------------------------


Max Delay Paths
--------------------------------------------------------------------------------------
Slack (MET) :             0.363ns  (required time - arrival time)
  Source:                 ddr_inst/inst/u_ddr4_mem_intfc/u_ddr_cal_top/u_ddr_mc_pi/u_ddr_mc_write/oe_upp_reg[2]/C
                            (rising edge-triggered cell FDRE clocked by mmcm_clkout0  {rise@0.000ns fall@1.666ns period=3.332ns})
  Destination:            ddr_inst/inst/u_ddr4_mem_intfc/u_mig_ddr4_phy/inst/generate_block1.u_ddr_xiphy/byte_num[0].xiphy_byte_wrapper.u_xiphy_byte_wrapper/I_CONTROL[1].GEN_I_CONTROL.u_xiphy_control/xiphy_control/TBYTE_IN[2]
                            (rising edge-triggered cell BITSLICE_CONTROL clocked by pll_clk[0]_DIV  {rise@0.000ns fall@1.666ns period=3.332ns})
  Path Group:             pll_clk[0]_DIV
  Path Type:              Setup (Max at Slow Process Corner)
  Requirement:            3.332ns  (pll_clk[0]_DIV rise@3.332ns - mmcm_clkout0 rise@0.000ns)
  Data Path Delay:        1.971ns  (logic 0.079ns (4.008%)  route 1.892ns (95.992%))
  Logic Levels:           0  
  Clock Path Skew:        -0.673ns (DCD - SCD + CPR)
    Destination Clock Delay (DCD):    2.895ns = ( 6.227 - 3.332 ) 
    Source Clock Delay      (SCD):    3.102ns
    Clock Pessimism Removal (CPR):    -0.465ns
  Clock Uncertainty:      0.157ns  ((TSJ^2 + DJ^2)^1/2) / 2 + PE
    Total System Jitter     (TSJ):    0.071ns
    Discrete Jitter          (DJ):    0.064ns
    Phase Error              (PE):    0.109ns
  Clock Net Delay (Source):      1.873ns (routing 0.635ns, distribution 1.238ns)
  Clock Net Delay (Destination): 1.557ns (routing 0.578ns, distribution 0.979ns)

    Location             Delay type                Incr(ns)  Path(ns)    Netlist Resource(s)
  -------------------------------------------------------------------    -------------------
                         (clock mmcm_clkout0 rise edge)
                                                      0.000     0.000 r  
    G13                                               0.000     0.000 r  c0_sys_clk_p (IN)
                         net (fo=0)                   0.100     0.100    ddr_inst/inst/u_ddr4_mem_intfc/u_mig_ddr4_phy/inst/u_ddr4_phy_pll/diff_input_clk.u_ibufg_sys_clk/I
    HPIOBDIFFINBUF_X0Y108
                         DIFFINBUF (Prop_DIFFINBUF_HPIOBDIFFINBUF_DIFF_IN_P_O)
                                                      0.549     0.649 r  ddr_inst/inst/u_ddr4_mem_intfc/u_mig_ddr4_phy/inst/u_ddr4_phy_pll/diff_input_clk.u_ibufg_sys_clk/DIFFINBUF_INST/O
                         net (fo=1, routed)           0.050     0.699    ddr_inst/inst/u_ddr4_mem_intfc/u_mig_ddr4_phy/inst/u_ddr4_phy_pll/diff_input_clk.u_ibufg_sys_clk/OUT
    G13                  IBUFCTRL (Prop_IBUFCTRL_HPIOB_M_I_O)
                                                      0.000     0.699 r  ddr_inst/inst/u_ddr4_mem_intfc/u_mig_ddr4_phy/inst/u_ddr4_phy_pll/diff_input_clk.u_ibufg_sys_clk/IBUFCTRL_INST/O
                         net (fo=2, routed)           0.384     1.083    ddr_inst/inst/u_ddr4_infrastructure/mmcm_clk_in
    MMCM_X0Y4            MMCME4_ADV (Prop_MMCM_CLKIN1_CLKOUT0)
                                                     -0.127     0.956 r  ddr_inst/inst/u_ddr4_infrastructure/gen_mmcme4.u_mmcme_adv_inst/CLKOUT0
                         net (fo=1, routed)           0.245     1.201    ddr_inst/inst/u_ddr4_infrastructure/mmcm_clkout0
    BUFGCE_X0Y118        BUFGCE (Prop_BUFCE_BUFGCE_I_O)
                                                      0.028     1.229 r  ddr_inst/inst/u_ddr4_infrastructure/u_bufg_divClk/O
    X4Y5 (CLOCK_ROOT)    net (fo=50926, routed)       1.873     3.102    ddr_inst/inst/u_ddr4_mem_intfc/u_ddr_cal_top/u_ddr_mc_pi/u_ddr_mc_write/dReg_reg[10]
    SLICE_X81Y254        FDRE                                         r  ddr_inst/inst/u_ddr4_mem_intfc/u_ddr_cal_top/u_ddr_mc_pi/u_ddr_mc_write/oe_upp_reg[2]/C
  -------------------------------------------------------------------    -------------------
    SLICE_X81Y254        FDRE (Prop_FFF_SLICEL_C_Q)
                                                      0.079     3.181 r  ddr_inst/inst/u_ddr4_mem_intfc/u_ddr_cal_top/u_ddr_mc_pi/u_ddr_mc_write/oe_upp_reg[2]/Q
                         net (fo=8, routed)           1.892     5.073    ddr_inst/inst/u_ddr4_mem_intfc/u_mig_ddr4_phy/inst/generate_block1.u_ddr_xiphy/byte_num[0].xiphy_byte_wrapper.u_xiphy_byte_wrapper/I_CONTROL[1].GEN_I_CONTROL.u_xiphy_control/ch0_mcal_clb2phy_t_b_upp[2]
    BITSLICE_CONTROL_X0Y25
                         BITSLICE_CONTROL                             r  ddr_inst/inst/u_ddr4_mem_intfc/u_mig_ddr4_phy/inst/generate_block1.u_ddr_xiphy/byte_num[0].xiphy_byte_wrapper.u_xiphy_byte_wrapper/I_CONTROL[1].GEN_I_CONTROL.u_xiphy_control/xiphy_control/TBYTE_IN[2]
  -------------------------------------------------------------------    -------------------

                         (clock pll_clk[0]_DIV rise edge)
                                                      3.332     3.332 f  
    G13                                               0.000     3.332 f  c0_sys_clk_p (IN)
                         net (fo=0)                   0.079     3.411    ddr_inst/inst/u_ddr4_mem_intfc/u_mig_ddr4_phy/inst/u_ddr4_phy_pll/diff_input_clk.u_ibufg_sys_clk/I
    HPIOBDIFFINBUF_X0Y108
                         DIFFINBUF (Prop_DIFFINBUF_HPIOBDIFFINBUF_DIFF_IN_P_O)
                                                      0.453     3.864 f  ddr_inst/inst/u_ddr4_mem_intfc/u_mig_ddr4_phy/inst/u_ddr4_phy_pll/diff_input_clk.u_ibufg_sys_clk/DIFFINBUF_INST/O
                         net (fo=1, routed)           0.040     3.904    ddr_inst/inst/u_ddr4_mem_intfc/u_mig_ddr4_phy/inst/u_ddr4_phy_pll/diff_input_clk.u_ibufg_sys_clk/OUT
    G13                  IBUFCTRL (Prop_IBUFCTRL_HPIOB_M_I_O)
                                                      0.000     3.904 f  ddr_inst/inst/u_ddr4_mem_intfc/u_mig_ddr4_phy/inst/u_ddr4_phy_pll/diff_input_clk.u_ibufg_sys_clk/IBUFCTRL_INST/O
                         net (fo=2, routed)           0.333     4.237    ddr_inst/inst/u_ddr4_infrastructure/mmcm_clk_in
    MMCM_X0Y4            MMCME4_ADV (Prop_MMCM_CLKIN1_CLKOUT0)
                                                      0.630     4.867 f  ddr_inst/inst/u_ddr4_infrastructure/gen_mmcme4.u_mmcme_adv_inst/CLKOUT0
                         net (fo=1, routed)           0.215     5.082    ddr_inst/inst/u_ddr4_infrastructure/mmcm_clkout0
    BUFGCE_X0Y118        BUFGCE (Prop_BUFCE_BUFGCE_I_O)
                                                      0.024     5.106 f  ddr_inst/inst/u_ddr4_infrastructure/u_bufg_divClk/O
    X4Y5 (CLOCK_ROOT)    net (fo=50926, routed)       1.557     6.663    ddr_inst/inst/u_ddr4_mem_intfc/u_mig_ddr4_phy/inst/u_ddr4_phy_pll/div_clk
    PLL_X0Y7             PLLE4_ADV (Prop_PLL_CLKIN_CLKOUTPHY)
                                                     -0.713     5.950 f  ddr_inst/inst/u_ddr4_mem_intfc/u_mig_ddr4_phy/inst/u_ddr4_phy_pll/plle_loop[0].gen_plle4.PLLE4_BASE_INST_OTHER/CLKOUTPHY
                         net (fo=8, routed)           0.096     6.046    ddr_inst/inst/u_ddr4_mem_intfc/u_mig_ddr4_phy/inst/generate_block1.u_ddr_xiphy/byte_num[0].xiphy_byte_wrapper.u_xiphy_byte_wrapper/I_CONTROL[1].GEN_I_CONTROL.u_xiphy_control/pll_clk[0]
    BITSLICE_CONTROL_X0Y25
                         BITSLICE_CONTROL (Prop_CONTROL_BITSLICE_CONTROL_PLL_CLK_TX_DIV2_CLK_Q)
                                                      0.106     6.152 r  ddr_inst/inst/u_ddr4_mem_intfc/u_mig_ddr4_phy/inst/generate_block1.u_ddr_xiphy/byte_num[0].xiphy_byte_wrapper.u_xiphy_byte_wrapper/I_CONTROL[1].GEN_I_CONTROL.u_xiphy_control/xiphy_control/TX_DIV2_CLK_Q
    BITSLICE_CONTROL_X0Y25
                         BITSLICE_CONTROL (Prop_CONTROL_BITSLICE_CONTROL_TX_DIV2_CLK_Q_TX_DIV4_CLK_Q)
                                                      0.075     6.227 r  ddr_inst/inst/u_ddr4_mem_intfc/u_mig_ddr4_phy/inst/generate_block1.u_ddr_xiphy/byte_num[0].xiphy_byte_wrapper.u_xiphy_byte_wrapper/I_CONTROL[1].GEN_I_CONTROL.u_xiphy_control/xiphy_control/TX_DIV4_CLK_Q
                         clock pessimism             -0.465     5.761    
                         clock uncertainty           -0.157     5.604    
    BITSLICE_CONTROL_X0Y25
                         BITSLICE_CONTROL (Setup_CONTROL_BITSLICE_CONTROL_TX_DIV4_CLK_Q_TBYTE_IN[2])
                                                     -0.168     5.436    ddr_inst/inst/u_ddr4_mem_intfc/u_mig_ddr4_phy/inst/generate_block1.u_ddr_xiphy/byte_num[0].xiphy_byte_wrapper.u_xiphy_byte_wrapper/I_CONTROL[1].GEN_I_CONTROL.u_xiphy_control/xiphy_control
  -------------------------------------------------------------------
                         required time                          5.436    
                         arrival time                          -5.073    
  -------------------------------------------------------------------
                         slack                                  0.363    





Min Delay Paths
--------------------------------------------------------------------------------------
Slack (MET) :             0.647ns  (arrival time - required time)
  Source:                 ddr_inst/inst/u_ddr4_mem_intfc/u_ddr_cal_top/u_ddr_mc_pi/u_ddr_mc_write/genByte[7].u_ddr_mc_wr_byte/u_ddr_mc_wr_dm/dReg_reg[0]/C
                            (rising edge-triggered cell FDRE clocked by mmcm_clkout0  {rise@0.000ns fall@1.666ns period=3.332ns})
  Destination:            ddr_inst/inst/u_ddr4_mem_intfc/u_mig_ddr4_phy/inst/generate_block1.u_ddr_xiphy/byte_num[0].xiphy_byte_wrapper.u_xiphy_byte_wrapper/I_BITSLICE_LOWER[0].GEN_RXTX_BITSLICE_EN.u_xiphy_bitslice_lower/xiphy_rxtx_bitslice/D[0]
                            (rising edge-triggered cell RXTX_BITSLICE clocked by pll_clk[0]_DIV  {rise@0.000ns fall@1.666ns period=3.332ns})
  Path Group:             pll_clk[0]_DIV
  Path Type:              Hold (Min at Slow Process Corner)
  Requirement:            0.000ns  (pll_clk[0]_DIV rise@0.000ns - mmcm_clkout0 rise@0.000ns)
  Data Path Delay:        0.298ns  (logic 0.060ns (20.134%)  route 0.238ns (79.866%))
  Logic Levels:           0  
  Clock Path Skew:        -0.582ns (DCD - SCD - CPR)
    Destination Clock Delay (DCD):    2.455ns
    Source Clock Delay      (SCD):    3.458ns
    Clock Pessimism Removal (CPR):    -0.421ns
  Clock Uncertainty:      0.157ns  ((TSJ^2 + DJ^2)^1/2) / 2 + PE
    Total System Jitter     (TSJ):    0.071ns
    Discrete Jitter          (DJ):    0.064ns
    Phase Error              (PE):    0.109ns
  Clock Net Delay (Source):      1.685ns (routing 0.578ns, distribution 1.107ns)

    Location             Delay type                Incr(ns)  Path(ns)    Netlist Resource(s)
  -------------------------------------------------------------------    -------------------
                         (clock mmcm_clkout0 rise edge)
                                                      0.000     0.000 r  
    G13                                               0.000     0.000 r  c0_sys_clk_p (IN)
                         net (fo=0)                   0.079     0.079    ddr_inst/inst/u_ddr4_mem_intfc/u_mig_ddr4_phy/inst/u_ddr4_phy_pll/diff_input_clk.u_ibufg_sys_clk/I
    HPIOBDIFFINBUF_X0Y108
                         DIFFINBUF (Prop_DIFFINBUF_HPIOBDIFFINBUF_DIFF_IN_P_O)
                                                      0.453     0.532 r  ddr_inst/inst/u_ddr4_mem_intfc/u_mig_ddr4_phy/inst/u_ddr4_phy_pll/diff_input_clk.u_ibufg_sys_clk/DIFFINBUF_INST/O
                         net (fo=1, routed)           0.040     0.572    ddr_inst/inst/u_ddr4_mem_intfc/u_mig_ddr4_phy/inst/u_ddr4_phy_pll/diff_input_clk.u_ibufg_sys_clk/OUT
    G13                  IBUFCTRL (Prop_IBUFCTRL_HPIOB_M_I_O)
                                                      0.000     0.572 r  ddr_inst/inst/u_ddr4_mem_intfc/u_mig_ddr4_phy/inst/u_ddr4_phy_pll/diff_input_clk.u_ibufg_sys_clk/IBUFCTRL_INST/O
                         net (fo=2, routed)           0.333     0.905    ddr_inst/inst/u_ddr4_infrastructure/mmcm_clk_in
    MMCM_X0Y4            MMCME4_ADV (Prop_MMCM_CLKIN1_CLKOUT0)
                                                      0.630     1.535 r  ddr_inst/inst/u_ddr4_infrastructure/gen_mmcme4.u_mmcme_adv_inst/CLKOUT0
                         net (fo=1, routed)           0.215     1.750    ddr_inst/inst/u_ddr4_infrastructure/mmcm_clkout0
    BUFGCE_X0Y118        BUFGCE (Prop_BUFCE_BUFGCE_I_O)
                                                      0.024     1.774 r  ddr_inst/inst/u_ddr4_infrastructure/u_bufg_divClk/O
    X4Y5 (CLOCK_ROOT)    net (fo=50926, routed)       1.685     3.458    ddr_inst/inst/u_ddr4_mem_intfc/u_ddr_cal_top/u_ddr_mc_pi/u_ddr_mc_write/genByte[7].u_ddr_mc_wr_byte/u_ddr_mc_wr_dm/dReg_reg[10]_0
    SLICE_X82Y181        FDRE                                         r  ddr_inst/inst/u_ddr4_mem_intfc/u_ddr_cal_top/u_ddr_mc_pi/u_ddr_mc_write/genByte[7].u_ddr_mc_wr_byte/u_ddr_mc_wr_dm/dReg_reg[0]/C
  -------------------------------------------------------------------    -------------------
    SLICE_X82Y181        FDRE (Prop_FFF2_SLICEM_C_Q)
                                                      0.060     3.518 r  ddr_inst/inst/u_ddr4_mem_intfc/u_ddr_cal_top/u_ddr_mc_pi/u_ddr_mc_write/genByte[7].u_ddr_mc_wr_byte/u_ddr_mc_wr_dm/dReg_reg[0]/Q
                         net (fo=1, routed)           0.238     3.756    ddr_inst/inst/u_ddr4_mem_intfc/u_mig_ddr4_phy/inst/generate_block1.u_ddr_xiphy/byte_num[0].xiphy_byte_wrapper.u_xiphy_byte_wrapper/I_BITSLICE_LOWER[0].GEN_RXTX_BITSLICE_EN.u_xiphy_bitslice_lower/clb2phy_wr_dq0[0]
    BITSLICE_RX_TX_X0Y156
                         RXTX_BITSLICE                                r  ddr_inst/inst/u_ddr4_mem_intfc/u_mig_ddr4_phy/inst/generate_block1.u_ddr_xiphy/byte_num[0].xiphy_byte_wrapper.u_xiphy_byte_wrapper/I_BITSLICE_LOWER[0].GEN_RXTX_BITSLICE_EN.u_xiphy_bitslice_lower/xiphy_rxtx_bitslice/D[0]
  -------------------------------------------------------------------    -------------------

                         (clock pll_clk[0]_DIV rise edge)
                                                      0.000     0.000 f  
    G13                                               0.000     0.000 f  c0_sys_clk_p (IN)
                         net (fo=0)                   0.100     0.100    ddr_inst/inst/u_ddr4_mem_intfc/u_mig_ddr4_phy/inst/u_ddr4_phy_pll/diff_input_clk.u_ibufg_sys_clk/I
    HPIOBDIFFINBUF_X0Y108
                         DIFFINBUF (Prop_DIFFINBUF_HPIOBDIFFINBUF_DIFF_IN_P_O)
                                                      0.549     0.649 f  ddr_inst/inst/u_ddr4_mem_intfc/u_mig_ddr4_phy/inst/u_ddr4_phy_pll/diff_input_clk.u_ibufg_sys_clk/DIFFINBUF_INST/O
                         net (fo=1, routed)           0.050     0.699    ddr_inst/inst/u_ddr4_mem_intfc/u_mig_ddr4_phy/inst/u_ddr4_phy_pll/diff_input_clk.u_ibufg_sys_clk/OUT
    G13                  IBUFCTRL (Prop_IBUFCTRL_HPIOB_M_I_O)
                                                      0.000     0.699 f  ddr_inst/inst/u_ddr4_mem_intfc/u_mig_ddr4_phy/inst/u_ddr4_phy_pll/diff_input_clk.u_ibufg_sys_clk/IBUFCTRL_INST/O
                         net (fo=2, routed)           0.384     1.083    ddr_inst/inst/u_ddr4_infrastructure/mmcm_clk_in
    MMCM_X0Y4            MMCME4_ADV (Prop_MMCM_CLKIN1_CLKOUT0)
                                                     -0.127     0.956 f  ddr_inst/inst/u_ddr4_infrastructure/gen_mmcme4.u_mmcme_adv_inst/CLKOUT0
                         net (fo=1, routed)           0.245     1.201    ddr_inst/inst/u_ddr4_infrastructure/mmcm_clkout0
    BUFGCE_X0Y118        BUFGCE (Prop_BUFCE_BUFGCE_I_O)
                                                      0.028     1.229 f  ddr_inst/inst/u_ddr4_infrastructure/u_bufg_divClk/O
                         net (fo=50926, routed)       1.737     2.966    ddr_inst/inst/u_ddr4_mem_intfc/u_mig_ddr4_phy/inst/u_ddr4_phy_pll/div_clk
    PLL_X0Y7             PLLE4_ADV (Prop_PLL_CLKIN_CLKOUTPHY)
                                                     -1.141     1.825 f  ddr_inst/inst/u_ddr4_mem_intfc/u_mig_ddr4_phy/inst/u_ddr4_phy_pll/plle_loop[0].gen_plle4.PLLE4_BASE_INST_OTHER/CLKOUTPHY
                         net (fo=8, routed)           0.139     1.964    ddr_inst/inst/u_ddr4_mem_intfc/u_mig_ddr4_phy/inst/generate_block1.u_ddr_xiphy/byte_num[0].xiphy_byte_wrapper.u_xiphy_byte_wrapper/I_CONTROL[0].GEN_I_CONTROL.u_xiphy_control/pll_clk[0]
    BITSLICE_CONTROL_X0Y24
                         BITSLICE_CONTROL (Prop_CONTROL_BITSLICE_CONTROL_PLL_CLK_TX_DIV2_CLK_Q)
                                                      0.177     2.141 r  ddr_inst/inst/u_ddr4_mem_intfc/u_mig_ddr4_phy/inst/generate_block1.u_ddr_xiphy/byte_num[0].xiphy_byte_wrapper.u_xiphy_byte_wrapper/I_CONTROL[0].GEN_I_CONTROL.u_xiphy_control/xiphy_control/TX_DIV2_CLK_Q
    BITSLICE_CONTROL_X0Y24
                         BITSLICE_CONTROL (Prop_CONTROL_BITSLICE_CONTROL_TX_DIV2_CLK_Q_TX_DIV4_CLK_Q)
                                                      0.109     2.250 r  ddr_inst/inst/u_ddr4_mem_intfc/u_mig_ddr4_phy/inst/generate_block1.u_ddr_xiphy/byte_num[0].xiphy_byte_wrapper.u_xiphy_byte_wrapper/I_CONTROL[0].GEN_I_CONTROL.u_xiphy_control/xiphy_control/TX_DIV4_CLK_Q
    BITSLICE_CONTROL_X0Y24
                         BITSLICE_CONTROL (Prop_CONTROL_BITSLICE_CONTROL_TX_DIV4_CLK_Q_TX_BIT_CTRL_OUT0[26])
                                                      0.162     2.412 r  ddr_inst/inst/u_ddr4_mem_intfc/u_mig_ddr4_phy/inst/generate_block1.u_ddr_xiphy/byte_num[0].xiphy_byte_wrapper.u_xiphy_byte_wrapper/I_CONTROL[0].GEN_I_CONTROL.u_xiphy_control/xiphy_control/TX_BIT_CTRL_OUT0[26]
                         net (fo=1, routed)           0.043     2.455    ddr_inst/inst/u_ddr4_mem_intfc/u_mig_ddr4_phy/inst/generate_block1.u_ddr_xiphy/byte_num[0].xiphy_byte_wrapper.u_xiphy_byte_wrapper/I_BITSLICE_LOWER[0].GEN_RXTX_BITSLICE_EN.u_xiphy_bitslice_lower/TX_BIT_CTRL_OUT0[26]
    BITSLICE_RX_TX_X0Y156
                         RXTX_BITSLICE                                r  ddr_inst/inst/u_ddr4_mem_intfc/u_mig_ddr4_phy/inst/generate_block1.u_ddr_xiphy/byte_num[0].xiphy_byte_wrapper.u_xiphy_byte_wrapper/I_BITSLICE_LOWER[0].GEN_RXTX_BITSLICE_EN.u_xiphy_bitslice_lower/xiphy_rxtx_bitslice/TX_BIT_CTRL_IN[26]
                         clock pessimism              0.421     2.876    
                         clock uncertainty            0.157     3.033    
    BITSLICE_RX_TX_X0Y156
                         RXTX_BITSLICE (Hold_RXTX_BITSLICE_BITSLICE_RX_TX_TX_BIT_CTRL_IN[26]_D[0])
                                                      0.076     3.109    ddr_inst/inst/u_ddr4_mem_intfc/u_mig_ddr4_phy/inst/generate_block1.u_ddr_xiphy/byte_num[0].xiphy_byte_wrapper.u_xiphy_byte_wrapper/I_BITSLICE_LOWER[0].GEN_RXTX_BITSLICE_EN.u_xiphy_bitslice_lower/xiphy_rxtx_bitslice
  -------------------------------------------------------------------
                         required time                         -3.109    
                         arrival time                           3.756    
  -------------------------------------------------------------------
                         slack                                  0.647    





---------------------------------------------------------------------------------------------------
From Clock:  mmcm_clkout0
  To Clock:  pll_clk[1]_DIV

Setup :            0  Failing Endpoints,  Worst Slack        0.513ns,  Total Violation        0.000ns
Hold  :            0  Failing Endpoints,  Worst Slack        0.658ns,  Total Violation        0.000ns
---------------------------------------------------------------------------------------------------


Max Delay Paths
--------------------------------------------------------------------------------------
Slack (MET) :             0.513ns  (required time - arrival time)
  Source:                 ddr_inst/inst/u_ddr4_mem_intfc/u_ddr_cal_top/mcal_ODT_dly_reg[0][4]/C
                            (rising edge-triggered cell FDRE clocked by mmcm_clkout0  {rise@0.000ns fall@1.666ns period=3.332ns})
  Destination:            ddr_inst/inst/u_ddr4_mem_intfc/u_mig_ddr4_phy/inst/generate_block1.u_ddr_xiphy/byte_num[7].xiphy_byte_wrapper.u_xiphy_byte_wrapper/I_BITSLICE_UPPER[4].GEN_RXTX_BITSLICE_EN.u_xiphy_bitslice_upper/xiphy_rxtx_bitslice/D[2]
                            (rising edge-triggered cell RXTX_BITSLICE clocked by pll_clk[1]_DIV  {rise@0.000ns fall@1.666ns period=3.332ns})
  Path Group:             pll_clk[1]_DIV
  Path Type:              Setup (Max at Slow Process Corner)
  Requirement:            3.332ns  (pll_clk[1]_DIV rise@3.332ns - mmcm_clkout0 rise@0.000ns)
  Data Path Delay:        2.133ns  (logic 0.078ns (3.656%)  route 2.055ns (96.344%))
  Logic Levels:           0  
  Clock Path Skew:        -0.515ns (DCD - SCD + CPR)
    Destination Clock Delay (DCD):    3.018ns = ( 6.350 - 3.332 ) 
    Source Clock Delay      (SCD):    3.108ns
    Clock Pessimism Removal (CPR):    -0.425ns
  Clock Uncertainty:      0.157ns  ((TSJ^2 + DJ^2)^1/2) / 2 + PE
    Total System Jitter     (TSJ):    0.071ns
    Discrete Jitter          (DJ):    0.064ns
    Phase Error              (PE):    0.109ns
  Clock Net Delay (Source):      1.879ns (routing 0.635ns, distribution 1.244ns)

    Location             Delay type                Incr(ns)  Path(ns)    Netlist Resource(s)
  -------------------------------------------------------------------    -------------------
                         (clock mmcm_clkout0 rise edge)
                                                      0.000     0.000 r  
    G13                                               0.000     0.000 r  c0_sys_clk_p (IN)
                         net (fo=0)                   0.100     0.100    ddr_inst/inst/u_ddr4_mem_intfc/u_mig_ddr4_phy/inst/u_ddr4_phy_pll/diff_input_clk.u_ibufg_sys_clk/I
    HPIOBDIFFINBUF_X0Y108
                         DIFFINBUF (Prop_DIFFINBUF_HPIOBDIFFINBUF_DIFF_IN_P_O)
                                                      0.549     0.649 r  ddr_inst/inst/u_ddr4_mem_intfc/u_mig_ddr4_phy/inst/u_ddr4_phy_pll/diff_input_clk.u_ibufg_sys_clk/DIFFINBUF_INST/O
                         net (fo=1, routed)           0.050     0.699    ddr_inst/inst/u_ddr4_mem_intfc/u_mig_ddr4_phy/inst/u_ddr4_phy_pll/diff_input_clk.u_ibufg_sys_clk/OUT
    G13                  IBUFCTRL (Prop_IBUFCTRL_HPIOB_M_I_O)
                                                      0.000     0.699 r  ddr_inst/inst/u_ddr4_mem_intfc/u_mig_ddr4_phy/inst/u_ddr4_phy_pll/diff_input_clk.u_ibufg_sys_clk/IBUFCTRL_INST/O
                         net (fo=2, routed)           0.384     1.083    ddr_inst/inst/u_ddr4_infrastructure/mmcm_clk_in
    MMCM_X0Y4            MMCME4_ADV (Prop_MMCM_CLKIN1_CLKOUT0)
                                                     -0.127     0.956 r  ddr_inst/inst/u_ddr4_infrastructure/gen_mmcme4.u_mmcme_adv_inst/CLKOUT0
                         net (fo=1, routed)           0.245     1.201    ddr_inst/inst/u_ddr4_infrastructure/mmcm_clkout0
    BUFGCE_X0Y118        BUFGCE (Prop_BUFCE_BUFGCE_I_O)
                                                      0.028     1.229 r  ddr_inst/inst/u_ddr4_infrastructure/u_bufg_divClk/O
    X4Y5 (CLOCK_ROOT)    net (fo=50926, routed)       1.879     3.108    ddr_inst/inst/u_ddr4_mem_intfc/u_ddr_cal_top/dReg_reg[10]
    SLICE_X82Y244        FDRE                                         r  ddr_inst/inst/u_ddr4_mem_intfc/u_ddr_cal_top/mcal_ODT_dly_reg[0][4]/C
  -------------------------------------------------------------------    -------------------
    SLICE_X82Y244        FDRE (Prop_BFF_SLICEM_C_Q)
                                                      0.078     3.186 r  ddr_inst/inst/u_ddr4_mem_intfc/u_ddr_cal_top/mcal_ODT_dly_reg[0][4]/Q
                         net (fo=4, routed)           2.055     5.242    ddr_inst/inst/u_ddr4_mem_intfc/u_mig_ddr4_phy/inst/generate_block1.u_ddr_xiphy/byte_num[7].xiphy_byte_wrapper.u_xiphy_byte_wrapper/I_BITSLICE_UPPER[4].GEN_RXTX_BITSLICE_EN.u_xiphy_bitslice_upper/mcal_ODT[2]
    BITSLICE_RX_TX_X0Y257
                         RXTX_BITSLICE                                r  ddr_inst/inst/u_ddr4_mem_intfc/u_mig_ddr4_phy/inst/generate_block1.u_ddr_xiphy/byte_num[7].xiphy_byte_wrapper.u_xiphy_byte_wrapper/I_BITSLICE_UPPER[4].GEN_RXTX_BITSLICE_EN.u_xiphy_bitslice_upper/xiphy_rxtx_bitslice/D[2]
  -------------------------------------------------------------------    -------------------

                         (clock pll_clk[1]_DIV rise edge)
                                                      3.332     3.332 f  
    G13                                               0.000     3.332 f  c0_sys_clk_p (IN)
                         net (fo=0)                   0.079     3.411    ddr_inst/inst/u_ddr4_mem_intfc/u_mig_ddr4_phy/inst/u_ddr4_phy_pll/diff_input_clk.u_ibufg_sys_clk/I
    HPIOBDIFFINBUF_X0Y108
                         DIFFINBUF (Prop_DIFFINBUF_HPIOBDIFFINBUF_DIFF_IN_P_O)
                                                      0.453     3.864 f  ddr_inst/inst/u_ddr4_mem_intfc/u_mig_ddr4_phy/inst/u_ddr4_phy_pll/diff_input_clk.u_ibufg_sys_clk/DIFFINBUF_INST/O
                         net (fo=1, routed)           0.040     3.904    ddr_inst/inst/u_ddr4_mem_intfc/u_mig_ddr4_phy/inst/u_ddr4_phy_pll/diff_input_clk.u_ibufg_sys_clk/OUT
    G13                  IBUFCTRL (Prop_IBUFCTRL_HPIOB_M_I_O)
                                                      0.000     3.904 f  ddr_inst/inst/u_ddr4_mem_intfc/u_mig_ddr4_phy/inst/u_ddr4_phy_pll/diff_input_clk.u_ibufg_sys_clk/IBUFCTRL_INST/O
                         net (fo=2, routed)           0.333     4.237    ddr_inst/inst/u_ddr4_infrastructure/mmcm_clk_in
    MMCM_X0Y4            MMCME4_ADV (Prop_MMCM_CLKIN1_CLKOUT0)
                                                      0.630     4.867 f  ddr_inst/inst/u_ddr4_infrastructure/gen_mmcme4.u_mmcme_adv_inst/CLKOUT0
                         net (fo=1, routed)           0.215     5.082    ddr_inst/inst/u_ddr4_infrastructure/mmcm_clkout0
    BUFGCE_X0Y118        BUFGCE (Prop_BUFCE_BUFGCE_I_O)
                                                      0.024     5.106 f  ddr_inst/inst/u_ddr4_infrastructure/u_bufg_divClk/O
                         net (fo=50926, routed)       1.539     6.645    ddr_inst/inst/u_ddr4_mem_intfc/u_mig_ddr4_phy/inst/u_ddr4_phy_pll/div_clk
    PLL_X0Y9             PLLE4_ADV (Prop_PLL_CLKIN_CLKOUTPHY)
                                                     -0.713     5.932 f  ddr_inst/inst/u_ddr4_mem_intfc/u_mig_ddr4_phy/inst/u_ddr4_phy_pll/plle_loop[1].gen_plle4.PLLE4_BASE_INST_OTHER/CLKOUTPHY
                         net (fo=8, routed)           0.099     6.031    ddr_inst/inst/u_ddr4_mem_intfc/u_mig_ddr4_phy/inst/generate_block1.u_ddr_xiphy/byte_num[7].xiphy_byte_wrapper.u_xiphy_byte_wrapper/I_CONTROL[1].GEN_I_CONTROL.u_xiphy_control/pll_clk[0]
    BITSLICE_CONTROL_X0Y39
                         BITSLICE_CONTROL (Prop_CONTROL_BITSLICE_CONTROL_PLL_CLK_TX_DIV2_CLK_Q)
                                                      0.106     6.137 r  ddr_inst/inst/u_ddr4_mem_intfc/u_mig_ddr4_phy/inst/generate_block1.u_ddr_xiphy/byte_num[7].xiphy_byte_wrapper.u_xiphy_byte_wrapper/I_CONTROL[1].GEN_I_CONTROL.u_xiphy_control/xiphy_control/TX_DIV2_CLK_Q
    BITSLICE_CONTROL_X0Y39
                         BITSLICE_CONTROL (Prop_CONTROL_BITSLICE_CONTROL_TX_DIV2_CLK_Q_TX_DIV4_CLK_Q)
                                                      0.075     6.212 r  ddr_inst/inst/u_ddr4_mem_intfc/u_mig_ddr4_phy/inst/generate_block1.u_ddr_xiphy/byte_num[7].xiphy_byte_wrapper.u_xiphy_byte_wrapper/I_CONTROL[1].GEN_I_CONTROL.u_xiphy_control/xiphy_control/TX_DIV4_CLK_Q
    BITSLICE_CONTROL_X0Y39
                         BITSLICE_CONTROL (Prop_CONTROL_BITSLICE_CONTROL_TX_DIV4_CLK_Q_TX_BIT_CTRL_OUT4[26])
                                                      0.125     6.337 r  ddr_inst/inst/u_ddr4_mem_intfc/u_mig_ddr4_phy/inst/generate_block1.u_ddr_xiphy/byte_num[7].xiphy_byte_wrapper.u_xiphy_byte_wrapper/I_CONTROL[1].GEN_I_CONTROL.u_xiphy_control/xiphy_control/TX_BIT_CTRL_OUT4[26]
                         net (fo=1, routed)           0.013     6.350    ddr_inst/inst/u_ddr4_mem_intfc/u_mig_ddr4_phy/inst/generate_block1.u_ddr_xiphy/byte_num[7].xiphy_byte_wrapper.u_xiphy_byte_wrapper/I_BITSLICE_UPPER[4].GEN_RXTX_BITSLICE_EN.u_xiphy_bitslice_upper/TX_BIT_CTRL_OUT4[26]
    BITSLICE_RX_TX_X0Y257
                         RXTX_BITSLICE                                r  ddr_inst/inst/u_ddr4_mem_intfc/u_mig_ddr4_phy/inst/generate_block1.u_ddr_xiphy/byte_num[7].xiphy_byte_wrapper.u_xiphy_byte_wrapper/I_BITSLICE_UPPER[4].GEN_RXTX_BITSLICE_EN.u_xiphy_bitslice_upper/xiphy_rxtx_bitslice/TX_BIT_CTRL_IN[26]
                         clock pessimism             -0.425     5.925    
                         clock uncertainty           -0.157     5.768    
    BITSLICE_RX_TX_X0Y257
                         RXTX_BITSLICE (Setup_RXTX_BITSLICE_BITSLICE_RX_TX_TX_BIT_CTRL_IN[26]_D[2])
                                                     -0.013     5.755    ddr_inst/inst/u_ddr4_mem_intfc/u_mig_ddr4_phy/inst/generate_block1.u_ddr_xiphy/byte_num[7].xiphy_byte_wrapper.u_xiphy_byte_wrapper/I_BITSLICE_UPPER[4].GEN_RXTX_BITSLICE_EN.u_xiphy_bitslice_upper/xiphy_rxtx_bitslice
  -------------------------------------------------------------------
                         required time                          5.755    
                         arrival time                          -5.242    
  -------------------------------------------------------------------
                         slack                                  0.513    





Min Delay Paths
--------------------------------------------------------------------------------------
Slack (MET) :             0.658ns  (arrival time - required time)
  Source:                 ddr_inst/inst/u_ddr4_mem_intfc/u_ddr_cal_top/mcal_ADR_dly_reg[0][78]/C
                            (rising edge-triggered cell FDRE clocked by mmcm_clkout0  {rise@0.000ns fall@1.666ns period=3.332ns})
  Destination:            ddr_inst/inst/u_ddr4_mem_intfc/u_mig_ddr4_phy/inst/generate_block1.u_ddr_xiphy/byte_num[4].xiphy_byte_wrapper.u_xiphy_byte_wrapper/I_BITSLICE_LOWER[5].GEN_RXTX_BITSLICE_EN.u_xiphy_bitslice_lower/xiphy_rxtx_bitslice/D[5]
                            (rising edge-triggered cell RXTX_BITSLICE clocked by pll_clk[1]_DIV  {rise@0.000ns fall@1.666ns period=3.332ns})
  Path Group:             pll_clk[1]_DIV
  Path Type:              Hold (Min at Slow Process Corner)
  Requirement:            0.000ns  (pll_clk[1]_DIV rise@0.000ns - mmcm_clkout0 rise@0.000ns)
  Data Path Delay:        0.316ns  (logic 0.061ns (19.285%)  route 0.255ns (80.715%))
  Logic Levels:           0  
  Clock Path Skew:        -0.573ns (DCD - SCD - CPR)
    Destination Clock Delay (DCD):    2.444ns
    Source Clock Delay      (SCD):    3.442ns
    Clock Pessimism Removal (CPR):    -0.425ns
  Clock Uncertainty:      0.157ns  ((TSJ^2 + DJ^2)^1/2) / 2 + PE
    Total System Jitter     (TSJ):    0.071ns
    Discrete Jitter          (DJ):    0.064ns
    Phase Error              (PE):    0.109ns
  Clock Net Delay (Source):      1.668ns (routing 0.578ns, distribution 1.090ns)

    Location             Delay type                Incr(ns)  Path(ns)    Netlist Resource(s)
  -------------------------------------------------------------------    -------------------
                         (clock mmcm_clkout0 rise edge)
                                                      0.000     0.000 r  
    G13                                               0.000     0.000 r  c0_sys_clk_p (IN)
                         net (fo=0)                   0.079     0.079    ddr_inst/inst/u_ddr4_mem_intfc/u_mig_ddr4_phy/inst/u_ddr4_phy_pll/diff_input_clk.u_ibufg_sys_clk/I
    HPIOBDIFFINBUF_X0Y108
                         DIFFINBUF (Prop_DIFFINBUF_HPIOBDIFFINBUF_DIFF_IN_P_O)
                                                      0.453     0.532 r  ddr_inst/inst/u_ddr4_mem_intfc/u_mig_ddr4_phy/inst/u_ddr4_phy_pll/diff_input_clk.u_ibufg_sys_clk/DIFFINBUF_INST/O
                         net (fo=1, routed)           0.040     0.572    ddr_inst/inst/u_ddr4_mem_intfc/u_mig_ddr4_phy/inst/u_ddr4_phy_pll/diff_input_clk.u_ibufg_sys_clk/OUT
    G13                  IBUFCTRL (Prop_IBUFCTRL_HPIOB_M_I_O)
                                                      0.000     0.572 r  ddr_inst/inst/u_ddr4_mem_intfc/u_mig_ddr4_phy/inst/u_ddr4_phy_pll/diff_input_clk.u_ibufg_sys_clk/IBUFCTRL_INST/O
                         net (fo=2, routed)           0.333     0.905    ddr_inst/inst/u_ddr4_infrastructure/mmcm_clk_in
    MMCM_X0Y4            MMCME4_ADV (Prop_MMCM_CLKIN1_CLKOUT0)
                                                      0.630     1.535 r  ddr_inst/inst/u_ddr4_infrastructure/gen_mmcme4.u_mmcme_adv_inst/CLKOUT0
                         net (fo=1, routed)           0.215     1.750    ddr_inst/inst/u_ddr4_infrastructure/mmcm_clkout0
    BUFGCE_X0Y118        BUFGCE (Prop_BUFCE_BUFGCE_I_O)
                                                      0.024     1.774 r  ddr_inst/inst/u_ddr4_infrastructure/u_bufg_divClk/O
    X4Y5 (CLOCK_ROOT)    net (fo=50926, routed)       1.668     3.442    ddr_inst/inst/u_ddr4_mem_intfc/u_ddr_cal_top/dReg_reg[10]
    SLICE_X81Y246        FDRE                                         r  ddr_inst/inst/u_ddr4_mem_intfc/u_ddr_cal_top/mcal_ADR_dly_reg[0][78]/C
  -------------------------------------------------------------------    -------------------
    SLICE_X81Y246        FDRE (Prop_DFF2_SLICEL_C_Q)
                                                      0.061     3.503 r  ddr_inst/inst/u_ddr4_mem_intfc/u_ddr_cal_top/mcal_ADR_dly_reg[0][78]/Q
                         net (fo=2, routed)           0.255     3.758    ddr_inst/inst/u_ddr4_mem_intfc/u_mig_ddr4_phy/inst/generate_block1.u_ddr_xiphy/byte_num[4].xiphy_byte_wrapper.u_xiphy_byte_wrapper/I_BITSLICE_LOWER[5].GEN_RXTX_BITSLICE_EN.u_xiphy_bitslice_lower/mcal_ADR[5]
    BITSLICE_RX_TX_X0Y213
                         RXTX_BITSLICE                                r  ddr_inst/inst/u_ddr4_mem_intfc/u_mig_ddr4_phy/inst/generate_block1.u_ddr_xiphy/byte_num[4].xiphy_byte_wrapper.u_xiphy_byte_wrapper/I_BITSLICE_LOWER[5].GEN_RXTX_BITSLICE_EN.u_xiphy_bitslice_lower/xiphy_rxtx_bitslice/D[5]
  -------------------------------------------------------------------    -------------------

                         (clock pll_clk[1]_DIV rise edge)
                                                      0.000     0.000 r  
    G13                                               0.000     0.000 r  c0_sys_clk_p (IN)
                         net (fo=0)                   0.100     0.100    ddr_inst/inst/u_ddr4_mem_intfc/u_mig_ddr4_phy/inst/u_ddr4_phy_pll/diff_input_clk.u_ibufg_sys_clk/I
    HPIOBDIFFINBUF_X0Y108
                         DIFFINBUF (Prop_DIFFINBUF_HPIOBDIFFINBUF_DIFF_IN_P_O)
                                                      0.549     0.649 r  ddr_inst/inst/u_ddr4_mem_intfc/u_mig_ddr4_phy/inst/u_ddr4_phy_pll/diff_input_clk.u_ibufg_sys_clk/DIFFINBUF_INST/O
                         net (fo=1, routed)           0.050     0.699    ddr_inst/inst/u_ddr4_mem_intfc/u_mig_ddr4_phy/inst/u_ddr4_phy_pll/diff_input_clk.u_ibufg_sys_clk/OUT
    G13                  IBUFCTRL (Prop_IBUFCTRL_HPIOB_M_I_O)
                                                      0.000     0.699 r  ddr_inst/inst/u_ddr4_mem_intfc/u_mig_ddr4_phy/inst/u_ddr4_phy_pll/diff_input_clk.u_ibufg_sys_clk/IBUFCTRL_INST/O
                         net (fo=2, routed)           0.384     1.083    ddr_inst/inst/u_ddr4_infrastructure/mmcm_clk_in
    MMCM_X0Y4            MMCME4_ADV (Prop_MMCM_CLKIN1_CLKOUT0)
                                                     -0.127     0.956 r  ddr_inst/inst/u_ddr4_infrastructure/gen_mmcme4.u_mmcme_adv_inst/CLKOUT0
                         net (fo=1, routed)           0.245     1.201    ddr_inst/inst/u_ddr4_infrastructure/mmcm_clkout0
    BUFGCE_X0Y118        BUFGCE (Prop_BUFCE_BUFGCE_I_O)
                                                      0.028     1.229 r  ddr_inst/inst/u_ddr4_infrastructure/u_bufg_divClk/O
                         net (fo=50926, routed)       1.715     2.944    ddr_inst/inst/u_ddr4_mem_intfc/u_mig_ddr4_phy/inst/u_ddr4_phy_pll/div_clk
    PLL_X0Y9             PLLE4_ADV (Prop_PLL_CLKIN_CLKOUTPHY)
                                                     -1.141     1.803 r  ddr_inst/inst/u_ddr4_mem_intfc/u_mig_ddr4_phy/inst/u_ddr4_phy_pll/plle_loop[1].gen_plle4.PLLE4_BASE_INST_OTHER/CLKOUTPHY
                         net (fo=8, routed)           0.139     1.942    ddr_inst/inst/u_ddr4_mem_intfc/u_mig_ddr4_phy/inst/generate_block1.u_ddr_xiphy/byte_num[4].xiphy_byte_wrapper.u_xiphy_byte_wrapper/I_CONTROL[0].GEN_I_CONTROL.u_xiphy_control/pll_clk[0]
    BITSLICE_CONTROL_X0Y32
                         BITSLICE_CONTROL (Prop_CONTROL_BITSLICE_CONTROL_PLL_CLK_TX_DIV2_CLK_Q)
                                                      0.177     2.119 r  ddr_inst/inst/u_ddr4_mem_intfc/u_mig_ddr4_phy/inst/generate_block1.u_ddr_xiphy/byte_num[4].xiphy_byte_wrapper.u_xiphy_byte_wrapper/I_CONTROL[0].GEN_I_CONTROL.u_xiphy_control/xiphy_control/TX_DIV2_CLK_Q
    BITSLICE_CONTROL_X0Y32
                         BITSLICE_CONTROL (Prop_CONTROL_BITSLICE_CONTROL_TX_DIV2_CLK_Q_TX_DIV4_CLK_Q)
                                                      0.109     2.228 r  ddr_inst/inst/u_ddr4_mem_intfc/u_mig_ddr4_phy/inst/generate_block1.u_ddr_xiphy/byte_num[4].xiphy_byte_wrapper.u_xiphy_byte_wrapper/I_CONTROL[0].GEN_I_CONTROL.u_xiphy_control/xiphy_control/TX_DIV4_CLK_Q
    BITSLICE_CONTROL_X0Y32
                         BITSLICE_CONTROL (Prop_CONTROL_BITSLICE_CONTROL_TX_DIV4_CLK_Q_TX_BIT_CTRL_OUT5[26])
                                                      0.192     2.420 r  ddr_inst/inst/u_ddr4_mem_intfc/u_mig_ddr4_phy/inst/generate_block1.u_ddr_xiphy/byte_num[4].xiphy_byte_wrapper.u_xiphy_byte_wrapper/I_CONTROL[0].GEN_I_CONTROL.u_xiphy_control/xiphy_control/TX_BIT_CTRL_OUT5[26]
                         net (fo=1, routed)           0.024     2.444    ddr_inst/inst/u_ddr4_mem_intfc/u_mig_ddr4_phy/inst/generate_block1.u_ddr_xiphy/byte_num[4].xiphy_byte_wrapper.u_xiphy_byte_wrapper/I_BITSLICE_LOWER[5].GEN_RXTX_BITSLICE_EN.u_xiphy_bitslice_lower/TX_BIT_CTRL_OUT5[26]
    BITSLICE_RX_TX_X0Y213
                         RXTX_BITSLICE                                r  ddr_inst/inst/u_ddr4_mem_intfc/u_mig_ddr4_phy/inst/generate_block1.u_ddr_xiphy/byte_num[4].xiphy_byte_wrapper.u_xiphy_byte_wrapper/I_BITSLICE_LOWER[5].GEN_RXTX_BITSLICE_EN.u_xiphy_bitslice_lower/xiphy_rxtx_bitslice/TX_BIT_CTRL_IN[26]
                         clock pessimism              0.425     2.869    
                         clock uncertainty            0.157     3.026    
    BITSLICE_RX_TX_X0Y213
                         RXTX_BITSLICE (Hold_RXTX_BITSLICE_BITSLICE_RX_TX_TX_BIT_CTRL_IN[26]_D[5])
                                                      0.074     3.100    ddr_inst/inst/u_ddr4_mem_intfc/u_mig_ddr4_phy/inst/generate_block1.u_ddr_xiphy/byte_num[4].xiphy_byte_wrapper.u_xiphy_byte_wrapper/I_BITSLICE_LOWER[5].GEN_RXTX_BITSLICE_EN.u_xiphy_bitslice_lower/xiphy_rxtx_bitslice
  -------------------------------------------------------------------
                         required time                         -3.100    
                         arrival time                           3.758    
  -------------------------------------------------------------------
                         slack                                  0.658    





---------------------------------------------------------------------------------------------------
From Clock:  mmcm_clkout0
  To Clock:  pll_clk[2]_DIV

Setup :            0  Failing Endpoints,  Worst Slack        0.381ns,  Total Violation        0.000ns
Hold  :            0  Failing Endpoints,  Worst Slack        0.662ns,  Total Violation        0.000ns
---------------------------------------------------------------------------------------------------


Max Delay Paths
--------------------------------------------------------------------------------------
Slack (MET) :             0.381ns  (required time - arrival time)
  Source:                 ddr_inst/inst/u_ddr4_mem_intfc/u_ddr_cal_top/u_ddr_mc_pi/rdEn[0].u_ddr_mc_rd_en_upp/rdEn_reg[3]/C
                            (rising edge-triggered cell FDRE clocked by mmcm_clkout0  {rise@0.000ns fall@1.666ns period=3.332ns})
  Destination:            ddr_inst/inst/u_ddr4_mem_intfc/u_mig_ddr4_phy/inst/generate_block1.u_ddr_xiphy/byte_num[9].xiphy_byte_wrapper.u_xiphy_byte_wrapper/I_CONTROL[1].GEN_I_CONTROL.u_xiphy_control/xiphy_control/PHY_RDEN[3]
                            (rising edge-triggered cell BITSLICE_CONTROL clocked by pll_clk[2]_DIV  {rise@0.000ns fall@1.666ns period=3.332ns})
  Path Group:             pll_clk[2]_DIV
  Path Type:              Setup (Max at Slow Process Corner)
  Requirement:            3.332ns  (pll_clk[2]_DIV rise@3.332ns - mmcm_clkout0 rise@0.000ns)
  Data Path Delay:        2.010ns  (logic 0.078ns (3.881%)  route 1.932ns (96.119%))
  Logic Levels:           0  
  Clock Path Skew:        -0.735ns (DCD - SCD + CPR)
    Destination Clock Delay (DCD):    2.865ns = ( 6.197 - 3.332 ) 
    Source Clock Delay      (SCD):    3.107ns
    Clock Pessimism Removal (CPR):    -0.492ns
  Clock Uncertainty:      0.157ns  ((TSJ^2 + DJ^2)^1/2) / 2 + PE
    Total System Jitter     (TSJ):    0.071ns
    Discrete Jitter          (DJ):    0.064ns
    Phase Error              (PE):    0.109ns
  Clock Net Delay (Source):      1.878ns (routing 0.635ns, distribution 1.243ns)
  Clock Net Delay (Destination): 1.523ns (routing 0.578ns, distribution 0.945ns)

    Location             Delay type                Incr(ns)  Path(ns)    Netlist Resource(s)
  -------------------------------------------------------------------    -------------------
                         (clock mmcm_clkout0 rise edge)
                                                      0.000     0.000 r  
    G13                                               0.000     0.000 r  c0_sys_clk_p (IN)
                         net (fo=0)                   0.100     0.100    ddr_inst/inst/u_ddr4_mem_intfc/u_mig_ddr4_phy/inst/u_ddr4_phy_pll/diff_input_clk.u_ibufg_sys_clk/I
    HPIOBDIFFINBUF_X0Y108
                         DIFFINBUF (Prop_DIFFINBUF_HPIOBDIFFINBUF_DIFF_IN_P_O)
                                                      0.549     0.649 r  ddr_inst/inst/u_ddr4_mem_intfc/u_mig_ddr4_phy/inst/u_ddr4_phy_pll/diff_input_clk.u_ibufg_sys_clk/DIFFINBUF_INST/O
                         net (fo=1, routed)           0.050     0.699    ddr_inst/inst/u_ddr4_mem_intfc/u_mig_ddr4_phy/inst/u_ddr4_phy_pll/diff_input_clk.u_ibufg_sys_clk/OUT
    G13                  IBUFCTRL (Prop_IBUFCTRL_HPIOB_M_I_O)
                                                      0.000     0.699 r  ddr_inst/inst/u_ddr4_mem_intfc/u_mig_ddr4_phy/inst/u_ddr4_phy_pll/diff_input_clk.u_ibufg_sys_clk/IBUFCTRL_INST/O
                         net (fo=2, routed)           0.384     1.083    ddr_inst/inst/u_ddr4_infrastructure/mmcm_clk_in
    MMCM_X0Y4            MMCME4_ADV (Prop_MMCM_CLKIN1_CLKOUT0)
                                                     -0.127     0.956 r  ddr_inst/inst/u_ddr4_infrastructure/gen_mmcme4.u_mmcme_adv_inst/CLKOUT0
                         net (fo=1, routed)           0.245     1.201    ddr_inst/inst/u_ddr4_infrastructure/mmcm_clkout0
    BUFGCE_X0Y118        BUFGCE (Prop_BUFCE_BUFGCE_I_O)
                                                      0.028     1.229 r  ddr_inst/inst/u_ddr4_infrastructure/u_bufg_divClk/O
    X4Y5 (CLOCK_ROOT)    net (fo=50926, routed)       1.878     3.107    ddr_inst/inst/u_ddr4_mem_intfc/u_ddr_cal_top/u_ddr_mc_pi/rdEn[0].u_ddr_mc_rd_en_upp/rsMask_reg[7][9]_0
    SLICE_X86Y231        FDRE                                         r  ddr_inst/inst/u_ddr4_mem_intfc/u_ddr_cal_top/u_ddr_mc_pi/rdEn[0].u_ddr_mc_rd_en_upp/rdEn_reg[3]/C
  -------------------------------------------------------------------    -------------------
    SLICE_X86Y231        FDRE (Prop_GFF_SLICEM_C_Q)
                                                      0.078     3.185 r  ddr_inst/inst/u_ddr4_mem_intfc/u_ddr_cal_top/u_ddr_mc_pi/rdEn[0].u_ddr_mc_rd_en_upp/rdEn_reg[3]/Q
                         net (fo=3, routed)           1.932     5.117    ddr_inst/inst/u_ddr4_mem_intfc/u_mig_ddr4_phy/inst/generate_block1.u_ddr_xiphy/byte_num[9].xiphy_byte_wrapper.u_xiphy_byte_wrapper/I_CONTROL[1].GEN_I_CONTROL.u_xiphy_control/ch0_mcal_clb2phy_rden_upp[3]
    BITSLICE_CONTROL_X0Y43
                         BITSLICE_CONTROL                             r  ddr_inst/inst/u_ddr4_mem_intfc/u_mig_ddr4_phy/inst/generate_block1.u_ddr_xiphy/byte_num[9].xiphy_byte_wrapper.u_xiphy_byte_wrapper/I_CONTROL[1].GEN_I_CONTROL.u_xiphy_control/xiphy_control/PHY_RDEN[3]
  -------------------------------------------------------------------    -------------------

                         (clock pll_clk[2]_DIV rise edge)
                                                      3.332     3.332 r  
    G13                                               0.000     3.332 r  c0_sys_clk_p (IN)
                         net (fo=0)                   0.079     3.411    ddr_inst/inst/u_ddr4_mem_intfc/u_mig_ddr4_phy/inst/u_ddr4_phy_pll/diff_input_clk.u_ibufg_sys_clk/I
    HPIOBDIFFINBUF_X0Y108
                         DIFFINBUF (Prop_DIFFINBUF_HPIOBDIFFINBUF_DIFF_IN_P_O)
                                                      0.453     3.864 r  ddr_inst/inst/u_ddr4_mem_intfc/u_mig_ddr4_phy/inst/u_ddr4_phy_pll/diff_input_clk.u_ibufg_sys_clk/DIFFINBUF_INST/O
                         net (fo=1, routed)           0.040     3.904    ddr_inst/inst/u_ddr4_mem_intfc/u_mig_ddr4_phy/inst/u_ddr4_phy_pll/diff_input_clk.u_ibufg_sys_clk/OUT
    G13                  IBUFCTRL (Prop_IBUFCTRL_HPIOB_M_I_O)
                                                      0.000     3.904 r  ddr_inst/inst/u_ddr4_mem_intfc/u_mig_ddr4_phy/inst/u_ddr4_phy_pll/diff_input_clk.u_ibufg_sys_clk/IBUFCTRL_INST/O
                         net (fo=2, routed)           0.333     4.237    ddr_inst/inst/u_ddr4_infrastructure/mmcm_clk_in
    MMCM_X0Y4            MMCME4_ADV (Prop_MMCM_CLKIN1_CLKOUT0)
                                                      0.630     4.867 r  ddr_inst/inst/u_ddr4_infrastructure/gen_mmcme4.u_mmcme_adv_inst/CLKOUT0
                         net (fo=1, routed)           0.215     5.082    ddr_inst/inst/u_ddr4_infrastructure/mmcm_clkout0
    BUFGCE_X0Y118        BUFGCE (Prop_BUFCE_BUFGCE_I_O)
                                                      0.024     5.106 r  ddr_inst/inst/u_ddr4_infrastructure/u_bufg_divClk/O
    X4Y5 (CLOCK_ROOT)    net (fo=50926, routed)       1.523     6.629    ddr_inst/inst/u_ddr4_mem_intfc/u_mig_ddr4_phy/inst/u_ddr4_phy_pll/div_clk
    PLL_X0Y11            PLLE4_ADV (Prop_PLL_CLKIN_CLKOUTPHY)
                                                     -0.713     5.916 r  ddr_inst/inst/u_ddr4_mem_intfc/u_mig_ddr4_phy/inst/u_ddr4_phy_pll/plle_loop[2].gen_plle4.PLLE4_BASE_INST_OTHER/CLKOUTPHY
                         net (fo=8, routed)           0.091     6.007    ddr_inst/inst/u_ddr4_mem_intfc/u_mig_ddr4_phy/inst/generate_block1.u_ddr_xiphy/byte_num[9].xiphy_byte_wrapper.u_xiphy_byte_wrapper/I_CONTROL[1].GEN_I_CONTROL.u_xiphy_control/pll_clk[0]
    BITSLICE_CONTROL_X0Y43
                         BITSLICE_CONTROL (Prop_CONTROL_BITSLICE_CONTROL_PLL_CLK_RX_DIV2_CLK_Q)
                                                      0.112     6.119 r  ddr_inst/inst/u_ddr4_mem_intfc/u_mig_ddr4_phy/inst/generate_block1.u_ddr_xiphy/byte_num[9].xiphy_byte_wrapper.u_xiphy_byte_wrapper/I_CONTROL[1].GEN_I_CONTROL.u_xiphy_control/xiphy_control/RX_DIV2_CLK_Q
    BITSLICE_CONTROL_X0Y43
                         BITSLICE_CONTROL (Prop_CONTROL_BITSLICE_CONTROL_RX_DIV2_CLK_Q_RX_DIV4_CLK_Q)
                                                      0.078     6.197 r  ddr_inst/inst/u_ddr4_mem_intfc/u_mig_ddr4_phy/inst/generate_block1.u_ddr_xiphy/byte_num[9].xiphy_byte_wrapper.u_xiphy_byte_wrapper/I_CONTROL[1].GEN_I_CONTROL.u_xiphy_control/xiphy_control/RX_DIV4_CLK_Q
                         clock pessimism             -0.492     5.704    
                         clock uncertainty           -0.157     5.547    
    BITSLICE_CONTROL_X0Y43
                         BITSLICE_CONTROL (Setup_CONTROL_BITSLICE_CONTROL_RX_DIV4_CLK_Q_PHY_RDEN[3])
                                                     -0.049     5.498    ddr_inst/inst/u_ddr4_mem_intfc/u_mig_ddr4_phy/inst/generate_block1.u_ddr_xiphy/byte_num[9].xiphy_byte_wrapper.u_xiphy_byte_wrapper/I_CONTROL[1].GEN_I_CONTROL.u_xiphy_control/xiphy_control
  -------------------------------------------------------------------
                         required time                          5.498    
                         arrival time                          -5.117    
  -------------------------------------------------------------------
                         slack                                  0.381    





Min Delay Paths
--------------------------------------------------------------------------------------
Slack (MET) :             0.662ns  (arrival time - required time)
  Source:                 ddr_inst/inst/u_ddr4_mem_intfc/u_ddr_cal_top/u_ddr_mc_pi/rdEn[0].u_ddr_mc_rd_en_low/rdEn_reg[0]/C
                            (rising edge-triggered cell FDRE clocked by mmcm_clkout0  {rise@0.000ns fall@1.666ns period=3.332ns})
  Destination:            ddr_inst/inst/u_ddr4_mem_intfc/u_mig_ddr4_phy/inst/generate_block1.u_ddr_xiphy/byte_num[9].xiphy_byte_wrapper.u_xiphy_byte_wrapper/I_CONTROL[0].GEN_I_CONTROL.u_xiphy_control/xiphy_control/PHY_RDEN[0]
                            (rising edge-triggered cell BITSLICE_CONTROL clocked by pll_clk[2]_DIV  {rise@0.000ns fall@1.666ns period=3.332ns})
  Path Group:             pll_clk[2]_DIV
  Path Type:              Hold (Min at Slow Process Corner)
  Requirement:            0.000ns  (pll_clk[2]_DIV rise@0.000ns - mmcm_clkout0 rise@0.000ns)
  Data Path Delay:        0.366ns  (logic 0.059ns (16.120%)  route 0.307ns (83.880%))
  Logic Levels:           0  
  Clock Path Skew:        -0.721ns (DCD - SCD - CPR)
    Destination Clock Delay (DCD):    2.227ns
    Source Clock Delay      (SCD):    3.441ns
    Clock Pessimism Removal (CPR):    -0.493ns
  Clock Uncertainty:      0.157ns  ((TSJ^2 + DJ^2)^1/2) / 2 + PE
    Total System Jitter     (TSJ):    0.071ns
    Discrete Jitter          (DJ):    0.064ns
    Phase Error              (PE):    0.109ns
  Clock Net Delay (Source):      1.667ns (routing 0.578ns, distribution 1.089ns)
  Clock Net Delay (Destination): 1.693ns (routing 0.635ns, distribution 1.058ns)

    Location             Delay type                Incr(ns)  Path(ns)    Netlist Resource(s)
  -------------------------------------------------------------------    -------------------
                         (clock mmcm_clkout0 rise edge)
                                                      0.000     0.000 r  
    G13                                               0.000     0.000 r  c0_sys_clk_p (IN)
                         net (fo=0)                   0.079     0.079    ddr_inst/inst/u_ddr4_mem_intfc/u_mig_ddr4_phy/inst/u_ddr4_phy_pll/diff_input_clk.u_ibufg_sys_clk/I
    HPIOBDIFFINBUF_X0Y108
                         DIFFINBUF (Prop_DIFFINBUF_HPIOBDIFFINBUF_DIFF_IN_P_O)
                                                      0.453     0.532 r  ddr_inst/inst/u_ddr4_mem_intfc/u_mig_ddr4_phy/inst/u_ddr4_phy_pll/diff_input_clk.u_ibufg_sys_clk/DIFFINBUF_INST/O
                         net (fo=1, routed)           0.040     0.572    ddr_inst/inst/u_ddr4_mem_intfc/u_mig_ddr4_phy/inst/u_ddr4_phy_pll/diff_input_clk.u_ibufg_sys_clk/OUT
    G13                  IBUFCTRL (Prop_IBUFCTRL_HPIOB_M_I_O)
                                                      0.000     0.572 r  ddr_inst/inst/u_ddr4_mem_intfc/u_mig_ddr4_phy/inst/u_ddr4_phy_pll/diff_input_clk.u_ibufg_sys_clk/IBUFCTRL_INST/O
                         net (fo=2, routed)           0.333     0.905    ddr_inst/inst/u_ddr4_infrastructure/mmcm_clk_in
    MMCM_X0Y4            MMCME4_ADV (Prop_MMCM_CLKIN1_CLKOUT0)
                                                      0.630     1.535 r  ddr_inst/inst/u_ddr4_infrastructure/gen_mmcme4.u_mmcme_adv_inst/CLKOUT0
                         net (fo=1, routed)           0.215     1.750    ddr_inst/inst/u_ddr4_infrastructure/mmcm_clkout0
    BUFGCE_X0Y118        BUFGCE (Prop_BUFCE_BUFGCE_I_O)
                                                      0.024     1.774 r  ddr_inst/inst/u_ddr4_infrastructure/u_bufg_divClk/O
    X4Y5 (CLOCK_ROOT)    net (fo=50926, routed)       1.667     3.441    ddr_inst/inst/u_ddr4_mem_intfc/u_ddr_cal_top/u_ddr_mc_pi/rdEn[0].u_ddr_mc_rd_en_low/rsMask_reg[7][9]_0
    SLICE_X81Y298        FDRE                                         r  ddr_inst/inst/u_ddr4_mem_intfc/u_ddr_cal_top/u_ddr_mc_pi/rdEn[0].u_ddr_mc_rd_en_low/rdEn_reg[0]/C
  -------------------------------------------------------------------    -------------------
    SLICE_X81Y298        FDRE (Prop_EFF_SLICEL_C_Q)
                                                      0.059     3.500 r  ddr_inst/inst/u_ddr4_mem_intfc/u_ddr_cal_top/u_ddr_mc_pi/rdEn[0].u_ddr_mc_rd_en_low/rdEn_reg[0]/Q
                         net (fo=1, routed)           0.307     3.807    ddr_inst/inst/u_ddr4_mem_intfc/u_mig_ddr4_phy/inst/generate_block1.u_ddr_xiphy/byte_num[9].xiphy_byte_wrapper.u_xiphy_byte_wrapper/I_CONTROL[0].GEN_I_CONTROL.u_xiphy_control/ch0_mcal_clb2phy_rden_low[0]
    BITSLICE_CONTROL_X0Y42
                         BITSLICE_CONTROL                             r  ddr_inst/inst/u_ddr4_mem_intfc/u_mig_ddr4_phy/inst/generate_block1.u_ddr_xiphy/byte_num[9].xiphy_byte_wrapper.u_xiphy_byte_wrapper/I_CONTROL[0].GEN_I_CONTROL.u_xiphy_control/xiphy_control/PHY_RDEN[0]
  -------------------------------------------------------------------    -------------------

                         (clock pll_clk[2]_DIV rise edge)
                                                      0.000     0.000 r  
    G13                                               0.000     0.000 r  c0_sys_clk_p (IN)
                         net (fo=0)                   0.100     0.100    ddr_inst/inst/u_ddr4_mem_intfc/u_mig_ddr4_phy/inst/u_ddr4_phy_pll/diff_input_clk.u_ibufg_sys_clk/I
    HPIOBDIFFINBUF_X0Y108
                         DIFFINBUF (Prop_DIFFINBUF_HPIOBDIFFINBUF_DIFF_IN_P_O)
                                                      0.549     0.649 r  ddr_inst/inst/u_ddr4_mem_intfc/u_mig_ddr4_phy/inst/u_ddr4_phy_pll/diff_input_clk.u_ibufg_sys_clk/DIFFINBUF_INST/O
                         net (fo=1, routed)           0.050     0.699    ddr_inst/inst/u_ddr4_mem_intfc/u_mig_ddr4_phy/inst/u_ddr4_phy_pll/diff_input_clk.u_ibufg_sys_clk/OUT
    G13                  IBUFCTRL (Prop_IBUFCTRL_HPIOB_M_I_O)
                                                      0.000     0.699 r  ddr_inst/inst/u_ddr4_mem_intfc/u_mig_ddr4_phy/inst/u_ddr4_phy_pll/diff_input_clk.u_ibufg_sys_clk/IBUFCTRL_INST/O
                         net (fo=2, routed)           0.384     1.083    ddr_inst/inst/u_ddr4_infrastructure/mmcm_clk_in
    MMCM_X0Y4            MMCME4_ADV (Prop_MMCM_CLKIN1_CLKOUT0)
                                                     -0.127     0.956 r  ddr_inst/inst/u_ddr4_infrastructure/gen_mmcme4.u_mmcme_adv_inst/CLKOUT0
                         net (fo=1, routed)           0.245     1.201    ddr_inst/inst/u_ddr4_infrastructure/mmcm_clkout0
    BUFGCE_X0Y118        BUFGCE (Prop_BUFCE_BUFGCE_I_O)
                                                      0.028     1.229 r  ddr_inst/inst/u_ddr4_infrastructure/u_bufg_divClk/O
    X4Y5 (CLOCK_ROOT)    net (fo=50926, routed)       1.693     2.922    ddr_inst/inst/u_ddr4_mem_intfc/u_mig_ddr4_phy/inst/u_ddr4_phy_pll/div_clk
    PLL_X0Y11            PLLE4_ADV (Prop_PLL_CLKIN_CLKOUTPHY)
                                                     -1.141     1.781 r  ddr_inst/inst/u_ddr4_mem_intfc/u_mig_ddr4_phy/inst/u_ddr4_phy_pll/plle_loop[2].gen_plle4.PLLE4_BASE_INST_OTHER/CLKOUTPHY
                         net (fo=8, routed)           0.134     1.915    ddr_inst/inst/u_ddr4_mem_intfc/u_mig_ddr4_phy/inst/generate_block1.u_ddr_xiphy/byte_num[9].xiphy_byte_wrapper.u_xiphy_byte_wrapper/I_CONTROL[0].GEN_I_CONTROL.u_xiphy_control/pll_clk[0]
    BITSLICE_CONTROL_X0Y42
                         BITSLICE_CONTROL (Prop_CONTROL_BITSLICE_CONTROL_PLL_CLK_RX_DIV2_CLK_Q)
                                                      0.193     2.108 r  ddr_inst/inst/u_ddr4_mem_intfc/u_mig_ddr4_phy/inst/generate_block1.u_ddr_xiphy/byte_num[9].xiphy_byte_wrapper.u_xiphy_byte_wrapper/I_CONTROL[0].GEN_I_CONTROL.u_xiphy_control/xiphy_control/RX_DIV2_CLK_Q
    BITSLICE_CONTROL_X0Y42
                         BITSLICE_CONTROL (Prop_CONTROL_BITSLICE_CONTROL_RX_DIV2_CLK_Q_RX_DIV4_CLK_Q)
                                                      0.119     2.227 r  ddr_inst/inst/u_ddr4_mem_intfc/u_mig_ddr4_phy/inst/generate_block1.u_ddr_xiphy/byte_num[9].xiphy_byte_wrapper.u_xiphy_byte_wrapper/I_CONTROL[0].GEN_I_CONTROL.u_xiphy_control/xiphy_control/RX_DIV4_CLK_Q
                         clock pessimism              0.493     2.720    
                         clock uncertainty            0.157     2.877    
    BITSLICE_CONTROL_X0Y42
                         BITSLICE_CONTROL (Hold_CONTROL_BITSLICE_CONTROL_RX_DIV4_CLK_Q_PHY_RDEN[0])
                                                      0.267     3.144    ddr_inst/inst/u_ddr4_mem_intfc/u_mig_ddr4_phy/inst/generate_block1.u_ddr_xiphy/byte_num[9].xiphy_byte_wrapper.u_xiphy_byte_wrapper/I_CONTROL[0].GEN_I_CONTROL.u_xiphy_control/xiphy_control
  -------------------------------------------------------------------
                         required time                         -3.144    
                         arrival time                           3.807    
  -------------------------------------------------------------------
                         slack                                  0.662    





---------------------------------------------------------------------------------------------------
From Clock:  mmcm_clkout0
  To Clock:  mmcm_clkout5

Setup :            0  Failing Endpoints,  Worst Slack       10.854ns,  Total Violation        0.000ns
Hold  :           NA  Failing Endpoints,  Worst Slack           NA  ,  Total Violation           NA
---------------------------------------------------------------------------------------------------


Max Delay Paths
--------------------------------------------------------------------------------------
Slack (MET) :             10.854ns  (required time - arrival time)
  Source:                 ddr_inst/inst/u_ddr4_mem_intfc/u_ddr_cal_top/u_ddr_cal/u_xsdb_arbiter/slave_do_fclk_reg[4]/C
                            (rising edge-triggered cell FDRE clocked by mmcm_clkout0  {rise@0.000ns fall@1.666ns period=3.332ns})
  Destination:            ddr_inst/inst/u_ddr4_mem_intfc/u_ddr_cal_top/u_ddr_cal/u_xsdb_arbiter/u_slave_do_sync/SYNC[4].sync_reg_reg[0]/D
                            (rising edge-triggered cell FDRE clocked by mmcm_clkout5  {rise@0.000ns fall@6.664ns period=13.328ns})
  Path Group:             mmcm_clkout5
  Path Type:              Setup (Max at Slow Process Corner)
  Requirement:            12.000ns  (MaxDelay Path 12.000ns)
  Data Path Delay:        1.171ns  (logic 0.079ns (6.746%)  route 1.092ns (93.254%))
  Logic Levels:           0  
  Timing Exception:       MaxDelay Path 12.000ns -datapath_only

    Location             Delay type                Incr(ns)  Path(ns)    Netlist Resource(s)
  -------------------------------------------------------------------    -------------------
    SLICE_X84Y292                                     0.000     0.000 r  ddr_inst/inst/u_ddr4_mem_intfc/u_ddr_cal_top/u_ddr_cal/u_xsdb_arbiter/slave_do_fclk_reg[4]/C
    SLICE_X84Y292        FDRE (Prop_HFF_SLICEL_C_Q)
                                                      0.079     0.079 r  ddr_inst/inst/u_ddr4_mem_intfc/u_ddr_cal_top/u_ddr_cal/u_xsdb_arbiter/slave_do_fclk_reg[4]/Q
                         net (fo=1, routed)           1.092     1.171    ddr_inst/inst/u_ddr4_mem_intfc/u_ddr_cal_top/u_ddr_cal/u_xsdb_arbiter/u_slave_do_sync/out[4]
    SLICE_X85Y330        FDRE                                         r  ddr_inst/inst/u_ddr4_mem_intfc/u_ddr_cal_top/u_ddr_cal/u_xsdb_arbiter/u_slave_do_sync/SYNC[4].sync_reg_reg[0]/D
  -------------------------------------------------------------------    -------------------

                         max delay                   12.000    12.000    
    SLICE_X85Y330        FDRE (Setup_HFF2_SLICEL_C_D)
                                                      0.025    12.025    ddr_inst/inst/u_ddr4_mem_intfc/u_ddr_cal_top/u_ddr_cal/u_xsdb_arbiter/u_slave_do_sync/SYNC[4].sync_reg_reg[0]
  -------------------------------------------------------------------
                         required time                         12.025    
                         arrival time                          -1.171    
  -------------------------------------------------------------------
                         slack                                 10.854    





---------------------------------------------------------------------------------------------------
From Clock:  clk_100_mmcm
  To Clock:  mmcm_clkout5

Setup :            0  Failing Endpoints,  Worst Slack        9.421ns,  Total Violation        0.000ns
Hold  :           NA  Failing Endpoints,  Worst Slack           NA  ,  Total Violation           NA
---------------------------------------------------------------------------------------------------


Max Delay Paths
--------------------------------------------------------------------------------------
Slack (MET) :             9.421ns  (required time - arrival time)
  Source:                 jtag_lite/inst/jtag_axi_engine_u/rx_fifo_i/inst_fifo_gen/gconvfifo.rf/grf.rf/gntv_or_sync_fifo.gcx.clkx/wr_pntr_cdc_inst/src_gray_ff_reg[3]/C
                            (rising edge-triggered cell FDRE clocked by clk_100_mmcm  {rise@0.000ns fall@5.000ns period=10.000ns})
  Destination:            jtag_lite/inst/jtag_axi_engine_u/rx_fifo_i/inst_fifo_gen/gconvfifo.rf/grf.rf/gntv_or_sync_fifo.gcx.clkx/wr_pntr_cdc_inst/dest_graysync_ff_reg[0][3]/D
                            (rising edge-triggered cell FDRE clocked by mmcm_clkout5  {rise@0.000ns fall@6.664ns period=13.328ns})
  Path Group:             mmcm_clkout5
  Path Type:              Setup (Max at Slow Process Corner)
  Requirement:            10.000ns  (MaxDelay Path 10.000ns)
  Data Path Delay:        0.604ns  (logic 0.077ns (12.748%)  route 0.527ns (87.252%))
  Logic Levels:           0  
  Timing Exception:       MaxDelay Path 10.000ns -datapath_only

    Location             Delay type                Incr(ns)  Path(ns)    Netlist Resource(s)
  -------------------------------------------------------------------    -------------------
    SLICE_X48Y330                                     0.000     0.000 r  jtag_lite/inst/jtag_axi_engine_u/rx_fifo_i/inst_fifo_gen/gconvfifo.rf/grf.rf/gntv_or_sync_fifo.gcx.clkx/wr_pntr_cdc_inst/src_gray_ff_reg[3]/C
    SLICE_X48Y330        FDRE (Prop_CFF2_SLICEM_C_Q)
                                                      0.077     0.077 r  jtag_lite/inst/jtag_axi_engine_u/rx_fifo_i/inst_fifo_gen/gconvfifo.rf/grf.rf/gntv_or_sync_fifo.gcx.clkx/wr_pntr_cdc_inst/src_gray_ff_reg[3]/Q
                         net (fo=1, routed)           0.527     0.604    jtag_lite/inst/jtag_axi_engine_u/rx_fifo_i/inst_fifo_gen/gconvfifo.rf/grf.rf/gntv_or_sync_fifo.gcx.clkx/wr_pntr_cdc_inst/async_path[3]
    SLICE_X49Y327        FDRE                                         r  jtag_lite/inst/jtag_axi_engine_u/rx_fifo_i/inst_fifo_gen/gconvfifo.rf/grf.rf/gntv_or_sync_fifo.gcx.clkx/wr_pntr_cdc_inst/dest_graysync_ff_reg[0][3]/D
  -------------------------------------------------------------------    -------------------

                         max delay                   10.000    10.000    
    SLICE_X49Y327        FDRE (Setup_DFF2_SLICEL_C_D)
                                                      0.025    10.025    jtag_lite/inst/jtag_axi_engine_u/rx_fifo_i/inst_fifo_gen/gconvfifo.rf/grf.rf/gntv_or_sync_fifo.gcx.clkx/wr_pntr_cdc_inst/dest_graysync_ff_reg[0][3]
  -------------------------------------------------------------------
                         required time                         10.025    
                         arrival time                          -0.604    
  -------------------------------------------------------------------
                         slack                                  9.421    





---------------------------------------------------------------------------------------------------
From Clock:  clk_200_mmcm
  To Clock:  mmcm_clkout5

Setup :            0  Failing Endpoints,  Worst Slack        4.263ns,  Total Violation        0.000ns
Hold  :           NA  Failing Endpoints,  Worst Slack           NA  ,  Total Violation           NA
---------------------------------------------------------------------------------------------------


Max Delay Paths
--------------------------------------------------------------------------------------
Slack (MET) :             4.263ns  (required time - arrival time)
  Source:                 jtag_mem/inst/jtag_axi_engine_u/tx_fifo_i/inst_fifo_gen/gconvfifo.rf/grf.rf/gntv_or_sync_fifo.gcx.clkx/rd_pntr_cdc_inst/src_gray_ff_reg[1]/C
                            (rising edge-triggered cell FDRE clocked by clk_200_mmcm  {rise@0.000ns fall@2.500ns period=5.000ns})
  Destination:            jtag_mem/inst/jtag_axi_engine_u/tx_fifo_i/inst_fifo_gen/gconvfifo.rf/grf.rf/gntv_or_sync_fifo.gcx.clkx/rd_pntr_cdc_inst/dest_graysync_ff_reg[0][1]/D
                            (rising edge-triggered cell FDRE clocked by mmcm_clkout5  {rise@0.000ns fall@6.664ns period=13.328ns})
  Path Group:             mmcm_clkout5
  Path Type:              Setup (Max at Slow Process Corner)
  Requirement:            5.000ns  (MaxDelay Path 5.000ns)
  Data Path Delay:        0.762ns  (logic 0.080ns (10.499%)  route 0.682ns (89.501%))
  Logic Levels:           0  
  Timing Exception:       MaxDelay Path 5.000ns -datapath_only

    Location             Delay type                Incr(ns)  Path(ns)    Netlist Resource(s)
  -------------------------------------------------------------------    -------------------
    SLICE_X104Y377                                    0.000     0.000 r  jtag_mem/inst/jtag_axi_engine_u/tx_fifo_i/inst_fifo_gen/gconvfifo.rf/grf.rf/gntv_or_sync_fifo.gcx.clkx/rd_pntr_cdc_inst/src_gray_ff_reg[1]/C
    SLICE_X104Y377       FDRE (Prop_DFF2_SLICEM_C_Q)
                                                      0.080     0.080 r  jtag_mem/inst/jtag_axi_engine_u/tx_fifo_i/inst_fifo_gen/gconvfifo.rf/grf.rf/gntv_or_sync_fifo.gcx.clkx/rd_pntr_cdc_inst/src_gray_ff_reg[1]/Q
                         net (fo=1, routed)           0.682     0.762    jtag_mem/inst/jtag_axi_engine_u/tx_fifo_i/inst_fifo_gen/gconvfifo.rf/grf.rf/gntv_or_sync_fifo.gcx.clkx/rd_pntr_cdc_inst/async_path[1]
    SLICE_X110Y381       FDRE                                         r  jtag_mem/inst/jtag_axi_engine_u/tx_fifo_i/inst_fifo_gen/gconvfifo.rf/grf.rf/gntv_or_sync_fifo.gcx.clkx/rd_pntr_cdc_inst/dest_graysync_ff_reg[0][1]/D
  -------------------------------------------------------------------    -------------------

                         max delay                    5.000     5.000    
    SLICE_X110Y381       FDRE (Setup_DFF2_SLICEM_C_D)
                                                      0.025     5.025    jtag_mem/inst/jtag_axi_engine_u/tx_fifo_i/inst_fifo_gen/gconvfifo.rf/grf.rf/gntv_or_sync_fifo.gcx.clkx/rd_pntr_cdc_inst/dest_graysync_ff_reg[0][1]
  -------------------------------------------------------------------
                         required time                          5.025    
                         arrival time                          -0.762    
  -------------------------------------------------------------------
                         slack                                  4.263    





---------------------------------------------------------------------------------------------------
From Clock:  dbg_hub/inst/BSCANID.u_xsdbm_id/SWITCH_N_EXT_BSCAN.bscan_inst/SERIES7_BSCAN.bscan_inst/INTERNAL_TCK
  To Clock:  mmcm_clkout5

Setup :            0  Failing Endpoints,  Worst Slack       48.959ns,  Total Violation        0.000ns
Hold  :           NA  Failing Endpoints,  Worst Slack           NA  ,  Total Violation           NA
---------------------------------------------------------------------------------------------------


Max Delay Paths
--------------------------------------------------------------------------------------
Slack (MET) :             48.959ns  (required time - arrival time)
  Source:                 dbg_hub/inst/BSCANID.u_xsdbm_id/CORE_XSDB.UUT_MASTER/U_ICON_INTERFACE/U_CMD6_RD/U_RD_FIFO/SUBCORE_FIFO.xsdbm_v3_0_0_rdfifo_inst/inst_fifo_gen/gconvfifo.rf/grf.rf/gntv_or_sync_fifo.gcx.clkx/gnxpm_cdc.rd_pntr_gc_reg[2]/C
                            (rising edge-triggered cell FDCE clocked by dbg_hub/inst/BSCANID.u_xsdbm_id/SWITCH_N_EXT_BSCAN.bscan_inst/SERIES7_BSCAN.bscan_inst/INTERNAL_TCK  {rise@0.000ns fall@25.000ns period=50.000ns})
  Destination:            dbg_hub/inst/BSCANID.u_xsdbm_id/CORE_XSDB.UUT_MASTER/U_ICON_INTERFACE/U_CMD6_RD/U_RD_FIFO/SUBCORE_FIFO.xsdbm_v3_0_0_rdfifo_inst/inst_fifo_gen/gconvfifo.rf/grf.rf/gntv_or_sync_fifo.gcx.clkx/gnxpm_cdc.gsync_stage[1].wr_stg_inst/Q_reg_reg[2]/D
                            (rising edge-triggered cell FDCE clocked by mmcm_clkout5  {rise@0.000ns fall@6.664ns period=13.328ns})
  Path Group:             mmcm_clkout5
  Path Type:              Setup (Max at Slow Process Corner)
  Requirement:            50.000ns  (MaxDelay Path 50.000ns)
  Data Path Delay:        1.066ns  (logic 0.080ns (7.505%)  route 0.986ns (92.495%))
  Logic Levels:           0  
  Timing Exception:       MaxDelay Path 50.000ns -datapath_only

    Location             Delay type                Incr(ns)  Path(ns)    Netlist Resource(s)
  -------------------------------------------------------------------    -------------------
    SLICE_X79Y379                                     0.000     0.000 r  dbg_hub/inst/BSCANID.u_xsdbm_id/CORE_XSDB.UUT_MASTER/U_ICON_INTERFACE/U_CMD6_RD/U_RD_FIFO/SUBCORE_FIFO.xsdbm_v3_0_0_rdfifo_inst/inst_fifo_gen/gconvfifo.rf/grf.rf/gntv_or_sync_fifo.gcx.clkx/gnxpm_cdc.rd_pntr_gc_reg[2]/C
    SLICE_X79Y379        FDCE (Prop_DFF2_SLICEM_C_Q)
                                                      0.080     0.080 r  dbg_hub/inst/BSCANID.u_xsdbm_id/CORE_XSDB.UUT_MASTER/U_ICON_INTERFACE/U_CMD6_RD/U_RD_FIFO/SUBCORE_FIFO.xsdbm_v3_0_0_rdfifo_inst/inst_fifo_gen/gconvfifo.rf/grf.rf/gntv_or_sync_fifo.gcx.clkx/gnxpm_cdc.rd_pntr_gc_reg[2]/Q
                         net (fo=1, routed)           0.986     1.066    dbg_hub/inst/BSCANID.u_xsdbm_id/CORE_XSDB.UUT_MASTER/U_ICON_INTERFACE/U_CMD6_RD/U_RD_FIFO/SUBCORE_FIFO.xsdbm_v3_0_0_rdfifo_inst/inst_fifo_gen/gconvfifo.rf/grf.rf/gntv_or_sync_fifo.gcx.clkx/gnxpm_cdc.gsync_stage[1].wr_stg_inst/Q[2]
    SLICE_X77Y378        FDCE                                         r  dbg_hub/inst/BSCANID.u_xsdbm_id/CORE_XSDB.UUT_MASTER/U_ICON_INTERFACE/U_CMD6_RD/U_RD_FIFO/SUBCORE_FIFO.xsdbm_v3_0_0_rdfifo_inst/inst_fifo_gen/gconvfifo.rf/grf.rf/gntv_or_sync_fifo.gcx.clkx/gnxpm_cdc.gsync_stage[1].wr_stg_inst/Q_reg_reg[2]/D
  -------------------------------------------------------------------    -------------------

                         max delay                   50.000    50.000    
    SLICE_X77Y378        FDCE (Setup_BFF2_SLICEL_C_D)
                                                      0.025    50.025    dbg_hub/inst/BSCANID.u_xsdbm_id/CORE_XSDB.UUT_MASTER/U_ICON_INTERFACE/U_CMD6_RD/U_RD_FIFO/SUBCORE_FIFO.xsdbm_v3_0_0_rdfifo_inst/inst_fifo_gen/gconvfifo.rf/grf.rf/gntv_or_sync_fifo.gcx.clkx/gnxpm_cdc.gsync_stage[1].wr_stg_inst/Q_reg_reg[2]
  -------------------------------------------------------------------
                         required time                         50.025    
                         arrival time                          -1.066    
  -------------------------------------------------------------------
                         slack                                 48.959    





---------------------------------------------------------------------------------------------------
From Clock:  mmcm_clkout0
  To Clock:  mmcm_clkout6

Setup :            0  Failing Endpoints,  Worst Slack        1.890ns,  Total Violation        0.000ns
Hold  :            0  Failing Endpoints,  Worst Slack        0.125ns,  Total Violation        0.000ns
---------------------------------------------------------------------------------------------------


Max Delay Paths
--------------------------------------------------------------------------------------
Slack (MET) :             1.890ns  (required time - arrival time)
  Source:                 ddr_inst/inst/u_ddr4_mem_intfc/u_ddr_cal_top/sample_gts_reg/C
                            (rising edge-triggered cell FDRE clocked by mmcm_clkout0  {rise@0.000ns fall@1.666ns period=3.332ns})
  Destination:            ddr_inst/inst/u_ddr4_mem_intfc/u_ddr_cal_riu/sample_gts_riu_reg/D
                            (rising edge-triggered cell FDRE clocked by mmcm_clkout6  {rise@0.000ns fall@3.332ns period=6.664ns})
  Path Group:             mmcm_clkout6
  Path Type:              Setup (Max at Slow Process Corner)
  Requirement:            3.332ns  (mmcm_clkout6 rise@6.664ns - mmcm_clkout0 rise@3.332ns)
  Data Path Delay:        1.051ns  (logic 0.078ns (7.422%)  route 0.973ns (92.578%))
  Logic Levels:           0  
  Clock Path Skew:        -0.239ns (DCD - SCD + CPR)
    Destination Clock Delay (DCD):    3.434ns = ( 10.098 - 6.664 ) 
    Source Clock Delay      (SCD):    3.094ns = ( 6.426 - 3.332 ) 
    Clock Pessimism Removal (CPR):    -0.578ns
  Clock Uncertainty:      0.176ns  ((TSJ^2 + DJ^2)^1/2) / 2 + PE
    Total System Jitter     (TSJ):    0.071ns
    Discrete Jitter          (DJ):    0.088ns
    Phase Error              (PE):    0.120ns
  Clock Net Delay (Source):      1.865ns (routing 0.635ns, distribution 1.230ns)
  Clock Net Delay (Destination): 1.649ns (routing 0.575ns, distribution 1.074ns)

    Location             Delay type                Incr(ns)  Path(ns)    Netlist Resource(s)
  -------------------------------------------------------------------    -------------------
                         (clock mmcm_clkout0 rise edge)
                                                      3.332     3.332 r  
    G13                                               0.000     3.332 r  c0_sys_clk_p (IN)
                         net (fo=0)                   0.100     3.432    ddr_inst/inst/u_ddr4_mem_intfc/u_mig_ddr4_phy/inst/u_ddr4_phy_pll/diff_input_clk.u_ibufg_sys_clk/I
    HPIOBDIFFINBUF_X0Y108
                         DIFFINBUF (Prop_DIFFINBUF_HPIOBDIFFINBUF_DIFF_IN_P_O)
                                                      0.549     3.981 r  ddr_inst/inst/u_ddr4_mem_intfc/u_mig_ddr4_phy/inst/u_ddr4_phy_pll/diff_input_clk.u_ibufg_sys_clk/DIFFINBUF_INST/O
                         net (fo=1, routed)           0.050     4.031    ddr_inst/inst/u_ddr4_mem_intfc/u_mig_ddr4_phy/inst/u_ddr4_phy_pll/diff_input_clk.u_ibufg_sys_clk/OUT
    G13                  IBUFCTRL (Prop_IBUFCTRL_HPIOB_M_I_O)
                                                      0.000     4.031 r  ddr_inst/inst/u_ddr4_mem_intfc/u_mig_ddr4_phy/inst/u_ddr4_phy_pll/diff_input_clk.u_ibufg_sys_clk/IBUFCTRL_INST/O
                         net (fo=2, routed)           0.384     4.415    ddr_inst/inst/u_ddr4_infrastructure/mmcm_clk_in
    MMCM_X0Y4            MMCME4_ADV (Prop_MMCM_CLKIN1_CLKOUT0)
                                                     -0.127     4.288 r  ddr_inst/inst/u_ddr4_infrastructure/gen_mmcme4.u_mmcme_adv_inst/CLKOUT0
                         net (fo=1, routed)           0.245     4.533    ddr_inst/inst/u_ddr4_infrastructure/mmcm_clkout0
    BUFGCE_X0Y118        BUFGCE (Prop_BUFCE_BUFGCE_I_O)
                                                      0.028     4.561 r  ddr_inst/inst/u_ddr4_infrastructure/u_bufg_divClk/O
    X4Y5 (CLOCK_ROOT)    net (fo=50926, routed)       1.865     6.426    ddr_inst/inst/u_ddr4_mem_intfc/u_ddr_cal_top/dReg_reg[10]
    SLICE_X90Y224        FDRE                                         r  ddr_inst/inst/u_ddr4_mem_intfc/u_ddr_cal_top/sample_gts_reg/C
  -------------------------------------------------------------------    -------------------
    SLICE_X90Y224        FDRE (Prop_DFF_SLICEM_C_Q)
                                                      0.078     6.504 r  ddr_inst/inst/u_ddr4_mem_intfc/u_ddr_cal_top/sample_gts_reg/Q
                         net (fo=1, routed)           0.973     7.477    ddr_inst/inst/u_ddr4_mem_intfc/u_ddr_cal_riu/sample_gts
    SLICE_X87Y232        FDRE                                         r  ddr_inst/inst/u_ddr4_mem_intfc/u_ddr_cal_riu/sample_gts_riu_reg/D
  -------------------------------------------------------------------    -------------------

                         (clock mmcm_clkout6 rise edge)
                                                      6.664     6.664 r  
    G13                                               0.000     6.664 r  c0_sys_clk_p (IN)
                         net (fo=0)                   0.079     6.743    ddr_inst/inst/u_ddr4_mem_intfc/u_mig_ddr4_phy/inst/u_ddr4_phy_pll/diff_input_clk.u_ibufg_sys_clk/I
    HPIOBDIFFINBUF_X0Y108
                         DIFFINBUF (Prop_DIFFINBUF_HPIOBDIFFINBUF_DIFF_IN_P_O)
                                                      0.453     7.196 r  ddr_inst/inst/u_ddr4_mem_intfc/u_mig_ddr4_phy/inst/u_ddr4_phy_pll/diff_input_clk.u_ibufg_sys_clk/DIFFINBUF_INST/O
                         net (fo=1, routed)           0.040     7.236    ddr_inst/inst/u_ddr4_mem_intfc/u_mig_ddr4_phy/inst/u_ddr4_phy_pll/diff_input_clk.u_ibufg_sys_clk/OUT
    G13                  IBUFCTRL (Prop_IBUFCTRL_HPIOB_M_I_O)
                                                      0.000     7.236 r  ddr_inst/inst/u_ddr4_mem_intfc/u_mig_ddr4_phy/inst/u_ddr4_phy_pll/diff_input_clk.u_ibufg_sys_clk/IBUFCTRL_INST/O
                         net (fo=2, routed)           0.333     7.569    ddr_inst/inst/u_ddr4_infrastructure/mmcm_clk_in
    MMCM_X0Y4            MMCME4_ADV (Prop_MMCM_CLKIN1_CLKOUT6)
                                                      0.630     8.199 r  ddr_inst/inst/u_ddr4_infrastructure/gen_mmcme4.u_mmcme_adv_inst/CLKOUT6
                         net (fo=1, routed)           0.226     8.425    ddr_inst/inst/u_ddr4_infrastructure/mmcm_clkout6
    BUFGCE_X0Y116        BUFGCE (Prop_BUFCE_BUFGCE_I_O)
                                                      0.024     8.449 r  ddr_inst/inst/u_ddr4_infrastructure/u_bufg_riuClk/O
    X4Y5 (CLOCK_ROOT)    net (fo=1761, routed)        1.649    10.098    ddr_inst/inst/u_ddr4_mem_intfc/u_ddr_cal_riu/CLK
    SLICE_X87Y232        FDRE                                         r  ddr_inst/inst/u_ddr4_mem_intfc/u_ddr_cal_riu/sample_gts_riu_reg/C
                         clock pessimism             -0.578     9.519    
                         clock uncertainty           -0.176     9.343    
    SLICE_X87Y232        FDRE (Setup_FFF_SLICEM_C_D)
                                                      0.025     9.368    ddr_inst/inst/u_ddr4_mem_intfc/u_ddr_cal_riu/sample_gts_riu_reg
  -------------------------------------------------------------------
                         required time                          9.368    
                         arrival time                          -7.477    
  -------------------------------------------------------------------
                         slack                                  1.890    





Min Delay Paths
--------------------------------------------------------------------------------------
Slack (MET) :             0.125ns  (arrival time - required time)
  Source:                 ddr_inst/inst/u_ddr4_mem_intfc/u_ddr_cal_top/sample_gts_reg/C
                            (rising edge-triggered cell FDRE clocked by mmcm_clkout0  {rise@0.000ns fall@1.666ns period=3.332ns})
  Destination:            ddr_inst/inst/u_ddr4_mem_intfc/u_ddr_cal_riu/sample_gts_riu_reg/D
                            (rising edge-triggered cell FDRE clocked by mmcm_clkout6  {rise@0.000ns fall@3.332ns period=6.664ns})
  Path Group:             mmcm_clkout6
  Path Type:              Hold (Min at Fast Process Corner)
  Requirement:            0.000ns  (mmcm_clkout6 rise@0.000ns - mmcm_clkout0 rise@0.000ns)
  Data Path Delay:        0.510ns  (logic 0.039ns (7.647%)  route 0.471ns (92.353%))
  Logic Levels:           0  
  Clock Path Skew:        0.162ns (DCD - SCD - CPR)
    Destination Clock Delay (DCD):    1.840ns
    Source Clock Delay      (SCD):    2.047ns
    Clock Pessimism Removal (CPR):    -0.369ns
  Clock Uncertainty:      0.176ns  ((TSJ^2 + DJ^2)^1/2) / 2 + PE
    Total System Jitter     (TSJ):    0.071ns
    Discrete Jitter          (DJ):    0.088ns
    Phase Error              (PE):    0.120ns
  Clock Net Delay (Source):      1.032ns (routing 0.349ns, distribution 0.683ns)
  Clock Net Delay (Destination): 1.162ns (routing 0.387ns, distribution 0.775ns)

    Location             Delay type                Incr(ns)  Path(ns)    Netlist Resource(s)
  -------------------------------------------------------------------    -------------------
                         (clock mmcm_clkout0 rise edge)
                                                      0.000     0.000 r  
    G13                                               0.000     0.000 r  c0_sys_clk_p (IN)
                         net (fo=0)                   0.079     0.079    ddr_inst/inst/u_ddr4_mem_intfc/u_mig_ddr4_phy/inst/u_ddr4_phy_pll/diff_input_clk.u_ibufg_sys_clk/I
    HPIOBDIFFINBUF_X0Y108
                         DIFFINBUF (Prop_DIFFINBUF_HPIOBDIFFINBUF_DIFF_IN_P_O)
                                                      0.308     0.387 r  ddr_inst/inst/u_ddr4_mem_intfc/u_mig_ddr4_phy/inst/u_ddr4_phy_pll/diff_input_clk.u_ibufg_sys_clk/DIFFINBUF_INST/O
                         net (fo=1, routed)           0.040     0.427    ddr_inst/inst/u_ddr4_mem_intfc/u_mig_ddr4_phy/inst/u_ddr4_phy_pll/diff_input_clk.u_ibufg_sys_clk/OUT
    G13                  IBUFCTRL (Prop_IBUFCTRL_HPIOB_M_I_O)
                                                      0.000     0.427 r  ddr_inst/inst/u_ddr4_mem_intfc/u_mig_ddr4_phy/inst/u_ddr4_phy_pll/diff_input_clk.u_ibufg_sys_clk/IBUFCTRL_INST/O
                         net (fo=2, routed)           0.196     0.623    ddr_inst/inst/u_ddr4_infrastructure/mmcm_clk_in
    MMCM_X0Y4            MMCME4_ADV (Prop_MMCM_CLKIN1_CLKOUT0)
                                                      0.230     0.853 r  ddr_inst/inst/u_ddr4_infrastructure/gen_mmcme4.u_mmcme_adv_inst/CLKOUT0
                         net (fo=1, routed)           0.146     0.999    ddr_inst/inst/u_ddr4_infrastructure/mmcm_clkout0
    BUFGCE_X0Y118        BUFGCE (Prop_BUFCE_BUFGCE_I_O)
                                                      0.017     1.016 r  ddr_inst/inst/u_ddr4_infrastructure/u_bufg_divClk/O
    X4Y5 (CLOCK_ROOT)    net (fo=50926, routed)       1.032     2.047    ddr_inst/inst/u_ddr4_mem_intfc/u_ddr_cal_top/dReg_reg[10]
    SLICE_X90Y224        FDRE                                         r  ddr_inst/inst/u_ddr4_mem_intfc/u_ddr_cal_top/sample_gts_reg/C
  -------------------------------------------------------------------    -------------------
    SLICE_X90Y224        FDRE (Prop_DFF_SLICEM_C_Q)
                                                      0.039     2.086 r  ddr_inst/inst/u_ddr4_mem_intfc/u_ddr_cal_top/sample_gts_reg/Q
                         net (fo=1, routed)           0.471     2.557    ddr_inst/inst/u_ddr4_mem_intfc/u_ddr_cal_riu/sample_gts
    SLICE_X87Y232        FDRE                                         r  ddr_inst/inst/u_ddr4_mem_intfc/u_ddr_cal_riu/sample_gts_riu_reg/D
  -------------------------------------------------------------------    -------------------

                         (clock mmcm_clkout6 rise edge)
                                                      0.000     0.000 r  
    G13                                               0.000     0.000 r  c0_sys_clk_p (IN)
                         net (fo=0)                   0.100     0.100    ddr_inst/inst/u_ddr4_mem_intfc/u_mig_ddr4_phy/inst/u_ddr4_phy_pll/diff_input_clk.u_ibufg_sys_clk/I
    HPIOBDIFFINBUF_X0Y108
                         DIFFINBUF (Prop_DIFFINBUF_HPIOBDIFFINBUF_DIFF_IN_P_O)
                                                      0.406     0.506 r  ddr_inst/inst/u_ddr4_mem_intfc/u_mig_ddr4_phy/inst/u_ddr4_phy_pll/diff_input_clk.u_ibufg_sys_clk/DIFFINBUF_INST/O
                         net (fo=1, routed)           0.050     0.556    ddr_inst/inst/u_ddr4_mem_intfc/u_mig_ddr4_phy/inst/u_ddr4_phy_pll/diff_input_clk.u_ibufg_sys_clk/OUT
    G13                  IBUFCTRL (Prop_IBUFCTRL_HPIOB_M_I_O)
                                                      0.000     0.556 r  ddr_inst/inst/u_ddr4_mem_intfc/u_mig_ddr4_phy/inst/u_ddr4_phy_pll/diff_input_clk.u_ibufg_sys_clk/IBUFCTRL_INST/O
                         net (fo=2, routed)           0.222     0.778    ddr_inst/inst/u_ddr4_infrastructure/mmcm_clk_in
    MMCM_X0Y4            MMCME4_ADV (Prop_MMCM_CLKIN1_CLKOUT6)
                                                     -0.295     0.483 r  ddr_inst/inst/u_ddr4_infrastructure/gen_mmcme4.u_mmcme_adv_inst/CLKOUT6
                         net (fo=1, routed)           0.176     0.659    ddr_inst/inst/u_ddr4_infrastructure/mmcm_clkout6
    BUFGCE_X0Y116        BUFGCE (Prop_BUFCE_BUFGCE_I_O)
                                                      0.019     0.678 r  ddr_inst/inst/u_ddr4_infrastructure/u_bufg_riuClk/O
    X4Y5 (CLOCK_ROOT)    net (fo=1761, routed)        1.162     1.840    ddr_inst/inst/u_ddr4_mem_intfc/u_ddr_cal_riu/CLK
    SLICE_X87Y232        FDRE                                         r  ddr_inst/inst/u_ddr4_mem_intfc/u_ddr_cal_riu/sample_gts_riu_reg/C
                         clock pessimism              0.369     2.210    
                         clock uncertainty            0.176     2.386    
    SLICE_X87Y232        FDRE (Hold_FFF_SLICEM_C_D)
                                                      0.046     2.432    ddr_inst/inst/u_ddr4_mem_intfc/u_ddr_cal_riu/sample_gts_riu_reg
  -------------------------------------------------------------------
                         required time                         -2.432    
                         arrival time                           2.557    
  -------------------------------------------------------------------
                         slack                                  0.125    





---------------------------------------------------------------------------------------------------
From Clock:  mmcm_clkout5
  To Clock:  clk_100_mmcm

Setup :            0  Failing Endpoints,  Worst Slack      999.450ns,  Total Violation        0.000ns
Hold  :           NA  Failing Endpoints,  Worst Slack           NA  ,  Total Violation           NA
---------------------------------------------------------------------------------------------------


Max Delay Paths
--------------------------------------------------------------------------------------
Slack (MET) :             999.450ns  (required time - arrival time)
  Source:                 jtag_lite/inst/jtag_axi_engine_u/rx_fifo_i/inst_fifo_gen/gconvfifo.rf/grf.rf/gntv_or_sync_fifo.gcx.clkx/rd_pntr_cdc_inst/src_gray_ff_reg[6]/C
                            (rising edge-triggered cell FDRE clocked by mmcm_clkout5  {rise@0.000ns fall@6.664ns period=13.328ns})
  Destination:            jtag_lite/inst/jtag_axi_engine_u/rx_fifo_i/inst_fifo_gen/gconvfifo.rf/grf.rf/gntv_or_sync_fifo.gcx.clkx/rd_pntr_cdc_inst/dest_graysync_ff_reg[0][6]/D
                            (rising edge-triggered cell FDRE clocked by clk_100_mmcm  {rise@0.000ns fall@5.000ns period=10.000ns})
  Path Group:             clk_100_mmcm
  Path Type:              Setup (Max at Slow Process Corner)
  Requirement:            1000.000ns  (MaxDelay Path 1000.000ns)
  Data Path Delay:        0.575ns  (logic 0.079ns (13.739%)  route 0.496ns (86.261%))
  Logic Levels:           0  
  Timing Exception:       MaxDelay Path 1000.000ns -datapath_only

    Location             Delay type                Incr(ns)  Path(ns)    Netlist Resource(s)
  -------------------------------------------------------------------    -------------------
    SLICE_X49Y330                                     0.000     0.000 r  jtag_lite/inst/jtag_axi_engine_u/rx_fifo_i/inst_fifo_gen/gconvfifo.rf/grf.rf/gntv_or_sync_fifo.gcx.clkx/rd_pntr_cdc_inst/src_gray_ff_reg[6]/C
    SLICE_X49Y330        FDRE (Prop_DFF_SLICEL_C_Q)
                                                      0.079     0.079 r  jtag_lite/inst/jtag_axi_engine_u/rx_fifo_i/inst_fifo_gen/gconvfifo.rf/grf.rf/gntv_or_sync_fifo.gcx.clkx/rd_pntr_cdc_inst/src_gray_ff_reg[6]/Q
                         net (fo=1, routed)           0.496     0.575    jtag_lite/inst/jtag_axi_engine_u/rx_fifo_i/inst_fifo_gen/gconvfifo.rf/grf.rf/gntv_or_sync_fifo.gcx.clkx/rd_pntr_cdc_inst/async_path[6]
    SLICE_X50Y329        FDRE                                         r  jtag_lite/inst/jtag_axi_engine_u/rx_fifo_i/inst_fifo_gen/gconvfifo.rf/grf.rf/gntv_or_sync_fifo.gcx.clkx/rd_pntr_cdc_inst/dest_graysync_ff_reg[0][6]/D
  -------------------------------------------------------------------    -------------------

                         max delay                 1000.000  1000.000    
    SLICE_X50Y329        FDRE (Setup_GFF2_SLICEL_C_D)
                                                      0.025  1000.025    jtag_lite/inst/jtag_axi_engine_u/rx_fifo_i/inst_fifo_gen/gconvfifo.rf/grf.rf/gntv_or_sync_fifo.gcx.clkx/rd_pntr_cdc_inst/dest_graysync_ff_reg[0][6]
  -------------------------------------------------------------------
                         required time                       1000.025    
                         arrival time                          -0.575    
  -------------------------------------------------------------------
                         slack                                999.450    





---------------------------------------------------------------------------------------------------
From Clock:  clk_200_mmcm
  To Clock:  clk_100_mmcm

Setup :            0  Failing Endpoints,  Worst Slack        4.076ns,  Total Violation        0.000ns
Hold  :           NA  Failing Endpoints,  Worst Slack           NA  ,  Total Violation           NA
---------------------------------------------------------------------------------------------------


Max Delay Paths
--------------------------------------------------------------------------------------
Slack (MET) :             4.076ns  (required time - arrival time)
  Source:                 ernic_inst/inst/u_xpm_fifo_axil_wrap/xpm_fifo_axil_inst/axi_read_data_channel.xpm_fifo_base_rdch_dut/gen_sdpram.xpm_memory_base_inst/gen_wr_a.gen_word_narrow.mem_reg_0_15_0_13/RAMB/CLK
                            (rising edge-triggered cell RAMD32 clocked by clk_200_mmcm  {rise@0.000ns fall@2.500ns period=5.000ns})
  Destination:            ernic_inst/inst/u_xpm_fifo_axil_wrap/xpm_fifo_axil_inst/axi_read_data_channel.xpm_fifo_base_rdch_dut/gen_sdpram.xpm_memory_base_inst/gen_rd_b.gen_rd_b_synth_template.gen_nc_narrow_pipe.doutb_reg_reg[2]/D
                            (rising edge-triggered cell FDRE clocked by clk_100_mmcm  {rise@0.000ns fall@5.000ns period=10.000ns})
  Path Group:             clk_100_mmcm
  Path Type:              Setup (Max at Slow Process Corner)
  Requirement:            5.000ns  (MaxDelay Path 5.000ns)
  Data Path Delay:        0.949ns  (logic 0.292ns (30.769%)  route 0.657ns (69.231%))
  Logic Levels:           0  
  Timing Exception:       MaxDelay Path 5.000ns -datapath_only

    Location             Delay type                Incr(ns)  Path(ns)    Netlist Resource(s)
  -------------------------------------------------------------------    -------------------
    SLICE_X45Y446                                     0.000     0.000 r  ernic_inst/inst/u_xpm_fifo_axil_wrap/xpm_fifo_axil_inst/axi_read_data_channel.xpm_fifo_base_rdch_dut/gen_sdpram.xpm_memory_base_inst/gen_wr_a.gen_word_narrow.mem_reg_0_15_0_13/RAMB/CLK
    SLICE_X45Y446        RAMD32 (Prop_B5LUT_SLICEM_CLK_O)
                                                      0.292     0.292 r  ernic_inst/inst/u_xpm_fifo_axil_wrap/xpm_fifo_axil_inst/axi_read_data_channel.xpm_fifo_base_rdch_dut/gen_sdpram.xpm_memory_base_inst/gen_wr_a.gen_word_narrow.mem_reg_0_15_0_13/RAMB/O
                         net (fo=1, routed)           0.657     0.949    ernic_inst/inst/u_xpm_fifo_axil_wrap/xpm_fifo_axil_inst/axi_read_data_channel.xpm_fifo_base_rdch_dut/gen_sdpram.xpm_memory_base_inst/gen_rd_b.gen_rd_b_synth_template.gen_nc_narrow_pipe.doutb_reg_reg0[2]
    SLICE_X50Y444        FDRE                                         r  ernic_inst/inst/u_xpm_fifo_axil_wrap/xpm_fifo_axil_inst/axi_read_data_channel.xpm_fifo_base_rdch_dut/gen_sdpram.xpm_memory_base_inst/gen_rd_b.gen_rd_b_synth_template.gen_nc_narrow_pipe.doutb_reg_reg[2]/D
  -------------------------------------------------------------------    -------------------

                         max delay                    5.000     5.000    
    SLICE_X50Y444        FDRE (Setup_DFF_SLICEL_C_D)
                                                      0.025     5.025    ernic_inst/inst/u_xpm_fifo_axil_wrap/xpm_fifo_axil_inst/axi_read_data_channel.xpm_fifo_base_rdch_dut/gen_sdpram.xpm_memory_base_inst/gen_rd_b.gen_rd_b_synth_template.gen_nc_narrow_pipe.doutb_reg_reg[2]
  -------------------------------------------------------------------
                         required time                          5.025    
                         arrival time                          -0.949    
  -------------------------------------------------------------------
                         slack                                  4.076    





---------------------------------------------------------------------------------------------------
From Clock:  mmcm_clkout0
  To Clock:  clk_200_mmcm

Setup :            0  Failing Endpoints,  Worst Slack        1.668ns,  Total Violation        0.000ns
Hold  :           NA  Failing Endpoints,  Worst Slack           NA  ,  Total Violation           NA
---------------------------------------------------------------------------------------------------


Max Delay Paths
--------------------------------------------------------------------------------------
Slack (MET) :             1.668ns  (required time - arrival time)
  Source:                 ddr_ic/inst/axi_interconnect_inst/si_converter_bank/gen_conv_slot[0].clock_conv_inst/gen_async_readwrite.asyncfifo_rw/inst_fifo_gen/gaxi_full_lite.gwrite_ch.gwdch2.axi_wdch/grf.rf/gntv_or_sync_fifo.gcx.clkx/rd_pntr_cdc_inst/src_gray_ff_reg[1]/C
                            (rising edge-triggered cell FDRE clocked by mmcm_clkout0  {rise@0.000ns fall@1.666ns period=3.332ns})
  Destination:            ddr_ic/inst/axi_interconnect_inst/si_converter_bank/gen_conv_slot[0].clock_conv_inst/gen_async_readwrite.asyncfifo_rw/inst_fifo_gen/gaxi_full_lite.gwrite_ch.gwdch2.axi_wdch/grf.rf/gntv_or_sync_fifo.gcx.clkx/rd_pntr_cdc_inst/dest_graysync_ff_reg[0][1]/D
                            (rising edge-triggered cell FDRE clocked by clk_200_mmcm  {rise@0.000ns fall@2.500ns period=5.000ns})
  Path Group:             clk_200_mmcm
  Path Type:              Setup (Max at Slow Process Corner)
  Requirement:            3.332ns  (MaxDelay Path 3.332ns)
  Data Path Delay:        1.689ns  (logic 0.081ns (4.796%)  route 1.608ns (95.204%))
  Logic Levels:           0  
  Timing Exception:       MaxDelay Path 3.332ns -datapath_only

    Location             Delay type                Incr(ns)  Path(ns)    Netlist Resource(s)
  -------------------------------------------------------------------    -------------------
    SLICE_X106Y346                                    0.000     0.000 r  ddr_ic/inst/axi_interconnect_inst/si_converter_bank/gen_conv_slot[0].clock_conv_inst/gen_async_readwrite.asyncfifo_rw/inst_fifo_gen/gaxi_full_lite.gwrite_ch.gwdch2.axi_wdch/grf.rf/gntv_or_sync_fifo.gcx.clkx/rd_pntr_cdc_inst/src_gray_ff_reg[1]/C
    SLICE_X106Y346       FDRE (Prop_DFF2_SLICEL_C_Q)
                                                      0.081     0.081 r  ddr_ic/inst/axi_interconnect_inst/si_converter_bank/gen_conv_slot[0].clock_conv_inst/gen_async_readwrite.asyncfifo_rw/inst_fifo_gen/gaxi_full_lite.gwrite_ch.gwdch2.axi_wdch/grf.rf/gntv_or_sync_fifo.gcx.clkx/rd_pntr_cdc_inst/src_gray_ff_reg[1]/Q
                         net (fo=1, routed)           1.608     1.689    ddr_ic/inst/axi_interconnect_inst/si_converter_bank/gen_conv_slot[0].clock_conv_inst/gen_async_readwrite.asyncfifo_rw/inst_fifo_gen/gaxi_full_lite.gwrite_ch.gwdch2.axi_wdch/grf.rf/gntv_or_sync_fifo.gcx.clkx/rd_pntr_cdc_inst/async_path[1]
    SLICE_X60Y345        FDRE                                         r  ddr_ic/inst/axi_interconnect_inst/si_converter_bank/gen_conv_slot[0].clock_conv_inst/gen_async_readwrite.asyncfifo_rw/inst_fifo_gen/gaxi_full_lite.gwrite_ch.gwdch2.axi_wdch/grf.rf/gntv_or_sync_fifo.gcx.clkx/rd_pntr_cdc_inst/dest_graysync_ff_reg[0][1]/D
  -------------------------------------------------------------------    -------------------

                         max delay                    3.332     3.332    
    SLICE_X60Y345        FDRE (Setup_DFF2_SLICEM_C_D)
                                                      0.025     3.357    ddr_ic/inst/axi_interconnect_inst/si_converter_bank/gen_conv_slot[0].clock_conv_inst/gen_async_readwrite.asyncfifo_rw/inst_fifo_gen/gaxi_full_lite.gwrite_ch.gwdch2.axi_wdch/grf.rf/gntv_or_sync_fifo.gcx.clkx/rd_pntr_cdc_inst/dest_graysync_ff_reg[0][1]
  -------------------------------------------------------------------
                         required time                          3.357    
                         arrival time                          -1.689    
  -------------------------------------------------------------------
                         slack                                  1.668    





---------------------------------------------------------------------------------------------------
From Clock:  mmcm_clkout5
  To Clock:  clk_200_mmcm

Setup :            0  Failing Endpoints,  Worst Slack      999.352ns,  Total Violation        0.000ns
Hold  :           NA  Failing Endpoints,  Worst Slack           NA  ,  Total Violation           NA
---------------------------------------------------------------------------------------------------


Max Delay Paths
--------------------------------------------------------------------------------------
Slack (MET) :             999.352ns  (required time - arrival time)
  Source:                 jtag_mem/inst/jtag_axi_engine_u/tx_fifo_i/inst_fifo_gen/gconvfifo.rf/grf.rf/gntv_or_sync_fifo.gcx.clkx/wr_pntr_cdc_inst/src_gray_ff_reg[7]/C
                            (rising edge-triggered cell FDRE clocked by mmcm_clkout5  {rise@0.000ns fall@6.664ns period=13.328ns})
  Destination:            jtag_mem/inst/jtag_axi_engine_u/tx_fifo_i/inst_fifo_gen/gconvfifo.rf/grf.rf/gntv_or_sync_fifo.gcx.clkx/wr_pntr_cdc_inst/dest_graysync_ff_reg[0][7]/D
                            (rising edge-triggered cell FDRE clocked by clk_200_mmcm  {rise@0.000ns fall@2.500ns period=5.000ns})
  Path Group:             clk_200_mmcm
  Path Type:              Setup (Max at Slow Process Corner)
  Requirement:            1000.000ns  (MaxDelay Path 1000.000ns)
  Data Path Delay:        0.673ns  (logic 0.079ns (11.738%)  route 0.594ns (88.262%))
  Logic Levels:           0  
  Timing Exception:       MaxDelay Path 1000.000ns -datapath_only

    Location             Delay type                Incr(ns)  Path(ns)    Netlist Resource(s)
  -------------------------------------------------------------------    -------------------
    SLICE_X108Y376                                    0.000     0.000 r  jtag_mem/inst/jtag_axi_engine_u/tx_fifo_i/inst_fifo_gen/gconvfifo.rf/grf.rf/gntv_or_sync_fifo.gcx.clkx/wr_pntr_cdc_inst/src_gray_ff_reg[7]/C
    SLICE_X108Y376       FDRE (Prop_EFF_SLICEL_C_Q)
                                                      0.079     0.079 r  jtag_mem/inst/jtag_axi_engine_u/tx_fifo_i/inst_fifo_gen/gconvfifo.rf/grf.rf/gntv_or_sync_fifo.gcx.clkx/wr_pntr_cdc_inst/src_gray_ff_reg[7]/Q
                         net (fo=1, routed)           0.594     0.673    jtag_mem/inst/jtag_axi_engine_u/tx_fifo_i/inst_fifo_gen/gconvfifo.rf/grf.rf/gntv_or_sync_fifo.gcx.clkx/wr_pntr_cdc_inst/async_path[7]
    SLICE_X108Y376       FDRE                                         r  jtag_mem/inst/jtag_axi_engine_u/tx_fifo_i/inst_fifo_gen/gconvfifo.rf/grf.rf/gntv_or_sync_fifo.gcx.clkx/wr_pntr_cdc_inst/dest_graysync_ff_reg[0][7]/D
  -------------------------------------------------------------------    -------------------

                         max delay                 1000.000  1000.000    
    SLICE_X108Y376       FDRE (Setup_DFF2_SLICEL_C_D)
                                                      0.025  1000.025    jtag_mem/inst/jtag_axi_engine_u/tx_fifo_i/inst_fifo_gen/gconvfifo.rf/grf.rf/gntv_or_sync_fifo.gcx.clkx/wr_pntr_cdc_inst/dest_graysync_ff_reg[0][7]
  -------------------------------------------------------------------
                         required time                       1000.025    
                         arrival time                          -0.673    
  -------------------------------------------------------------------
                         slack                                999.352    





---------------------------------------------------------------------------------------------------
From Clock:  clk_100_mmcm
  To Clock:  clk_200_mmcm

Setup :            0  Failing Endpoints,  Worst Slack        3.283ns,  Total Violation        0.000ns
Hold  :            0  Failing Endpoints,  Worst Slack        0.150ns,  Total Violation        0.000ns
---------------------------------------------------------------------------------------------------


Max Delay Paths
--------------------------------------------------------------------------------------
Slack (MET) :             3.283ns  (required time - arrival time)
  Source:                 ernic_inst/inst/arbitrationloss/ARBGEN1.arb_6q_reg/C
                            (rising edge-triggered cell FDRE clocked by clk_100_mmcm  {rise@0.000ns fall@5.000ns period=10.000ns})
  Destination:            ernic_inst/inst/arbitrationloss/ARBGEN1.s_axi_lite_aresetn_sync_reg/D
                            (rising edge-triggered cell FDRE clocked by clk_200_mmcm  {rise@0.000ns fall@2.500ns period=5.000ns})
  Path Group:             clk_200_mmcm
  Path Type:              Setup (Max at Slow Process Corner)
  Requirement:            5.000ns  (clk_200_mmcm rise@5.000ns - clk_100_mmcm rise@0.000ns)
  Data Path Delay:        1.313ns  (logic 0.080ns (6.093%)  route 1.233ns (93.907%))
  Logic Levels:           0  
  Clock Path Skew:        -0.235ns (DCD - SCD + CPR)
    Destination Clock Delay (DCD):    4.478ns = ( 9.478 - 5.000 ) 
    Source Clock Delay      (SCD):    4.151ns
    Clock Pessimism Removal (CPR):    -0.563ns
  Clock Uncertainty:      0.194ns  ((TSJ^2 + DJ^2)^1/2) / 2 + PE
    Total System Jitter     (TSJ):    0.071ns
    Discrete Jitter          (DJ):    0.129ns
    Phase Error              (PE):    0.120ns
  Clock Net Delay (Source):      2.835ns (routing 1.774ns, distribution 1.061ns)
  Clock Net Delay (Destination): 2.639ns (routing 1.349ns, distribution 1.290ns)

    Location             Delay type                Incr(ns)  Path(ns)    Netlist Resource(s)
  -------------------------------------------------------------------    -------------------
                         (clock clk_100_mmcm rise edge)
                                                      0.000     0.000 r  
    AM15                                              0.000     0.000 r  clk_p (IN)
                         net (fo=0)                   0.100     0.100    clk_in_ibufds/I
    HPIOBDIFFINBUF_X0Y10 DIFFINBUF (Prop_DIFFINBUF_HPIOBDIFFINBUF_DIFF_IN_P_O)
                                                      0.617     0.717 r  clk_in_ibufds/DIFFINBUF_INST/O
                         net (fo=1, routed)           0.050     0.767    clk_in_ibufds/OUT
    AM15                 IBUFCTRL (Prop_IBUFCTRL_HPIOB_M_I_O)
                                                      0.000     0.767 r  clk_in_ibufds/IBUFCTRL_INST/O
                         net (fo=1, routed)           0.397     1.164    clk_in
    MMCM_X0Y0            MMCME4_ADV (Prop_MMCM_CLKIN1_CLKOUT1)
                                                     -0.127     1.037 r  clk_mmcm/CLKOUT1
                         net (fo=1, routed)           0.251     1.288    clk_100_mmcm
    BUFGCE_X0Y9          BUFGCE (Prop_BUFCE_BUFGCE_I_O)
                                                      0.028     1.316 r  clk_100_bufg/O
    X2Y5 (CLOCK_ROOT)    net (fo=1021, routed)        2.835     4.151    ernic_inst/inst/arbitrationloss/s_axi_lite_aclk
    SLICE_X61Y346        FDRE                                         r  ernic_inst/inst/arbitrationloss/ARBGEN1.arb_6q_reg/C
  -------------------------------------------------------------------    -------------------
    SLICE_X61Y346        FDRE (Prop_DFF2_SLICEM_C_Q)
                                                      0.080     4.231 r  ernic_inst/inst/arbitrationloss/ARBGEN1.arb_6q_reg/Q
                         net (fo=2, routed)           1.233     5.463    ernic_inst/inst/arbitrationloss/s_axi_lite_aresetn_1
    SLICE_X61Y350        FDRE                                         r  ernic_inst/inst/arbitrationloss/ARBGEN1.s_axi_lite_aresetn_sync_reg/D
  -------------------------------------------------------------------    -------------------

                         (clock clk_200_mmcm rise edge)
                                                      5.000     5.000 r  
    AM15                                              0.000     5.000 r  clk_p (IN)
                         net (fo=0)                   0.079     5.079    clk_in_ibufds/I
    HPIOBDIFFINBUF_X0Y10 DIFFINBUF (Prop_DIFFINBUF_HPIOBDIFFINBUF_DIFF_IN_P_O)
                                                      0.507     5.586 r  clk_in_ibufds/DIFFINBUF_INST/O
                         net (fo=1, routed)           0.040     5.626    clk_in_ibufds/OUT
    AM15                 IBUFCTRL (Prop_IBUFCTRL_HPIOB_M_I_O)
                                                      0.000     5.626 r  clk_in_ibufds/IBUFCTRL_INST/O
                         net (fo=1, routed)           0.344     5.970    clk_in
    MMCM_X0Y0            MMCME4_ADV (Prop_MMCM_CLKIN1_CLKOUT0)
                                                      0.630     6.600 r  clk_mmcm/CLKOUT0
                         net (fo=1, routed)           0.216     6.816    clk_200_mmcm
    BUFGCE_X0Y23         BUFGCE (Prop_BUFCE_BUFGCE_I_O)
                                                      0.024     6.840 r  clk_200_bufg/O
    X2Y4 (CLOCK_ROOT)    net (fo=59191, routed)       2.639     9.478    ernic_inst/inst/arbitrationloss/m_axi_aclk
    SLICE_X61Y350        FDRE                                         r  ernic_inst/inst/arbitrationloss/ARBGEN1.s_axi_lite_aresetn_sync_reg/C
                         clock pessimism             -0.563     8.915    
                         clock uncertainty           -0.194     8.722    
    SLICE_X61Y350        FDRE (Setup_FFF2_SLICEM_C_D)
                                                      0.025     8.747    ernic_inst/inst/arbitrationloss/ARBGEN1.s_axi_lite_aresetn_sync_reg
  -------------------------------------------------------------------
                         required time                          8.747    
                         arrival time                          -5.463    
  -------------------------------------------------------------------
                         slack                                  3.283    





Min Delay Paths
--------------------------------------------------------------------------------------
Slack (MET) :             0.150ns  (arrival time - required time)
  Source:                 ernic_inst/inst/arbitrationloss/ARBGEN1.arb_6q_reg/C
                            (rising edge-triggered cell FDRE clocked by clk_100_mmcm  {rise@0.000ns fall@5.000ns period=10.000ns})
  Destination:            ernic_inst/inst/arbitrationloss/ARBGEN1.s_axi_lite_aresetn_sync_reg/D
                            (rising edge-triggered cell FDRE clocked by clk_200_mmcm  {rise@0.000ns fall@2.500ns period=5.000ns})
  Path Group:             clk_200_mmcm
  Path Type:              Hold (Min at Fast Process Corner)
  Requirement:            0.000ns  (clk_200_mmcm rise@0.000ns - clk_100_mmcm rise@0.000ns)
  Data Path Delay:        0.664ns  (logic 0.041ns (6.170%)  route 0.623ns (93.830%))
  Logic Levels:           0  
  Clock Path Skew:        0.274ns (DCD - SCD - CPR)
    Destination Clock Delay (DCD):    2.472ns
    Source Clock Delay      (SCD):    2.560ns
    Clock Pessimism Removal (CPR):    -0.362ns
  Clock Uncertainty:      0.194ns  ((TSJ^2 + DJ^2)^1/2) / 2 + PE
    Total System Jitter     (TSJ):    0.071ns
    Discrete Jitter          (DJ):    0.129ns
    Phase Error              (PE):    0.120ns
  Clock Net Delay (Source):      1.559ns (routing 0.969ns, distribution 0.590ns)
  Clock Net Delay (Destination): 1.814ns (routing 0.911ns, distribution 0.903ns)

    Location             Delay type                Incr(ns)  Path(ns)    Netlist Resource(s)
  -------------------------------------------------------------------    -------------------
                         (clock clk_100_mmcm rise edge)
                                                      0.000     0.000 r  
    AM15                                              0.000     0.000 r  clk_p (IN)
                         net (fo=0)                   0.079     0.079    clk_in_ibufds/I
    HPIOBDIFFINBUF_X0Y10 DIFFINBUF (Prop_DIFFINBUF_HPIOBDIFFINBUF_DIFF_IN_P_O)
                                                      0.283     0.362 r  clk_in_ibufds/DIFFINBUF_INST/O
                         net (fo=1, routed)           0.040     0.402    clk_in_ibufds/OUT
    AM15                 IBUFCTRL (Prop_IBUFCTRL_HPIOB_M_I_O)
                                                      0.000     0.402 r  clk_in_ibufds/IBUFCTRL_INST/O
                         net (fo=1, routed)           0.203     0.605    clk_in
    MMCM_X0Y0            MMCME4_ADV (Prop_MMCM_CLKIN1_CLKOUT1)
                                                      0.230     0.835 r  clk_mmcm/CLKOUT1
                         net (fo=1, routed)           0.149     0.984    clk_100_mmcm
    BUFGCE_X0Y9          BUFGCE (Prop_BUFCE_BUFGCE_I_O)
                                                      0.017     1.001 r  clk_100_bufg/O
    X2Y5 (CLOCK_ROOT)    net (fo=1021, routed)        1.559     2.560    ernic_inst/inst/arbitrationloss/s_axi_lite_aclk
    SLICE_X61Y346        FDRE                                         r  ernic_inst/inst/arbitrationloss/ARBGEN1.arb_6q_reg/C
  -------------------------------------------------------------------    -------------------
    SLICE_X61Y346        FDRE (Prop_DFF2_SLICEM_C_Q)
                                                      0.041     2.601 r  ernic_inst/inst/arbitrationloss/ARBGEN1.arb_6q_reg/Q
                         net (fo=2, routed)           0.623     3.224    ernic_inst/inst/arbitrationloss/s_axi_lite_aresetn_1
    SLICE_X61Y350        FDRE                                         r  ernic_inst/inst/arbitrationloss/ARBGEN1.s_axi_lite_aresetn_sync_reg/D
  -------------------------------------------------------------------    -------------------

                         (clock clk_200_mmcm rise edge)
                                                      0.000     0.000 r  
    AM15                                              0.000     0.000 r  clk_p (IN)
                         net (fo=0)                   0.100     0.100    clk_in_ibufds/I
    HPIOBDIFFINBUF_X0Y10 DIFFINBUF (Prop_DIFFINBUF_HPIOBDIFFINBUF_DIFF_IN_P_O)
                                                      0.388     0.488 r  clk_in_ibufds/DIFFINBUF_INST/O
                         net (fo=1, routed)           0.050     0.538    clk_in_ibufds/OUT
    AM15                 IBUFCTRL (Prop_IBUFCTRL_HPIOB_M_I_O)
                                                      0.000     0.538 r  clk_in_ibufds/IBUFCTRL_INST/O
                         net (fo=1, routed)           0.230     0.768    clk_in
    MMCM_X0Y0            MMCME4_ADV (Prop_MMCM_CLKIN1_CLKOUT0)
                                                     -0.295     0.473 r  clk_mmcm/CLKOUT0
                         net (fo=1, routed)           0.166     0.639    clk_200_mmcm
    BUFGCE_X0Y23         BUFGCE (Prop_BUFCE_BUFGCE_I_O)
                                                      0.019     0.658 r  clk_200_bufg/O
    X2Y4 (CLOCK_ROOT)    net (fo=59191, routed)       1.814     2.472    ernic_inst/inst/arbitrationloss/m_axi_aclk
    SLICE_X61Y350        FDRE                                         r  ernic_inst/inst/arbitrationloss/ARBGEN1.s_axi_lite_aresetn_sync_reg/C
                         clock pessimism              0.362     2.834    
                         clock uncertainty            0.194     3.028    
    SLICE_X61Y350        FDRE (Hold_FFF2_SLICEM_C_D)
                                                      0.047     3.075    ernic_inst/inst/arbitrationloss/ARBGEN1.s_axi_lite_aresetn_sync_reg
  -------------------------------------------------------------------
                         required time                         -3.075    
                         arrival time                           3.224    
  -------------------------------------------------------------------
                         slack                                  0.150    





---------------------------------------------------------------------------------------------------
From Clock:  txoutclk_out[0]
  To Clock:  clk_200_mmcm

Setup :            0  Failing Endpoints,  Worst Slack        2.525ns,  Total Violation        0.000ns
Hold  :           NA  Failing Endpoints,  Worst Slack           NA  ,  Total Violation           NA
---------------------------------------------------------------------------------------------------


Max Delay Paths
--------------------------------------------------------------------------------------
Slack (MET) :             2.525ns  (required time - arrival time)
  Source:                 ernic_inst/inst/inst_flow_ctrl_mgr/ernic_xpm_fifo_axis_inst/xpm_fifo_base_inst/gen_cdc_pntr.rd_pntr_cdc_inst/src_gray_ff_reg[0]/C
                            (rising edge-triggered cell FDRE clocked by txoutclk_out[0]  {rise@0.000ns fall@1.552ns period=3.103ns})
  Destination:            ernic_inst/inst/inst_flow_ctrl_mgr/ernic_xpm_fifo_axis_inst/xpm_fifo_base_inst/gen_cdc_pntr.rd_pntr_cdc_inst/dest_graysync_ff_reg[0][0]/D
                            (rising edge-triggered cell FDRE clocked by clk_200_mmcm  {rise@0.000ns fall@2.500ns period=5.000ns})
  Path Group:             clk_200_mmcm
  Path Type:              Setup (Max at Slow Process Corner)
  Requirement:            3.103ns  (MaxDelay Path 3.103ns)
  Data Path Delay:        0.603ns  (logic 0.079ns (13.101%)  route 0.524ns (86.899%))
  Logic Levels:           0  
  Timing Exception:       MaxDelay Path 3.103ns -datapath_only

    Location             Delay type                Incr(ns)  Path(ns)    Netlist Resource(s)
  -------------------------------------------------------------------    -------------------
    SLICE_X64Y379                                     0.000     0.000 r  ernic_inst/inst/inst_flow_ctrl_mgr/ernic_xpm_fifo_axis_inst/xpm_fifo_base_inst/gen_cdc_pntr.rd_pntr_cdc_inst/src_gray_ff_reg[0]/C
    SLICE_X64Y379        FDRE (Prop_HFF_SLICEL_C_Q)
                                                      0.079     0.079 r  ernic_inst/inst/inst_flow_ctrl_mgr/ernic_xpm_fifo_axis_inst/xpm_fifo_base_inst/gen_cdc_pntr.rd_pntr_cdc_inst/src_gray_ff_reg[0]/Q
                         net (fo=1, routed)           0.524     0.603    ernic_inst/inst/inst_flow_ctrl_mgr/ernic_xpm_fifo_axis_inst/xpm_fifo_base_inst/gen_cdc_pntr.rd_pntr_cdc_inst/async_path[0]
    SLICE_X63Y381        FDRE                                         r  ernic_inst/inst/inst_flow_ctrl_mgr/ernic_xpm_fifo_axis_inst/xpm_fifo_base_inst/gen_cdc_pntr.rd_pntr_cdc_inst/dest_graysync_ff_reg[0][0]/D
  -------------------------------------------------------------------    -------------------

                         max delay                    3.103     3.103    
    SLICE_X63Y381        FDRE (Setup_DFF2_SLICEM_C_D)
                                                      0.025     3.128    ernic_inst/inst/inst_flow_ctrl_mgr/ernic_xpm_fifo_axis_inst/xpm_fifo_base_inst/gen_cdc_pntr.rd_pntr_cdc_inst/dest_graysync_ff_reg[0][0]
  -------------------------------------------------------------------
                         required time                          3.128    
                         arrival time                          -0.603    
  -------------------------------------------------------------------
                         slack                                  2.525    





---------------------------------------------------------------------------------------------------
From Clock:  clk_out2_mts_mmcm_rf_0
  To Clock:  clk_pl_0

Setup :            0  Failing Endpoints,  Worst Slack        3.157ns,  Total Violation        0.000ns
Hold  :           NA  Failing Endpoints,  Worst Slack           NA  ,  Total Violation           NA
---------------------------------------------------------------------------------------------------


Max Delay Paths
--------------------------------------------------------------------------------------
Slack (MET) :             3.157ns  (required time - arrival time)
  Source:                 rf_bd/mts_i/ctrl_interconnect/m03_couplers/auto_cc/inst/gen_clock_conv.gen_async_conv.asyncfifo_axi/inst_fifo_gen/gaxi_full_lite.gread_ch.grach2.axi_rach/grf.rf/gntv_or_sync_fifo.gcx.clkx/rd_pntr_cdc_inst/src_gray_ff_reg[1]/C
                            (rising edge-triggered cell FDRE clocked by clk_out2_mts_mmcm_rf_0  {rise@0.000ns fall@2.000ns period=4.000ns})
  Destination:            rf_bd/mts_i/ctrl_interconnect/m03_couplers/auto_cc/inst/gen_clock_conv.gen_async_conv.asyncfifo_axi/inst_fifo_gen/gaxi_full_lite.gread_ch.grach2.axi_rach/grf.rf/gntv_or_sync_fifo.gcx.clkx/rd_pntr_cdc_inst/dest_graysync_ff_reg[0][1]/D
                            (rising edge-triggered cell FDRE clocked by clk_pl_0  {rise@0.000ns fall@5.000ns period=10.000ns})
  Path Group:             clk_pl_0
  Path Type:              Setup (Max at Slow Process Corner)
  Requirement:            4.000ns  (MaxDelay Path 4.000ns)
  Data Path Delay:        0.868ns  (logic 0.080ns (9.217%)  route 0.788ns (90.783%))
  Logic Levels:           0  
  Timing Exception:       MaxDelay Path 4.000ns -datapath_only

    Location             Delay type                Incr(ns)  Path(ns)    Netlist Resource(s)
  -------------------------------------------------------------------    -------------------
    SLICE_X40Y150                                     0.000     0.000 r  rf_bd/mts_i/ctrl_interconnect/m03_couplers/auto_cc/inst/gen_clock_conv.gen_async_conv.asyncfifo_axi/inst_fifo_gen/gaxi_full_lite.gread_ch.grach2.axi_rach/grf.rf/gntv_or_sync_fifo.gcx.clkx/rd_pntr_cdc_inst/src_gray_ff_reg[1]/C
    SLICE_X40Y150        FDRE (Prop_HFF2_SLICEL_C_Q)
                                                      0.080     0.080 r  rf_bd/mts_i/ctrl_interconnect/m03_couplers/auto_cc/inst/gen_clock_conv.gen_async_conv.asyncfifo_axi/inst_fifo_gen/gaxi_full_lite.gread_ch.grach2.axi_rach/grf.rf/gntv_or_sync_fifo.gcx.clkx/rd_pntr_cdc_inst/src_gray_ff_reg[1]/Q
                         net (fo=1, routed)           0.788     0.868    rf_bd/mts_i/ctrl_interconnect/m03_couplers/auto_cc/inst/gen_clock_conv.gen_async_conv.asyncfifo_axi/inst_fifo_gen/gaxi_full_lite.gread_ch.grach2.axi_rach/grf.rf/gntv_or_sync_fifo.gcx.clkx/rd_pntr_cdc_inst/async_path[1]
    SLICE_X37Y148        FDRE                                         r  rf_bd/mts_i/ctrl_interconnect/m03_couplers/auto_cc/inst/gen_clock_conv.gen_async_conv.asyncfifo_axi/inst_fifo_gen/gaxi_full_lite.gread_ch.grach2.axi_rach/grf.rf/gntv_or_sync_fifo.gcx.clkx/rd_pntr_cdc_inst/dest_graysync_ff_reg[0][1]/D
  -------------------------------------------------------------------    -------------------

                         max delay                    4.000     4.000    
    SLICE_X37Y148        FDRE (Setup_HFF2_SLICEM_C_D)
                                                      0.025     4.025    rf_bd/mts_i/ctrl_interconnect/m03_couplers/auto_cc/inst/gen_clock_conv.gen_async_conv.asyncfifo_axi/inst_fifo_gen/gaxi_full_lite.gread_ch.grach2.axi_rach/grf.rf/gntv_or_sync_fifo.gcx.clkx/rd_pntr_cdc_inst/dest_graysync_ff_reg[0][1]
  -------------------------------------------------------------------
                         required time                          4.025    
                         arrival time                          -0.868    
  -------------------------------------------------------------------
                         slack                                  3.157    





---------------------------------------------------------------------------------------------------
From Clock:  mmcm_clkout5
  To Clock:  dbg_hub/inst/BSCANID.u_xsdbm_id/SWITCH_N_EXT_BSCAN.bscan_inst/SERIES7_BSCAN.bscan_inst/INTERNAL_TCK

Setup :            0  Failing Endpoints,  Worst Slack       12.955ns,  Total Violation        0.000ns
Hold  :           NA  Failing Endpoints,  Worst Slack           NA  ,  Total Violation           NA
---------------------------------------------------------------------------------------------------


Max Delay Paths
--------------------------------------------------------------------------------------
Slack (MET) :             12.955ns  (required time - arrival time)
  Source:                 dbg_hub/inst/BSCANID.u_xsdbm_id/CORE_XSDB.UUT_MASTER/U_ICON_INTERFACE/U_CMD6_WR/U_WR_FIFO/SUBCORE_FIFO.xsdbm_v3_0_0_wrfifo_inst/inst_fifo_gen/gconvfifo.rf/grf.rf/gntv_or_sync_fifo.gcx.clkx/gnxpm_cdc.rd_pntr_gc_reg[0]/C
                            (rising edge-triggered cell FDCE clocked by mmcm_clkout5  {rise@0.000ns fall@6.664ns period=13.328ns})
  Destination:            dbg_hub/inst/BSCANID.u_xsdbm_id/CORE_XSDB.UUT_MASTER/U_ICON_INTERFACE/U_CMD6_WR/U_WR_FIFO/SUBCORE_FIFO.xsdbm_v3_0_0_wrfifo_inst/inst_fifo_gen/gconvfifo.rf/grf.rf/gntv_or_sync_fifo.gcx.clkx/gnxpm_cdc.gsync_stage[1].wr_stg_inst/Q_reg_reg[0]/D
                            (rising edge-triggered cell FDCE clocked by dbg_hub/inst/BSCANID.u_xsdbm_id/SWITCH_N_EXT_BSCAN.bscan_inst/SERIES7_BSCAN.bscan_inst/INTERNAL_TCK  {rise@0.000ns fall@25.000ns period=50.000ns})
  Path Group:             dbg_hub/inst/BSCANID.u_xsdbm_id/SWITCH_N_EXT_BSCAN.bscan_inst/SERIES7_BSCAN.bscan_inst/INTERNAL_TCK
  Path Type:              Setup (Max at Slow Process Corner)
  Requirement:            13.328ns  (MaxDelay Path 13.328ns)
  Data Path Delay:        0.398ns  (logic 0.076ns (19.095%)  route 0.322ns (80.905%))
  Logic Levels:           0  
  Timing Exception:       MaxDelay Path 13.328ns -datapath_only

    Location             Delay type                Incr(ns)  Path(ns)    Netlist Resource(s)
  -------------------------------------------------------------------    -------------------
    SLICE_X97Y398                                     0.000     0.000 r  dbg_hub/inst/BSCANID.u_xsdbm_id/CORE_XSDB.UUT_MASTER/U_ICON_INTERFACE/U_CMD6_WR/U_WR_FIFO/SUBCORE_FIFO.xsdbm_v3_0_0_wrfifo_inst/inst_fifo_gen/gconvfifo.rf/grf.rf/gntv_or_sync_fifo.gcx.clkx/gnxpm_cdc.rd_pntr_gc_reg[0]/C
    SLICE_X97Y398        FDCE (Prop_EFF_SLICEM_C_Q)
                                                      0.076     0.076 r  dbg_hub/inst/BSCANID.u_xsdbm_id/CORE_XSDB.UUT_MASTER/U_ICON_INTERFACE/U_CMD6_WR/U_WR_FIFO/SUBCORE_FIFO.xsdbm_v3_0_0_wrfifo_inst/inst_fifo_gen/gconvfifo.rf/grf.rf/gntv_or_sync_fifo.gcx.clkx/gnxpm_cdc.rd_pntr_gc_reg[0]/Q
                         net (fo=1, routed)           0.322     0.398    dbg_hub/inst/BSCANID.u_xsdbm_id/CORE_XSDB.UUT_MASTER/U_ICON_INTERFACE/U_CMD6_WR/U_WR_FIFO/SUBCORE_FIFO.xsdbm_v3_0_0_wrfifo_inst/inst_fifo_gen/gconvfifo.rf/grf.rf/gntv_or_sync_fifo.gcx.clkx/gnxpm_cdc.gsync_stage[1].wr_stg_inst/Q[0]
    SLICE_X98Y398        FDCE                                         r  dbg_hub/inst/BSCANID.u_xsdbm_id/CORE_XSDB.UUT_MASTER/U_ICON_INTERFACE/U_CMD6_WR/U_WR_FIFO/SUBCORE_FIFO.xsdbm_v3_0_0_wrfifo_inst/inst_fifo_gen/gconvfifo.rf/grf.rf/gntv_or_sync_fifo.gcx.clkx/gnxpm_cdc.gsync_stage[1].wr_stg_inst/Q_reg_reg[0]/D
  -------------------------------------------------------------------    -------------------

                         max delay                   13.328    13.328    
    SLICE_X98Y398        FDCE (Setup_DFF2_SLICEL_C_D)
                                                      0.025    13.353    dbg_hub/inst/BSCANID.u_xsdbm_id/CORE_XSDB.UUT_MASTER/U_ICON_INTERFACE/U_CMD6_WR/U_WR_FIFO/SUBCORE_FIFO.xsdbm_v3_0_0_wrfifo_inst/inst_fifo_gen/gconvfifo.rf/grf.rf/gntv_or_sync_fifo.gcx.clkx/gnxpm_cdc.gsync_stage[1].wr_stg_inst/Q_reg_reg[0]
  -------------------------------------------------------------------
                         required time                         13.353    
                         arrival time                          -0.398    
  -------------------------------------------------------------------
                         slack                                 12.955    





---------------------------------------------------------------------------------------------------
From Clock:  clk_200_mmcm
  To Clock:  txoutclk_out[0]

Setup :            0  Failing Endpoints,  Worst Slack        4.412ns,  Total Violation        0.000ns
Hold  :           NA  Failing Endpoints,  Worst Slack           NA  ,  Total Violation           NA
---------------------------------------------------------------------------------------------------


Max Delay Paths
--------------------------------------------------------------------------------------
Slack (MET) :             4.412ns  (required time - arrival time)
  Source:                 roce_fifo/rd_ptr_gray_reg_reg[2]/C
                            (rising edge-triggered cell FDRE clocked by clk_200_mmcm  {rise@0.000ns fall@2.500ns period=5.000ns})
  Destination:            roce_fifo/rd_ptr_gray_sync1_reg_reg[2]/D
                            (rising edge-triggered cell FDRE clocked by txoutclk_out[0]  {rise@0.000ns fall@1.552ns period=3.103ns})
  Path Group:             txoutclk_out[0]
  Path Type:              Setup (Max at Slow Process Corner)
  Requirement:            5.000ns  (MaxDelay Path 5.000ns)
  Data Path Delay:        0.613ns  (logic 0.078ns (12.715%)  route 0.535ns (87.285%))
  Logic Levels:           0  
  Timing Exception:       MaxDelay Path 5.000ns -datapath_only

    Location             Delay type                Incr(ns)  Path(ns)    Netlist Resource(s)
  -------------------------------------------------------------------    -------------------
    SLICE_X8Y235                                      0.000     0.000 r  roce_fifo/rd_ptr_gray_reg_reg[2]/C
    SLICE_X8Y235         FDRE (Prop_DFF_SLICEM_C_Q)
                                                      0.078     0.078 r  roce_fifo/rd_ptr_gray_reg_reg[2]/Q
                         net (fo=2, routed)           0.535     0.613    roce_fifo/rd_ptr_gray_reg_reg_n_0_[2]
    SLICE_X7Y235         FDRE                                         r  roce_fifo/rd_ptr_gray_sync1_reg_reg[2]/D
  -------------------------------------------------------------------    -------------------

                         max delay                    5.000     5.000    
    SLICE_X7Y235         FDRE (Setup_HFF2_SLICEL_C_D)
                                                      0.025     5.025    roce_fifo/rd_ptr_gray_sync1_reg_reg[2]
  -------------------------------------------------------------------
                         required time                          5.025    
                         arrival time                          -0.613    
  -------------------------------------------------------------------
                         slack                                  4.412    





---------------------------------------------------------------------------------------------------
Path Group:  **async_default**
From Clock:  clk_200_mmcm
  To Clock:  clk_200_mmcm

Setup :            0  Failing Endpoints,  Worst Slack        2.298ns,  Total Violation        0.000ns
Hold  :            0  Failing Endpoints,  Worst Slack        0.096ns,  Total Violation        0.000ns
---------------------------------------------------------------------------------------------------


Max Delay Paths
--------------------------------------------------------------------------------------
Slack (MET) :             2.298ns  (required time - arrival time)
  Source:                 ddr_ic/inst/axi_interconnect_inst/si_converter_bank/gen_conv_slot[5].clock_conv_inst/gen_async_readwrite.asyncfifo_rw/inst_fifo_gen/gaxi_full_lite.gwrite_ch.gwrch2.axi_wrch/grf.rf/rstblk/ngwrdrst.grst.g7serrst.gnsckt_wrst.gic_rst.sckt_rd_rst_ic_reg/C
                            (rising edge-triggered cell FDPE clocked by clk_200_mmcm  {rise@0.000ns fall@2.500ns period=5.000ns})
  Destination:            ddr_ic/inst/axi_interconnect_inst/si_converter_bank/gen_conv_slot[5].clock_conv_inst/gen_async_readwrite.asyncfifo_rw/inst_fifo_gen/gaxi_full_lite.gwrite_ch.gwrch2.axi_wrch/grf.rf/gntv_or_sync_fifo.gl0.rd/rpntr/gc0.count_d1_reg[0]/CLR
                            (recovery check against rising-edge clock clk_200_mmcm  {rise@0.000ns fall@2.500ns period=5.000ns})
  Path Group:             **async_default**
  Path Type:              Recovery (Max at Slow Process Corner)
  Requirement:            5.000ns  (clk_200_mmcm rise@5.000ns - clk_200_mmcm rise@0.000ns)
  Data Path Delay:        2.443ns  (logic 0.078ns (3.193%)  route 2.365ns (96.807%))
  Logic Levels:           0  
  Clock Path Skew:        -0.127ns (DCD - SCD + CPR)
    Destination Clock Delay (DCD):    4.575ns = ( 9.575 - 5.000 ) 
    Source Clock Delay      (SCD):    4.334ns
    Clock Pessimism Removal (CPR):    -0.368ns
  Clock Uncertainty:      0.067ns  ((TSJ^2 + DJ^2)^1/2) / 2 + PE
    Total System Jitter     (TSJ):    0.071ns
    Discrete Jitter          (DJ):    0.113ns
    Phase Error              (PE):    0.000ns
  Clock Net Delay (Source):      3.024ns (routing 1.485ns, distribution 1.539ns)
  Clock Net Delay (Destination): 2.735ns (routing 1.349ns, distribution 1.386ns)

    Location             Delay type                Incr(ns)  Path(ns)    Netlist Resource(s)
  -------------------------------------------------------------------    -------------------
                         (clock clk_200_mmcm rise edge)
                                                      0.000     0.000 r  
    AM15                                              0.000     0.000 r  clk_p (IN)
                         net (fo=0)                   0.100     0.100    clk_in_ibufds/I
    HPIOBDIFFINBUF_X0Y10 DIFFINBUF (Prop_DIFFINBUF_HPIOBDIFFINBUF_DIFF_IN_P_O)
                                                      0.617     0.717 r  clk_in_ibufds/DIFFINBUF_INST/O
                         net (fo=1, routed)           0.050     0.767    clk_in_ibufds/OUT
    AM15                 IBUFCTRL (Prop_IBUFCTRL_HPIOB_M_I_O)
                                                      0.000     0.767 r  clk_in_ibufds/IBUFCTRL_INST/O
                         net (fo=1, routed)           0.397     1.164    clk_in
    MMCM_X0Y0            MMCME4_ADV (Prop_MMCM_CLKIN1_CLKOUT0)
                                                     -0.127     1.037 r  clk_mmcm/CLKOUT0
                         net (fo=1, routed)           0.245     1.282    clk_200_mmcm
    BUFGCE_X0Y23         BUFGCE (Prop_BUFCE_BUFGCE_I_O)
                                                      0.028     1.310 r  clk_200_bufg/O
    X2Y4 (CLOCK_ROOT)    net (fo=59191, routed)       3.024     4.334    ddr_ic/inst/axi_interconnect_inst/si_converter_bank/gen_conv_slot[5].clock_conv_inst/gen_async_readwrite.asyncfifo_rw/inst_fifo_gen/gaxi_full_lite.gwrite_ch.gwrch2.axi_wrch/grf.rf/rstblk/s_aclk
    SLICE_X70Y435        FDPE                                         r  ddr_ic/inst/axi_interconnect_inst/si_converter_bank/gen_conv_slot[5].clock_conv_inst/gen_async_readwrite.asyncfifo_rw/inst_fifo_gen/gaxi_full_lite.gwrite_ch.gwrch2.axi_wrch/grf.rf/rstblk/ngwrdrst.grst.g7serrst.gnsckt_wrst.gic_rst.sckt_rd_rst_ic_reg/C
  -------------------------------------------------------------------    -------------------
    SLICE_X70Y435        FDPE (Prop_HFF2_SLICEM_C_Q)
                                                      0.078     4.412 f  ddr_ic/inst/axi_interconnect_inst/si_converter_bank/gen_conv_slot[5].clock_conv_inst/gen_async_readwrite.asyncfifo_rw/inst_fifo_gen/gaxi_full_lite.gwrite_ch.gwrch2.axi_wrch/grf.rf/rstblk/ngwrdrst.grst.g7serrst.gnsckt_wrst.gic_rst.sckt_rd_rst_ic_reg/Q
                         net (fo=23, routed)          2.365     6.776    ddr_ic/inst/axi_interconnect_inst/si_converter_bank/gen_conv_slot[5].clock_conv_inst/gen_async_readwrite.asyncfifo_rw/inst_fifo_gen/gaxi_full_lite.gwrite_ch.gwrch2.axi_wrch/grf.rf/gntv_or_sync_fifo.gl0.rd/rpntr/gc0.count_d1_reg[0]_0
    SLICE_X79Y409        FDCE                                         f  ddr_ic/inst/axi_interconnect_inst/si_converter_bank/gen_conv_slot[5].clock_conv_inst/gen_async_readwrite.asyncfifo_rw/inst_fifo_gen/gaxi_full_lite.gwrite_ch.gwrch2.axi_wrch/grf.rf/gntv_or_sync_fifo.gl0.rd/rpntr/gc0.count_d1_reg[0]/CLR
  -------------------------------------------------------------------    -------------------

                         (clock clk_200_mmcm rise edge)
                                                      5.000     5.000 r  
    AM15                                              0.000     5.000 r  clk_p (IN)
                         net (fo=0)                   0.079     5.079    clk_in_ibufds/I
    HPIOBDIFFINBUF_X0Y10 DIFFINBUF (Prop_DIFFINBUF_HPIOBDIFFINBUF_DIFF_IN_P_O)
                                                      0.507     5.586 r  clk_in_ibufds/DIFFINBUF_INST/O
                         net (fo=1, routed)           0.040     5.626    clk_in_ibufds/OUT
    AM15                 IBUFCTRL (Prop_IBUFCTRL_HPIOB_M_I_O)
                                                      0.000     5.626 r  clk_in_ibufds/IBUFCTRL_INST/O
                         net (fo=1, routed)           0.344     5.970    clk_in
    MMCM_X0Y0            MMCME4_ADV (Prop_MMCM_CLKIN1_CLKOUT0)
                                                      0.630     6.600 r  clk_mmcm/CLKOUT0
                         net (fo=1, routed)           0.216     6.816    clk_200_mmcm
    BUFGCE_X0Y23         BUFGCE (Prop_BUFCE_BUFGCE_I_O)
                                                      0.024     6.840 r  clk_200_bufg/O
    X2Y4 (CLOCK_ROOT)    net (fo=59191, routed)       2.735     9.575    ddr_ic/inst/axi_interconnect_inst/si_converter_bank/gen_conv_slot[5].clock_conv_inst/gen_async_readwrite.asyncfifo_rw/inst_fifo_gen/gaxi_full_lite.gwrite_ch.gwrch2.axi_wrch/grf.rf/gntv_or_sync_fifo.gl0.rd/rpntr/s_aclk
    SLICE_X79Y409        FDCE                                         r  ddr_ic/inst/axi_interconnect_inst/si_converter_bank/gen_conv_slot[5].clock_conv_inst/gen_async_readwrite.asyncfifo_rw/inst_fifo_gen/gaxi_full_lite.gwrite_ch.gwrch2.axi_wrch/grf.rf/gntv_or_sync_fifo.gl0.rd/rpntr/gc0.count_d1_reg[0]/C
                         clock pessimism             -0.368     9.207    
                         clock uncertainty           -0.067     9.140    
    SLICE_X79Y409        FDCE (Recov_EFF_SLICEM_C_CLR)
                                                     -0.066     9.074    ddr_ic/inst/axi_interconnect_inst/si_converter_bank/gen_conv_slot[5].clock_conv_inst/gen_async_readwrite.asyncfifo_rw/inst_fifo_gen/gaxi_full_lite.gwrite_ch.gwrch2.axi_wrch/grf.rf/gntv_or_sync_fifo.gl0.rd/rpntr/gc0.count_d1_reg[0]
  -------------------------------------------------------------------
                         required time                          9.074    
                         arrival time                          -6.776    
  -------------------------------------------------------------------
                         slack                                  2.298    





Min Delay Paths
--------------------------------------------------------------------------------------
Slack (MET) :             0.096ns  (arrival time - required time)
  Source:                 ddr_ic/inst/axi_interconnect_inst/si_converter_bank/gen_conv_slot[1].clock_conv_inst/gen_async_readwrite.asyncfifo_rw/inst_fifo_gen/gaxi_full_lite.gread_ch.grdch2.axi_rdch/grf.rf/rstblk/ngwrdrst.grst.g7serrst.gnsckt_wrst.gic_rst.rst_rd_reg2_inst/arststages_ff_reg[1]/C
                            (rising edge-triggered cell FDPE clocked by clk_200_mmcm  {rise@0.000ns fall@2.500ns period=5.000ns})
  Destination:            ddr_ic/inst/axi_interconnect_inst/si_converter_bank/gen_conv_slot[1].clock_conv_inst/gen_async_readwrite.asyncfifo_rw/inst_fifo_gen/gaxi_full_lite.gread_ch.grdch2.axi_rdch/grf.rf/rstblk/ngwrdrst.grst.g7serrst.gnsckt_wrst.gic_rst.sckt_rd_rst_ic_reg/PRE
                            (removal check against rising-edge clock clk_200_mmcm  {rise@0.000ns fall@2.500ns period=5.000ns})
  Path Group:             **async_default**
  Path Type:              Removal (Min at Fast Process Corner)
  Requirement:            0.000ns  (clk_200_mmcm rise@0.000ns - clk_200_mmcm rise@0.000ns)
  Data Path Delay:        0.133ns  (logic 0.040ns (30.075%)  route 0.093ns (69.925%))
  Logic Levels:           0  
  Clock Path Skew:        0.057ns (DCD - SCD - CPR)
    Destination Clock Delay (DCD):    2.488ns
    Source Clock Delay      (SCD):    2.615ns
    Clock Pessimism Removal (CPR):    -0.184ns
  Clock Net Delay (Source):      1.618ns (routing 0.815ns, distribution 0.803ns)
  Clock Net Delay (Destination): 1.830ns (routing 0.911ns, distribution 0.919ns)

    Location             Delay type                Incr(ns)  Path(ns)    Netlist Resource(s)
  -------------------------------------------------------------------    -------------------
                         (clock clk_200_mmcm rise edge)
                                                      0.000     0.000 r  
    AM15                                              0.000     0.000 r  clk_p (IN)
                         net (fo=0)                   0.079     0.079    clk_in_ibufds/I
    HPIOBDIFFINBUF_X0Y10 DIFFINBUF (Prop_DIFFINBUF_HPIOBDIFFINBUF_DIFF_IN_P_O)
                                                      0.283     0.362 r  clk_in_ibufds/DIFFINBUF_INST/O
                         net (fo=1, routed)           0.040     0.402    clk_in_ibufds/OUT
    AM15                 IBUFCTRL (Prop_IBUFCTRL_HPIOB_M_I_O)
                                                      0.000     0.402 r  clk_in_ibufds/IBUFCTRL_INST/O
                         net (fo=1, routed)           0.203     0.605    clk_in
    MMCM_X0Y0            MMCME4_ADV (Prop_MMCM_CLKIN1_CLKOUT0)
                                                      0.230     0.835 r  clk_mmcm/CLKOUT0
                         net (fo=1, routed)           0.146     0.981    clk_200_mmcm
    BUFGCE_X0Y23         BUFGCE (Prop_BUFCE_BUFGCE_I_O)
                                                      0.017     0.998 r  clk_200_bufg/O
    X2Y4 (CLOCK_ROOT)    net (fo=59191, routed)       1.618     2.615    ddr_ic/inst/axi_interconnect_inst/si_converter_bank/gen_conv_slot[1].clock_conv_inst/gen_async_readwrite.asyncfifo_rw/inst_fifo_gen/gaxi_full_lite.gread_ch.grdch2.axi_rdch/grf.rf/rstblk/ngwrdrst.grst.g7serrst.gnsckt_wrst.gic_rst.rst_rd_reg2_inst/dest_clk
    SLICE_X51Y444        FDPE                                         r  ddr_ic/inst/axi_interconnect_inst/si_converter_bank/gen_conv_slot[1].clock_conv_inst/gen_async_readwrite.asyncfifo_rw/inst_fifo_gen/gaxi_full_lite.gread_ch.grdch2.axi_rdch/grf.rf/rstblk/ngwrdrst.grst.g7serrst.gnsckt_wrst.gic_rst.rst_rd_reg2_inst/arststages_ff_reg[1]/C
  -------------------------------------------------------------------    -------------------
    SLICE_X51Y444        FDPE (Prop_AFF2_SLICEL_C_Q)
                                                      0.040     2.655 f  ddr_ic/inst/axi_interconnect_inst/si_converter_bank/gen_conv_slot[1].clock_conv_inst/gen_async_readwrite.asyncfifo_rw/inst_fifo_gen/gaxi_full_lite.gread_ch.grdch2.axi_rdch/grf.rf/rstblk/ngwrdrst.grst.g7serrst.gnsckt_wrst.gic_rst.rst_rd_reg2_inst/arststages_ff_reg[1]/Q
                         net (fo=3, routed)           0.093     2.748    ddr_ic/inst/axi_interconnect_inst/si_converter_bank/gen_conv_slot[1].clock_conv_inst/gen_async_readwrite.asyncfifo_rw/inst_fifo_gen/gaxi_full_lite.gread_ch.grdch2.axi_rdch/grf.rf/rstblk/ngwrdrst.grst.rst_rd_reg2
    SLICE_X49Y444        FDPE                                         f  ddr_ic/inst/axi_interconnect_inst/si_converter_bank/gen_conv_slot[1].clock_conv_inst/gen_async_readwrite.asyncfifo_rw/inst_fifo_gen/gaxi_full_lite.gread_ch.grdch2.axi_rdch/grf.rf/rstblk/ngwrdrst.grst.g7serrst.gnsckt_wrst.gic_rst.sckt_rd_rst_ic_reg/PRE
  -------------------------------------------------------------------    -------------------

                         (clock clk_200_mmcm rise edge)
                                                      0.000     0.000 r  
    AM15                                              0.000     0.000 r  clk_p (IN)
                         net (fo=0)                   0.100     0.100    clk_in_ibufds/I
    HPIOBDIFFINBUF_X0Y10 DIFFINBUF (Prop_DIFFINBUF_HPIOBDIFFINBUF_DIFF_IN_P_O)
                                                      0.388     0.488 r  clk_in_ibufds/DIFFINBUF_INST/O
                         net (fo=1, routed)           0.050     0.538    clk_in_ibufds/OUT
    AM15                 IBUFCTRL (Prop_IBUFCTRL_HPIOB_M_I_O)
                                                      0.000     0.538 r  clk_in_ibufds/IBUFCTRL_INST/O
                         net (fo=1, routed)           0.230     0.768    clk_in
    MMCM_X0Y0            MMCME4_ADV (Prop_MMCM_CLKIN1_CLKOUT0)
                                                     -0.295     0.473 r  clk_mmcm/CLKOUT0
                         net (fo=1, routed)           0.166     0.639    clk_200_mmcm
    BUFGCE_X0Y23         BUFGCE (Prop_BUFCE_BUFGCE_I_O)
                                                      0.019     0.658 r  clk_200_bufg/O
    X2Y4 (CLOCK_ROOT)    net (fo=59191, routed)       1.830     2.488    ddr_ic/inst/axi_interconnect_inst/si_converter_bank/gen_conv_slot[1].clock_conv_inst/gen_async_readwrite.asyncfifo_rw/inst_fifo_gen/gaxi_full_lite.gread_ch.grdch2.axi_rdch/grf.rf/rstblk/s_aclk
    SLICE_X49Y444        FDPE                                         r  ddr_ic/inst/axi_interconnect_inst/si_converter_bank/gen_conv_slot[1].clock_conv_inst/gen_async_readwrite.asyncfifo_rw/inst_fifo_gen/gaxi_full_lite.gread_ch.grdch2.axi_rdch/grf.rf/rstblk/ngwrdrst.grst.g7serrst.gnsckt_wrst.gic_rst.sckt_rd_rst_ic_reg/C
                         clock pessimism              0.184     2.672    
    SLICE_X49Y444        FDPE (Remov_HFF2_SLICEL_C_PRE)
                                                     -0.020     2.652    ddr_ic/inst/axi_interconnect_inst/si_converter_bank/gen_conv_slot[1].clock_conv_inst/gen_async_readwrite.asyncfifo_rw/inst_fifo_gen/gaxi_full_lite.gread_ch.grdch2.axi_rdch/grf.rf/rstblk/ngwrdrst.grst.g7serrst.gnsckt_wrst.gic_rst.sckt_rd_rst_ic_reg
  -------------------------------------------------------------------
                         required time                         -2.652    
                         arrival time                           2.748    
  -------------------------------------------------------------------
                         slack                                  0.096    





---------------------------------------------------------------------------------------------------
Path Group:  **async_default**
From Clock:  clk_out1_mts_mmcm_rf_0
  To Clock:  clk_out1_mts_mmcm_rf_0

Setup :            0  Failing Endpoints,  Worst Slack        0.047ns,  Total Violation        0.000ns
Hold  :            0  Failing Endpoints,  Worst Slack        0.343ns,  Total Violation        0.000ns
---------------------------------------------------------------------------------------------------


Max Delay Paths
--------------------------------------------------------------------------------------
Slack (MET) :             0.047ns  (required time - arrival time)
  Source:                 rf_bd/mts_i/rst_rf/U0/ACTIVE_LOW_PR_OUT_DFF[0].FDRE_PER_N/C
                            (rising edge-triggered cell FDRE clocked by clk_out1_mts_mmcm_rf_0  {rise@0.000ns fall@1.000ns period=2.000ns})
  Destination:            rf_bd/mts_i/usp_rf_data_converter_0/inst/i_mts_sysref_count_adc/sysref_freq_ff_reg[11]/CLR
                            (recovery check against rising-edge clock clk_out1_mts_mmcm_rf_0  {rise@0.000ns fall@1.000ns period=2.000ns})
  Path Group:             **async_default**
  Path Type:              Recovery (Max at Slow Process Corner)
  Requirement:            2.000ns  (clk_out1_mts_mmcm_rf_0 rise@2.000ns - clk_out1_mts_mmcm_rf_0 rise@0.000ns)
  Data Path Delay:        2.119ns  (logic 0.078ns (3.681%)  route 2.041ns (96.319%))
  Logic Levels:           0  
  Clock Path Skew:        0.282ns (DCD - SCD + CPR)
    Destination Clock Delay (DCD):    2.908ns = ( 4.908 - 2.000 ) 
    Source Clock Delay      (SCD):    2.635ns
    Clock Pessimism Removal (CPR):    0.008ns
  Clock Uncertainty:      0.050ns  ((TSJ^2 + DJ^2)^1/2) / 2 + PE
    Total System Jitter     (TSJ):    0.071ns
    Discrete Jitter          (DJ):    0.070ns
    Phase Error              (PE):    0.000ns
  Clock Net Delay (Source):      2.609ns (routing 1.156ns, distribution 1.453ns)
  Clock Net Delay (Destination): 2.786ns (routing 1.051ns, distribution 1.735ns)

    Location             Delay type                Incr(ns)  Path(ns)    Netlist Resource(s)
  -------------------------------------------------------------------    -------------------
                         (clock clk_out1_mts_mmcm_rf_0 rise edge)
                                                      0.000     0.000 r  
    AN11                                              0.000     0.000 r  PL_CLK_clk_p[0] (IN)
                         net (fo=0)                   0.100     0.100    rf_bd/mts_i/ibufds_pl_clk/U0/USE_IBUFDS.GEN_IBUFDS[0].IBUFDS_I/I
    HPIOBDIFFINBUF_X0Y34 DIFFINBUF (Prop_DIFFINBUF_HPIOBDIFFINBUF_DIFF_IN_P_O)
                                                      0.666     0.766 r  rf_bd/mts_i/ibufds_pl_clk/U0/USE_IBUFDS.GEN_IBUFDS[0].IBUFDS_I/DIFFINBUF_INST/O
                         net (fo=1, routed)           0.050     0.816    rf_bd/mts_i/ibufds_pl_clk/U0/USE_IBUFDS.GEN_IBUFDS[0].IBUFDS_I/OUT
    AN11                 IBUFCTRL (Prop_IBUFCTRL_HPIOB_M_I_O)
                                                      0.000     0.816 r  rf_bd/mts_i/ibufds_pl_clk/U0/USE_IBUFDS.GEN_IBUFDS[0].IBUFDS_I/IBUFCTRL_INST/O
                         net (fo=1, routed)           0.336     1.152    rf_bd/mts_i/bufg_pl_clk/U0/BUFG_I[0]
    BUFGCE_X0Y34         BUFGCE (Prop_BUFCE_BUFGCE_I_O)
                                                      0.028     1.180 r  rf_bd/mts_i/bufg_pl_clk/U0/USE_BUFG.GEN_BUFG[0].BUFG_U/O
                         net (fo=132, routed)         1.570     2.750    rf_bd/mts_i/mmcm_rf/inst/clk_in1
    MMCM_X0Y1            MMCME4_ADV (Prop_MMCM_CLKIN1_CLKOUT0)
                                                     -2.996    -0.246 r  rf_bd/mts_i/mmcm_rf/inst/mmcme4_adv_inst/CLKOUT0
                         net (fo=1, routed)           0.244    -0.002    rf_bd/mts_i/mmcm_rf/inst/clk_out1_mts_mmcm_rf_0
    BUFGCE_X0Y32         BUFGCE (Prop_BUFCE_BUFGCE_I_O)
                                                      0.028     0.026 r  rf_bd/mts_i/mmcm_rf/inst/clkout1_buf/O
    X2Y3 (CLOCK_ROOT)    net (fo=8805, routed)        2.609     2.635    rf_bd/mts_i/rst_rf/U0/slowest_sync_clk
    SLICE_X66Y185        FDRE                                         r  rf_bd/mts_i/rst_rf/U0/ACTIVE_LOW_PR_OUT_DFF[0].FDRE_PER_N/C
  -------------------------------------------------------------------    -------------------
    SLICE_X66Y185        FDRE (Prop_HFF2_SLICEM_C_Q)
                                                      0.078     2.713 r  rf_bd/mts_i/rst_rf/U0/ACTIVE_LOW_PR_OUT_DFF[0].FDRE_PER_N/Q
                         net (fo=245, routed)         2.041     4.754    rf_bd/mts_i/usp_rf_data_converter_0/inst/i_mts_sysref_count_adc/reset_fbrc_b
    SLICE_X104Y272       FDCE                                         f  rf_bd/mts_i/usp_rf_data_converter_0/inst/i_mts_sysref_count_adc/sysref_freq_ff_reg[11]/CLR  (IS_INVERTED)
  -------------------------------------------------------------------    -------------------

                         (clock clk_out1_mts_mmcm_rf_0 rise edge)
                                                      2.000     2.000 r  
    AN11                                              0.000     2.000 r  PL_CLK_clk_p[0] (IN)
                         net (fo=0)                   0.079     2.079    rf_bd/mts_i/ibufds_pl_clk/U0/USE_IBUFDS.GEN_IBUFDS[0].IBUFDS_I/I
    HPIOBDIFFINBUF_X0Y34 DIFFINBUF (Prop_DIFFINBUF_HPIOBDIFFINBUF_DIFF_IN_P_O)
                                                      0.556     2.635 r  rf_bd/mts_i/ibufds_pl_clk/U0/USE_IBUFDS.GEN_IBUFDS[0].IBUFDS_I/DIFFINBUF_INST/O
                         net (fo=1, routed)           0.040     2.675    rf_bd/mts_i/ibufds_pl_clk/U0/USE_IBUFDS.GEN_IBUFDS[0].IBUFDS_I/OUT
    AN11                 IBUFCTRL (Prop_IBUFCTRL_HPIOB_M_I_O)
                                                      0.000     2.675 r  rf_bd/mts_i/ibufds_pl_clk/U0/USE_IBUFDS.GEN_IBUFDS[0].IBUFDS_I/IBUFCTRL_INST/O
                         net (fo=1, routed)           0.300     2.975    rf_bd/mts_i/bufg_pl_clk/U0/BUFG_I[0]
    BUFGCE_X0Y34         BUFGCE (Prop_BUFCE_BUFGCE_I_O)
                                                      0.024     2.999 r  rf_bd/mts_i/bufg_pl_clk/U0/USE_BUFG.GEN_BUFG[0].BUFG_U/O
                         net (fo=132, routed)         1.407     4.406    rf_bd/mts_i/mmcm_rf/inst/clk_in1
    MMCM_X0Y1            MMCME4_ADV (Prop_MMCM_CLKIN1_CLKOUT0)
                                                     -2.521     1.885 r  rf_bd/mts_i/mmcm_rf/inst/mmcme4_adv_inst/CLKOUT0
                         net (fo=1, routed)           0.214     2.099    rf_bd/mts_i/mmcm_rf/inst/clk_out1_mts_mmcm_rf_0
    BUFGCE_X0Y32         BUFGCE (Prop_BUFCE_BUFGCE_I_O)
                                                      0.024     2.123 r  rf_bd/mts_i/mmcm_rf/inst/clkout1_buf/O
    X2Y3 (CLOCK_ROOT)    net (fo=8805, routed)        2.786     4.908    rf_bd/mts_i/usp_rf_data_converter_0/inst/i_mts_sysref_count_adc/clk_fbrc
    SLICE_X104Y272       FDCE                                         r  rf_bd/mts_i/usp_rf_data_converter_0/inst/i_mts_sysref_count_adc/sysref_freq_ff_reg[11]/C
                         clock pessimism              0.008     4.917    
                         clock uncertainty           -0.050     4.867    
    SLICE_X104Y272       FDCE (Recov_HFF_SLICEM_C_CLR)
                                                     -0.066     4.801    rf_bd/mts_i/usp_rf_data_converter_0/inst/i_mts_sysref_count_adc/sysref_freq_ff_reg[11]
  -------------------------------------------------------------------
                         required time                          4.801    
                         arrival time                          -4.754    
  -------------------------------------------------------------------
                         slack                                  0.047    





Min Delay Paths
--------------------------------------------------------------------------------------
Slack (MET) :             0.343ns  (arrival time - required time)
  Source:                 rf_bd/mts_i/rst_rf/U0/ACTIVE_LOW_PR_OUT_DFF[0].FDRE_PER_N/C
                            (rising edge-triggered cell FDRE clocked by clk_out1_mts_mmcm_rf_0  {rise@0.000ns fall@1.000ns period=2.000ns})
  Destination:            rf_bd/mts_i/usp_rf_data_converter_0/inst/i_rf_conv_mt_mrk_counter_adc02/mrk_loc_ff_reg[1]/PRE
                            (removal check against rising-edge clock clk_out1_mts_mmcm_rf_0  {rise@0.000ns fall@1.000ns period=2.000ns})
  Path Group:             **async_default**
  Path Type:              Removal (Min at Slow Process Corner)
  Requirement:            0.000ns  (clk_out1_mts_mmcm_rf_0 rise@0.000ns - clk_out1_mts_mmcm_rf_0 rise@0.000ns)
  Data Path Delay:        1.157ns  (logic 0.059ns (5.098%)  route 1.098ns (94.902%))
  Logic Levels:           0  
  Clock Path Skew:        0.455ns (DCD - SCD - CPR)
    Destination Clock Delay (DCD):    2.928ns
    Source Clock Delay      (SCD):    2.465ns
    Clock Pessimism Removal (CPR):    0.008ns
  Clock Net Delay (Source):      2.342ns (routing 1.051ns, distribution 1.291ns)
  Clock Net Delay (Destination): 2.902ns (routing 1.156ns, distribution 1.746ns)

    Location             Delay type                Incr(ns)  Path(ns)    Netlist Resource(s)
  -------------------------------------------------------------------    -------------------
                         (clock clk_out1_mts_mmcm_rf_0 rise edge)
                                                      0.000     0.000 r  
    AN11                                              0.000     0.000 r  PL_CLK_clk_p[0] (IN)
                         net (fo=0)                   0.079     0.079    rf_bd/mts_i/ibufds_pl_clk/U0/USE_IBUFDS.GEN_IBUFDS[0].IBUFDS_I/I
    HPIOBDIFFINBUF_X0Y34 DIFFINBUF (Prop_DIFFINBUF_HPIOBDIFFINBUF_DIFF_IN_P_O)
                                                      0.556     0.635 r  rf_bd/mts_i/ibufds_pl_clk/U0/USE_IBUFDS.GEN_IBUFDS[0].IBUFDS_I/DIFFINBUF_INST/O
                         net (fo=1, routed)           0.040     0.675    rf_bd/mts_i/ibufds_pl_clk/U0/USE_IBUFDS.GEN_IBUFDS[0].IBUFDS_I/OUT
    AN11                 IBUFCTRL (Prop_IBUFCTRL_HPIOB_M_I_O)
                                                      0.000     0.675 r  rf_bd/mts_i/ibufds_pl_clk/U0/USE_IBUFDS.GEN_IBUFDS[0].IBUFDS_I/IBUFCTRL_INST/O
                         net (fo=1, routed)           0.300     0.975    rf_bd/mts_i/bufg_pl_clk/U0/BUFG_I[0]
    BUFGCE_X0Y34         BUFGCE (Prop_BUFCE_BUFGCE_I_O)
                                                      0.024     0.999 r  rf_bd/mts_i/bufg_pl_clk/U0/USE_BUFG.GEN_BUFG[0].BUFG_U/O
                         net (fo=132, routed)         1.407     2.406    rf_bd/mts_i/mmcm_rf/inst/clk_in1
    MMCM_X0Y1            MMCME4_ADV (Prop_MMCM_CLKIN1_CLKOUT0)
                                                     -2.521    -0.115 r  rf_bd/mts_i/mmcm_rf/inst/mmcme4_adv_inst/CLKOUT0
                         net (fo=1, routed)           0.214     0.099    rf_bd/mts_i/mmcm_rf/inst/clk_out1_mts_mmcm_rf_0
    BUFGCE_X0Y32         BUFGCE (Prop_BUFCE_BUFGCE_I_O)
                                                      0.024     0.123 r  rf_bd/mts_i/mmcm_rf/inst/clkout1_buf/O
    X2Y3 (CLOCK_ROOT)    net (fo=8805, routed)        2.342     2.465    rf_bd/mts_i/rst_rf/U0/slowest_sync_clk
    SLICE_X66Y185        FDRE                                         r  rf_bd/mts_i/rst_rf/U0/ACTIVE_LOW_PR_OUT_DFF[0].FDRE_PER_N/C
  -------------------------------------------------------------------    -------------------
    SLICE_X66Y185        FDRE (Prop_HFF2_SLICEM_C_Q)
                                                      0.059     2.524 r  rf_bd/mts_i/rst_rf/U0/ACTIVE_LOW_PR_OUT_DFF[0].FDRE_PER_N/Q
                         net (fo=245, routed)         1.098     3.622    rf_bd/mts_i/usp_rf_data_converter_0/inst/i_rf_conv_mt_mrk_counter_adc02/rst_n
    SLICE_X106Y249       FDPE                                         f  rf_bd/mts_i/usp_rf_data_converter_0/inst/i_rf_conv_mt_mrk_counter_adc02/mrk_loc_ff_reg[1]/PRE  (IS_INVERTED)
  -------------------------------------------------------------------    -------------------

                         (clock clk_out1_mts_mmcm_rf_0 rise edge)
                                                      0.000     0.000 r  
    AN11                                              0.000     0.000 r  PL_CLK_clk_p[0] (IN)
                         net (fo=0)                   0.100     0.100    rf_bd/mts_i/ibufds_pl_clk/U0/USE_IBUFDS.GEN_IBUFDS[0].IBUFDS_I/I
    HPIOBDIFFINBUF_X0Y34 DIFFINBUF (Prop_DIFFINBUF_HPIOBDIFFINBUF_DIFF_IN_P_O)
                                                      0.666     0.766 r  rf_bd/mts_i/ibufds_pl_clk/U0/USE_IBUFDS.GEN_IBUFDS[0].IBUFDS_I/DIFFINBUF_INST/O
                         net (fo=1, routed)           0.050     0.816    rf_bd/mts_i/ibufds_pl_clk/U0/USE_IBUFDS.GEN_IBUFDS[0].IBUFDS_I/OUT
    AN11                 IBUFCTRL (Prop_IBUFCTRL_HPIOB_M_I_O)
                                                      0.000     0.816 r  rf_bd/mts_i/ibufds_pl_clk/U0/USE_IBUFDS.GEN_IBUFDS[0].IBUFDS_I/IBUFCTRL_INST/O
                         net (fo=1, routed)           0.336     1.152    rf_bd/mts_i/bufg_pl_clk/U0/BUFG_I[0]
    BUFGCE_X0Y34         BUFGCE (Prop_BUFCE_BUFGCE_I_O)
                                                      0.028     1.180 r  rf_bd/mts_i/bufg_pl_clk/U0/USE_BUFG.GEN_BUFG[0].BUFG_U/O
                         net (fo=132, routed)         1.570     2.750    rf_bd/mts_i/mmcm_rf/inst/clk_in1
    MMCM_X0Y1            MMCME4_ADV (Prop_MMCM_CLKIN1_CLKOUT0)
                                                     -2.996    -0.246 r  rf_bd/mts_i/mmcm_rf/inst/mmcme4_adv_inst/CLKOUT0
                         net (fo=1, routed)           0.244    -0.002    rf_bd/mts_i/mmcm_rf/inst/clk_out1_mts_mmcm_rf_0
    BUFGCE_X0Y32         BUFGCE (Prop_BUFCE_BUFGCE_I_O)
                                                      0.028     0.026 r  rf_bd/mts_i/mmcm_rf/inst/clkout1_buf/O
    X2Y3 (CLOCK_ROOT)    net (fo=8805, routed)        2.902     2.928    rf_bd/mts_i/usp_rf_data_converter_0/inst/i_rf_conv_mt_mrk_counter_adc02/clk
    SLICE_X106Y249       FDPE                                         r  rf_bd/mts_i/usp_rf_data_converter_0/inst/i_rf_conv_mt_mrk_counter_adc02/mrk_loc_ff_reg[1]/C
                         clock pessimism             -0.008     2.920    
    SLICE_X106Y249       FDPE (Remov_DFF2_SLICEL_C_PRE)
                                                      0.359     3.279    rf_bd/mts_i/usp_rf_data_converter_0/inst/i_rf_conv_mt_mrk_counter_adc02/mrk_loc_ff_reg[1]
  -------------------------------------------------------------------
                         required time                         -3.279    
                         arrival time                           3.622    
  -------------------------------------------------------------------
                         slack                                  0.343    





---------------------------------------------------------------------------------------------------
Path Group:  **async_default**
From Clock:  clk_out1_mts_mmcm_rf_0
  To Clock:  clk_out2_mts_mmcm_rf_0

Setup :            0  Failing Endpoints,  Worst Slack        0.397ns,  Total Violation        0.000ns
Hold  :            0  Failing Endpoints,  Worst Slack        0.220ns,  Total Violation        0.000ns
---------------------------------------------------------------------------------------------------


Max Delay Paths
--------------------------------------------------------------------------------------
Slack (MET) :             0.397ns  (required time - arrival time)
  Source:                 rf_bd/mts_i/rst_rf/U0/ACTIVE_LOW_PR_OUT_DFF[0].FDRE_PER_N/C
                            (rising edge-triggered cell FDRE clocked by clk_out1_mts_mmcm_rf_0  {rise@0.000ns fall@1.000ns period=2.000ns})
  Destination:            g_gear.rst_s_reg[0]/PRE
                            (recovery check against rising-edge clock clk_out2_mts_mmcm_rf_0  {rise@0.000ns fall@2.000ns period=4.000ns})
  Path Group:             **async_default**
  Path Type:              Recovery (Max at Slow Process Corner)
  Requirement:            2.000ns  (clk_out2_mts_mmcm_rf_0 rise@4.000ns - clk_out1_mts_mmcm_rf_0 rise@2.000ns)
  Data Path Delay:        0.902ns  (logic 0.078ns (8.651%)  route 0.824ns (91.349%))
  Logic Levels:           0  
  Clock Path Skew:        -0.462ns (DCD - SCD + CPR)
    Destination Clock Delay (DCD):    2.304ns = ( 6.304 - 4.000 ) 
    Source Clock Delay      (SCD):    2.635ns = ( 4.635 - 2.000 ) 
    Clock Pessimism Removal (CPR):    -0.131ns
  Clock Uncertainty:      0.174ns  ((TSJ^2 + DJ^2)^1/2) / 2 + PE
    Total System Jitter     (TSJ):    0.071ns
    Discrete Jitter          (DJ):    0.081ns
    Phase Error              (PE):    0.120ns
  Clock Net Delay (Source):      2.609ns (routing 1.156ns, distribution 1.453ns)
  Clock Net Delay (Destination): 2.175ns (routing 0.972ns, distribution 1.203ns)

    Location             Delay type                Incr(ns)  Path(ns)    Netlist Resource(s)
  -------------------------------------------------------------------    -------------------
                         (clock clk_out1_mts_mmcm_rf_0 rise edge)
                                                      2.000     2.000 r  
    AN11                                              0.000     2.000 r  PL_CLK_clk_p[0] (IN)
                         net (fo=0)                   0.100     2.100    rf_bd/mts_i/ibufds_pl_clk/U0/USE_IBUFDS.GEN_IBUFDS[0].IBUFDS_I/I
    HPIOBDIFFINBUF_X0Y34 DIFFINBUF (Prop_DIFFINBUF_HPIOBDIFFINBUF_DIFF_IN_P_O)
                                                      0.666     2.766 r  rf_bd/mts_i/ibufds_pl_clk/U0/USE_IBUFDS.GEN_IBUFDS[0].IBUFDS_I/DIFFINBUF_INST/O
                         net (fo=1, routed)           0.050     2.816    rf_bd/mts_i/ibufds_pl_clk/U0/USE_IBUFDS.GEN_IBUFDS[0].IBUFDS_I/OUT
    AN11                 IBUFCTRL (Prop_IBUFCTRL_HPIOB_M_I_O)
                                                      0.000     2.816 r  rf_bd/mts_i/ibufds_pl_clk/U0/USE_IBUFDS.GEN_IBUFDS[0].IBUFDS_I/IBUFCTRL_INST/O
                         net (fo=1, routed)           0.336     3.152    rf_bd/mts_i/bufg_pl_clk/U0/BUFG_I[0]
    BUFGCE_X0Y34         BUFGCE (Prop_BUFCE_BUFGCE_I_O)
                                                      0.028     3.180 r  rf_bd/mts_i/bufg_pl_clk/U0/USE_BUFG.GEN_BUFG[0].BUFG_U/O
                         net (fo=132, routed)         1.570     4.750    rf_bd/mts_i/mmcm_rf/inst/clk_in1
    MMCM_X0Y1            MMCME4_ADV (Prop_MMCM_CLKIN1_CLKOUT0)
                                                     -2.996     1.754 r  rf_bd/mts_i/mmcm_rf/inst/mmcme4_adv_inst/CLKOUT0
                         net (fo=1, routed)           0.244     1.998    rf_bd/mts_i/mmcm_rf/inst/clk_out1_mts_mmcm_rf_0
    BUFGCE_X0Y32         BUFGCE (Prop_BUFCE_BUFGCE_I_O)
                                                      0.028     2.026 r  rf_bd/mts_i/mmcm_rf/inst/clkout1_buf/O
    X2Y3 (CLOCK_ROOT)    net (fo=8805, routed)        2.609     4.635    rf_bd/mts_i/rst_rf/U0/slowest_sync_clk
    SLICE_X66Y185        FDRE                                         r  rf_bd/mts_i/rst_rf/U0/ACTIVE_LOW_PR_OUT_DFF[0].FDRE_PER_N/C
  -------------------------------------------------------------------    -------------------
    SLICE_X66Y185        FDRE (Prop_HFF2_SLICEM_C_Q)
                                                      0.078     4.713 r  rf_bd/mts_i/rst_rf/U0/ACTIVE_LOW_PR_OUT_DFF[0].FDRE_PER_N/Q
                         net (fo=245, routed)         0.824     5.537    rf_bd_n_519
    SLICE_X44Y221        FDPE                                         f  g_gear.rst_s_reg[0]/PRE  (IS_INVERTED)
  -------------------------------------------------------------------    -------------------

                         (clock clk_out2_mts_mmcm_rf_0 rise edge)
                                                      4.000     4.000 r  
    AN11                                              0.000     4.000 r  PL_CLK_clk_p[0] (IN)
                         net (fo=0)                   0.079     4.079    rf_bd/mts_i/ibufds_pl_clk/U0/USE_IBUFDS.GEN_IBUFDS[0].IBUFDS_I/I
    HPIOBDIFFINBUF_X0Y34 DIFFINBUF (Prop_DIFFINBUF_HPIOBDIFFINBUF_DIFF_IN_P_O)
                                                      0.556     4.635 r  rf_bd/mts_i/ibufds_pl_clk/U0/USE_IBUFDS.GEN_IBUFDS[0].IBUFDS_I/DIFFINBUF_INST/O
                         net (fo=1, routed)           0.040     4.675    rf_bd/mts_i/ibufds_pl_clk/U0/USE_IBUFDS.GEN_IBUFDS[0].IBUFDS_I/OUT
    AN11                 IBUFCTRL (Prop_IBUFCTRL_HPIOB_M_I_O)
                                                      0.000     4.675 r  rf_bd/mts_i/ibufds_pl_clk/U0/USE_IBUFDS.GEN_IBUFDS[0].IBUFDS_I/IBUFCTRL_INST/O
                         net (fo=1, routed)           0.300     4.975    rf_bd/mts_i/bufg_pl_clk/U0/BUFG_I[0]
    BUFGCE_X0Y34         BUFGCE (Prop_BUFCE_BUFGCE_I_O)
                                                      0.024     4.999 r  rf_bd/mts_i/bufg_pl_clk/U0/USE_BUFG.GEN_BUFG[0].BUFG_U/O
                         net (fo=132, routed)         1.407     6.406    rf_bd/mts_i/mmcm_rf/inst/clk_in1
    MMCM_X0Y1            MMCME4_ADV (Prop_MMCM_CLKIN1_CLKOUT1)
                                                     -2.521     3.885 r  rf_bd/mts_i/mmcm_rf/inst/mmcme4_adv_inst/CLKOUT1
                         net (fo=1, routed)           0.220     4.105    rf_bd/mts_i/mmcm_rf/inst/clk_out2_mts_mmcm_rf_0
    BUFGCE_X0Y39         BUFGCE (Prop_BUFCE_BUFGCE_I_O)
                                                      0.024     4.129 r  rf_bd/mts_i/mmcm_rf/inst/clkout2_buf/O
    X2Y3 (CLOCK_ROOT)    net (fo=248285, routed)      2.175     6.304    clk_st
    SLICE_X44Y221        FDPE                                         r  g_gear.rst_s_reg[0]/C
                         clock pessimism             -0.131     6.173    
                         clock uncertainty           -0.174     6.000    
    SLICE_X44Y221        FDPE (Recov_DFF2_SLICEL_C_PRE)
                                                     -0.066     5.934    g_gear.rst_s_reg[0]
  -------------------------------------------------------------------
                         required time                          5.934    
                         arrival time                          -5.537    
  -------------------------------------------------------------------
                         slack                                  0.397    





Min Delay Paths
--------------------------------------------------------------------------------------
Slack (MET) :             0.220ns  (arrival time - required time)
  Source:                 rf_bd/mts_i/rst_rf/U0/ACTIVE_LOW_PR_OUT_DFF[0].FDRE_PER_N/C
                            (rising edge-triggered cell FDRE clocked by clk_out1_mts_mmcm_rf_0  {rise@0.000ns fall@1.000ns period=2.000ns})
  Destination:            g_gear.rst_s_reg[0]/PRE
                            (removal check against rising-edge clock clk_out2_mts_mmcm_rf_0  {rise@0.000ns fall@2.000ns period=4.000ns})
  Path Group:             **async_default**
  Path Type:              Removal (Min at Fast Process Corner)
  Requirement:            0.000ns  (clk_out2_mts_mmcm_rf_0 rise@0.000ns - clk_out1_mts_mmcm_rf_0 rise@0.000ns)
  Data Path Delay:        0.459ns  (logic 0.039ns (8.488%)  route 0.420ns (91.512%))
  Logic Levels:           0  
  Clock Path Skew:        0.085ns (DCD - SCD - CPR)
    Destination Clock Delay (DCD):    1.579ns
    Source Clock Delay      (SCD):    1.538ns
    Clock Pessimism Removal (CPR):    -0.044ns
  Clock Uncertainty:      0.174ns  ((TSJ^2 + DJ^2)^1/2) / 2 + PE
    Total System Jitter     (TSJ):    0.071ns
    Discrete Jitter          (DJ):    0.081ns
    Phase Error              (PE):    0.120ns
  Clock Net Delay (Source):      1.435ns (routing 0.632ns, distribution 0.803ns)
  Clock Net Delay (Destination): 1.493ns (routing 0.650ns, distribution 0.843ns)

    Location             Delay type                Incr(ns)  Path(ns)    Netlist Resource(s)
  -------------------------------------------------------------------    -------------------
                         (clock clk_out1_mts_mmcm_rf_0 rise edge)
                                                      0.000     0.000 r  
    AN11                                              0.000     0.000 r  PL_CLK_clk_p[0] (IN)
                         net (fo=0)                   0.079     0.079    rf_bd/mts_i/ibufds_pl_clk/U0/USE_IBUFDS.GEN_IBUFDS[0].IBUFDS_I/I
    HPIOBDIFFINBUF_X0Y34 DIFFINBUF (Prop_DIFFINBUF_HPIOBDIFFINBUF_DIFF_IN_P_O)
                                                      0.332     0.411 r  rf_bd/mts_i/ibufds_pl_clk/U0/USE_IBUFDS.GEN_IBUFDS[0].IBUFDS_I/DIFFINBUF_INST/O
                         net (fo=1, routed)           0.040     0.451    rf_bd/mts_i/ibufds_pl_clk/U0/USE_IBUFDS.GEN_IBUFDS[0].IBUFDS_I/OUT
    AN11                 IBUFCTRL (Prop_IBUFCTRL_HPIOB_M_I_O)
                                                      0.000     0.451 r  rf_bd/mts_i/ibufds_pl_clk/U0/USE_IBUFDS.GEN_IBUFDS[0].IBUFDS_I/IBUFCTRL_INST/O
                         net (fo=1, routed)           0.194     0.645    rf_bd/mts_i/bufg_pl_clk/U0/BUFG_I[0]
    BUFGCE_X0Y34         BUFGCE (Prop_BUFCE_BUFGCE_I_O)
                                                      0.017     0.662 r  rf_bd/mts_i/bufg_pl_clk/U0/USE_BUFG.GEN_BUFG[0].BUFG_U/O
                         net (fo=132, routed)         0.864     1.526    rf_bd/mts_i/mmcm_rf/inst/clk_in1
    MMCM_X0Y1            MMCME4_ADV (Prop_MMCM_CLKIN1_CLKOUT0)
                                                     -1.585    -0.059 r  rf_bd/mts_i/mmcm_rf/inst/mmcme4_adv_inst/CLKOUT0
                         net (fo=1, routed)           0.145     0.086    rf_bd/mts_i/mmcm_rf/inst/clk_out1_mts_mmcm_rf_0
    BUFGCE_X0Y32         BUFGCE (Prop_BUFCE_BUFGCE_I_O)
                                                      0.017     0.103 r  rf_bd/mts_i/mmcm_rf/inst/clkout1_buf/O
    X2Y3 (CLOCK_ROOT)    net (fo=8805, routed)        1.435     1.538    rf_bd/mts_i/rst_rf/U0/slowest_sync_clk
    SLICE_X66Y185        FDRE                                         r  rf_bd/mts_i/rst_rf/U0/ACTIVE_LOW_PR_OUT_DFF[0].FDRE_PER_N/C
  -------------------------------------------------------------------    -------------------
    SLICE_X66Y185        FDRE (Prop_HFF2_SLICEM_C_Q)
                                                      0.039     1.577 r  rf_bd/mts_i/rst_rf/U0/ACTIVE_LOW_PR_OUT_DFF[0].FDRE_PER_N/Q
                         net (fo=245, routed)         0.420     1.997    rf_bd_n_519
    SLICE_X44Y221        FDPE                                         f  g_gear.rst_s_reg[0]/PRE  (IS_INVERTED)
  -------------------------------------------------------------------    -------------------

                         (clock clk_out2_mts_mmcm_rf_0 rise edge)
                                                      0.000     0.000 r  
    AN11                                              0.000     0.000 r  PL_CLK_clk_p[0] (IN)
                         net (fo=0)                   0.100     0.100    rf_bd/mts_i/ibufds_pl_clk/U0/USE_IBUFDS.GEN_IBUFDS[0].IBUFDS_I/I
    HPIOBDIFFINBUF_X0Y34 DIFFINBUF (Prop_DIFFINBUF_HPIOBDIFFINBUF_DIFF_IN_P_O)
                                                      0.437     0.537 r  rf_bd/mts_i/ibufds_pl_clk/U0/USE_IBUFDS.GEN_IBUFDS[0].IBUFDS_I/DIFFINBUF_INST/O
                         net (fo=1, routed)           0.050     0.587    rf_bd/mts_i/ibufds_pl_clk/U0/USE_IBUFDS.GEN_IBUFDS[0].IBUFDS_I/OUT
    AN11                 IBUFCTRL (Prop_IBUFCTRL_HPIOB_M_I_O)
                                                      0.000     0.587 r  rf_bd/mts_i/ibufds_pl_clk/U0/USE_IBUFDS.GEN_IBUFDS[0].IBUFDS_I/IBUFCTRL_INST/O
                         net (fo=1, routed)           0.235     0.822    rf_bd/mts_i/bufg_pl_clk/U0/BUFG_I[0]
    BUFGCE_X0Y34         BUFGCE (Prop_BUFCE_BUFGCE_I_O)
                                                      0.019     0.841 r  rf_bd/mts_i/bufg_pl_clk/U0/USE_BUFG.GEN_BUFG[0].BUFG_U/O
                         net (fo=132, routed)         0.963     1.804    rf_bd/mts_i/mmcm_rf/inst/clk_in1
    MMCM_X0Y1            MMCME4_ADV (Prop_MMCM_CLKIN1_CLKOUT1)
                                                     -1.907    -0.103 r  rf_bd/mts_i/mmcm_rf/inst/mmcme4_adv_inst/CLKOUT1
                         net (fo=1, routed)           0.170     0.067    rf_bd/mts_i/mmcm_rf/inst/clk_out2_mts_mmcm_rf_0
    BUFGCE_X0Y39         BUFGCE (Prop_BUFCE_BUFGCE_I_O)
                                                      0.019     0.086 r  rf_bd/mts_i/mmcm_rf/inst/clkout2_buf/O
    X2Y3 (CLOCK_ROOT)    net (fo=248285, routed)      1.493     1.579    clk_st
    SLICE_X44Y221        FDPE                                         r  g_gear.rst_s_reg[0]/C
                         clock pessimism              0.044     1.623    
                         clock uncertainty            0.174     1.797    
    SLICE_X44Y221        FDPE (Remov_DFF2_SLICEL_C_PRE)
                                                     -0.020     1.777    g_gear.rst_s_reg[0]
  -------------------------------------------------------------------
                         required time                         -1.777    
                         arrival time                           1.997    
  -------------------------------------------------------------------
                         slack                                  0.220    





---------------------------------------------------------------------------------------------------
Path Group:  **async_default**
From Clock:  clk_out2_mts_mmcm_rf_0
  To Clock:  clk_out2_mts_mmcm_rf_0

Setup :            0  Failing Endpoints,  Worst Slack        0.481ns,  Total Violation        0.000ns
Hold  :            0  Failing Endpoints,  Worst Slack        0.097ns,  Total Violation        0.000ns
---------------------------------------------------------------------------------------------------


Max Delay Paths
--------------------------------------------------------------------------------------
Slack (MET) :             0.481ns  (required time - arrival time)
  Source:                 rf_bd/mts_i/ctrl_interconnect/m05_couplers/auto_cc/inst/gen_clock_conv.gen_async_conv.asyncfifo_axi/inst_fifo_gen/gaxi_full_lite.gwrite_ch.gwdch2.axi_wdch/grf.rf/rstblk/ngwrdrst.grst.g7serrst.gnsckt_wrst.gic_rst.sckt_rd_rst_ic_reg/C
                            (rising edge-triggered cell FDPE clocked by clk_out2_mts_mmcm_rf_0  {rise@0.000ns fall@2.000ns period=4.000ns})
  Destination:            rf_bd/mts_i/ctrl_interconnect/m05_couplers/auto_cc/inst/gen_clock_conv.gen_async_conv.asyncfifo_axi/inst_fifo_gen/gaxi_full_lite.gwrite_ch.gwdch2.axi_wdch/grf.rf/gntv_or_sync_fifo.gl0.rd/gr1.gr1_int.rfwft/gpregsm1.user_valid_reg/CLR
                            (recovery check against rising-edge clock clk_out2_mts_mmcm_rf_0  {rise@0.000ns fall@2.000ns period=4.000ns})
  Path Group:             **async_default**
  Path Type:              Recovery (Max at Slow Process Corner)
  Requirement:            4.000ns  (clk_out2_mts_mmcm_rf_0 rise@4.000ns - clk_out2_mts_mmcm_rf_0 rise@0.000ns)
  Data Path Delay:        3.049ns  (logic 0.080ns (2.624%)  route 2.969ns (97.376%))
  Logic Levels:           0  
  Clock Path Skew:        -0.350ns (DCD - SCD + CPR)
    Destination Clock Delay (DCD):    2.386ns = ( 6.386 - 4.000 ) 
    Source Clock Delay      (SCD):    2.741ns
    Clock Pessimism Removal (CPR):    0.004ns
  Clock Uncertainty:      0.054ns  ((TSJ^2 + DJ^2)^1/2) / 2 + PE
    Total System Jitter     (TSJ):    0.071ns
    Discrete Jitter          (DJ):    0.081ns
    Phase Error              (PE):    0.000ns
  Clock Net Delay (Source):      2.708ns (routing 1.068ns, distribution 1.640ns)
  Clock Net Delay (Destination): 2.258ns (routing 0.972ns, distribution 1.286ns)

    Location             Delay type                Incr(ns)  Path(ns)    Netlist Resource(s)
  -------------------------------------------------------------------    -------------------
                         (clock clk_out2_mts_mmcm_rf_0 rise edge)
                                                      0.000     0.000 r  
    AN11                                              0.000     0.000 r  PL_CLK_clk_p[0] (IN)
                         net (fo=0)                   0.100     0.100    rf_bd/mts_i/ibufds_pl_clk/U0/USE_IBUFDS.GEN_IBUFDS[0].IBUFDS_I/I
    HPIOBDIFFINBUF_X0Y34 DIFFINBUF (Prop_DIFFINBUF_HPIOBDIFFINBUF_DIFF_IN_P_O)
                                                      0.666     0.766 r  rf_bd/mts_i/ibufds_pl_clk/U0/USE_IBUFDS.GEN_IBUFDS[0].IBUFDS_I/DIFFINBUF_INST/O
                         net (fo=1, routed)           0.050     0.816    rf_bd/mts_i/ibufds_pl_clk/U0/USE_IBUFDS.GEN_IBUFDS[0].IBUFDS_I/OUT
    AN11                 IBUFCTRL (Prop_IBUFCTRL_HPIOB_M_I_O)
                                                      0.000     0.816 r  rf_bd/mts_i/ibufds_pl_clk/U0/USE_IBUFDS.GEN_IBUFDS[0].IBUFDS_I/IBUFCTRL_INST/O
                         net (fo=1, routed)           0.336     1.152    rf_bd/mts_i/bufg_pl_clk/U0/BUFG_I[0]
    BUFGCE_X0Y34         BUFGCE (Prop_BUFCE_BUFGCE_I_O)
                                                      0.028     1.180 r  rf_bd/mts_i/bufg_pl_clk/U0/USE_BUFG.GEN_BUFG[0].BUFG_U/O
                         net (fo=132, routed)         1.570     2.750    rf_bd/mts_i/mmcm_rf/inst/clk_in1
    MMCM_X0Y1            MMCME4_ADV (Prop_MMCM_CLKIN1_CLKOUT1)
                                                     -2.996    -0.246 r  rf_bd/mts_i/mmcm_rf/inst/mmcme4_adv_inst/CLKOUT1
                         net (fo=1, routed)           0.251     0.005    rf_bd/mts_i/mmcm_rf/inst/clk_out2_mts_mmcm_rf_0
    BUFGCE_X0Y39         BUFGCE (Prop_BUFCE_BUFGCE_I_O)
                                                      0.028     0.033 r  rf_bd/mts_i/mmcm_rf/inst/clkout2_buf/O
    X2Y3 (CLOCK_ROOT)    net (fo=248285, routed)      2.708     2.741    rf_bd/mts_i/ctrl_interconnect/m05_couplers/auto_cc/inst/gen_clock_conv.gen_async_conv.asyncfifo_axi/inst_fifo_gen/gaxi_full_lite.gwrite_ch.gwdch2.axi_wdch/grf.rf/rstblk/m_aclk
    SLICE_X4Y183         FDPE                                         r  rf_bd/mts_i/ctrl_interconnect/m05_couplers/auto_cc/inst/gen_clock_conv.gen_async_conv.asyncfifo_axi/inst_fifo_gen/gaxi_full_lite.gwrite_ch.gwdch2.axi_wdch/grf.rf/rstblk/ngwrdrst.grst.g7serrst.gnsckt_wrst.gic_rst.sckt_rd_rst_ic_reg/C
  -------------------------------------------------------------------    -------------------
    SLICE_X4Y183         FDPE (Prop_HFF2_SLICEL_C_Q)
                                                      0.080     2.821 f  rf_bd/mts_i/ctrl_interconnect/m05_couplers/auto_cc/inst/gen_clock_conv.gen_async_conv.asyncfifo_axi/inst_fifo_gen/gaxi_full_lite.gwrite_ch.gwdch2.axi_wdch/grf.rf/rstblk/ngwrdrst.grst.g7serrst.gnsckt_wrst.gic_rst.sckt_rd_rst_ic_reg/Q
                         net (fo=21, routed)          2.969     5.790    rf_bd/mts_i/ctrl_interconnect/m05_couplers/auto_cc/inst/gen_clock_conv.gen_async_conv.asyncfifo_axi/inst_fifo_gen/gaxi_full_lite.gwrite_ch.gwdch2.axi_wdch/grf.rf/gntv_or_sync_fifo.gl0.rd/gr1.gr1_int.rfwft/gpregsm1.user_valid_reg_0
    SLICE_X34Y150        FDCE                                         f  rf_bd/mts_i/ctrl_interconnect/m05_couplers/auto_cc/inst/gen_clock_conv.gen_async_conv.asyncfifo_axi/inst_fifo_gen/gaxi_full_lite.gwrite_ch.gwdch2.axi_wdch/grf.rf/gntv_or_sync_fifo.gl0.rd/gr1.gr1_int.rfwft/gpregsm1.user_valid_reg/CLR
  -------------------------------------------------------------------    -------------------

                         (clock clk_out2_mts_mmcm_rf_0 rise edge)
                                                      4.000     4.000 r  
    AN11                                              0.000     4.000 r  PL_CLK_clk_p[0] (IN)
                         net (fo=0)                   0.079     4.079    rf_bd/mts_i/ibufds_pl_clk/U0/USE_IBUFDS.GEN_IBUFDS[0].IBUFDS_I/I
    HPIOBDIFFINBUF_X0Y34 DIFFINBUF (Prop_DIFFINBUF_HPIOBDIFFINBUF_DIFF_IN_P_O)
                                                      0.556     4.635 r  rf_bd/mts_i/ibufds_pl_clk/U0/USE_IBUFDS.GEN_IBUFDS[0].IBUFDS_I/DIFFINBUF_INST/O
                         net (fo=1, routed)           0.040     4.675    rf_bd/mts_i/ibufds_pl_clk/U0/USE_IBUFDS.GEN_IBUFDS[0].IBUFDS_I/OUT
    AN11                 IBUFCTRL (Prop_IBUFCTRL_HPIOB_M_I_O)
                                                      0.000     4.675 r  rf_bd/mts_i/ibufds_pl_clk/U0/USE_IBUFDS.GEN_IBUFDS[0].IBUFDS_I/IBUFCTRL_INST/O
                         net (fo=1, routed)           0.300     4.975    rf_bd/mts_i/bufg_pl_clk/U0/BUFG_I[0]
    BUFGCE_X0Y34         BUFGCE (Prop_BUFCE_BUFGCE_I_O)
                                                      0.024     4.999 r  rf_bd/mts_i/bufg_pl_clk/U0/USE_BUFG.GEN_BUFG[0].BUFG_U/O
                         net (fo=132, routed)         1.407     6.406    rf_bd/mts_i/mmcm_rf/inst/clk_in1
    MMCM_X0Y1            MMCME4_ADV (Prop_MMCM_CLKIN1_CLKOUT1)
                                                     -2.521     3.885 r  rf_bd/mts_i/mmcm_rf/inst/mmcme4_adv_inst/CLKOUT1
                         net (fo=1, routed)           0.220     4.105    rf_bd/mts_i/mmcm_rf/inst/clk_out2_mts_mmcm_rf_0
    BUFGCE_X0Y39         BUFGCE (Prop_BUFCE_BUFGCE_I_O)
                                                      0.024     4.129 r  rf_bd/mts_i/mmcm_rf/inst/clkout2_buf/O
    X2Y3 (CLOCK_ROOT)    net (fo=248285, routed)      2.258     6.386    rf_bd/mts_i/ctrl_interconnect/m05_couplers/auto_cc/inst/gen_clock_conv.gen_async_conv.asyncfifo_axi/inst_fifo_gen/gaxi_full_lite.gwrite_ch.gwdch2.axi_wdch/grf.rf/gntv_or_sync_fifo.gl0.rd/gr1.gr1_int.rfwft/m_aclk
    SLICE_X34Y150        FDCE                                         r  rf_bd/mts_i/ctrl_interconnect/m05_couplers/auto_cc/inst/gen_clock_conv.gen_async_conv.asyncfifo_axi/inst_fifo_gen/gaxi_full_lite.gwrite_ch.gwdch2.axi_wdch/grf.rf/gntv_or_sync_fifo.gl0.rd/gr1.gr1_int.rfwft/gpregsm1.user_valid_reg/C
                         clock pessimism              0.004     6.391    
                         clock uncertainty           -0.054     6.337    
    SLICE_X34Y150        FDCE (Recov_DFF2_SLICEM_C_CLR)
                                                     -0.066     6.271    rf_bd/mts_i/ctrl_interconnect/m05_couplers/auto_cc/inst/gen_clock_conv.gen_async_conv.asyncfifo_axi/inst_fifo_gen/gaxi_full_lite.gwrite_ch.gwdch2.axi_wdch/grf.rf/gntv_or_sync_fifo.gl0.rd/gr1.gr1_int.rfwft/gpregsm1.user_valid_reg
  -------------------------------------------------------------------
                         required time                          6.271    
                         arrival time                          -5.790    
  -------------------------------------------------------------------
                         slack                                  0.481    





Min Delay Paths
--------------------------------------------------------------------------------------
Slack (MET) :             0.097ns  (arrival time - required time)
  Source:                 rf_bd/mts_i/ctrl_interconnect/m05_couplers/auto_cc/inst/gen_clock_conv.gen_async_conv.asyncfifo_axi/inst_fifo_gen/gaxi_full_lite.gwrite_ch.gwach2.axi_wach/grf.rf/rstblk/ngwrdrst.grst.g7serrst.gnsckt_wrst.gic_rst.rst_rd_reg2_inst/arststages_ff_reg[1]/C
                            (rising edge-triggered cell FDPE clocked by clk_out2_mts_mmcm_rf_0  {rise@0.000ns fall@2.000ns period=4.000ns})
  Destination:            rf_bd/mts_i/ctrl_interconnect/m05_couplers/auto_cc/inst/gen_clock_conv.gen_async_conv.asyncfifo_axi/inst_fifo_gen/gaxi_full_lite.gwrite_ch.gwach2.axi_wach/grf.rf/rstblk/ngwrdrst.grst.g7serrst.gnsckt_wrst.gic_rst.sckt_rd_rst_ic_reg/PRE
                            (removal check against rising-edge clock clk_out2_mts_mmcm_rf_0  {rise@0.000ns fall@2.000ns period=4.000ns})
  Path Group:             **async_default**
  Path Type:              Removal (Min at Fast Process Corner)
  Requirement:            0.000ns  (clk_out2_mts_mmcm_rf_0 rise@0.000ns - clk_out2_mts_mmcm_rf_0 rise@0.000ns)
  Data Path Delay:        0.136ns  (logic 0.039ns (28.676%)  route 0.097ns (71.324%))
  Logic Levels:           0  
  Clock Path Skew:        0.059ns (DCD - SCD - CPR)
    Destination Clock Delay (DCD):    1.673ns
    Source Clock Delay      (SCD):    1.510ns
    Clock Pessimism Removal (CPR):    0.105ns
  Clock Net Delay (Source):      1.403ns (routing 0.585ns, distribution 0.818ns)
  Clock Net Delay (Destination): 1.588ns (routing 0.650ns, distribution 0.938ns)

    Location             Delay type                Incr(ns)  Path(ns)    Netlist Resource(s)
  -------------------------------------------------------------------    -------------------
                         (clock clk_out2_mts_mmcm_rf_0 rise edge)
                                                      0.000     0.000 r  
    AN11                                              0.000     0.000 r  PL_CLK_clk_p[0] (IN)
                         net (fo=0)                   0.079     0.079    rf_bd/mts_i/ibufds_pl_clk/U0/USE_IBUFDS.GEN_IBUFDS[0].IBUFDS_I/I
    HPIOBDIFFINBUF_X0Y34 DIFFINBUF (Prop_DIFFINBUF_HPIOBDIFFINBUF_DIFF_IN_P_O)
                                                      0.332     0.411 r  rf_bd/mts_i/ibufds_pl_clk/U0/USE_IBUFDS.GEN_IBUFDS[0].IBUFDS_I/DIFFINBUF_INST/O
                         net (fo=1, routed)           0.040     0.451    rf_bd/mts_i/ibufds_pl_clk/U0/USE_IBUFDS.GEN_IBUFDS[0].IBUFDS_I/OUT
    AN11                 IBUFCTRL (Prop_IBUFCTRL_HPIOB_M_I_O)
                                                      0.000     0.451 r  rf_bd/mts_i/ibufds_pl_clk/U0/USE_IBUFDS.GEN_IBUFDS[0].IBUFDS_I/IBUFCTRL_INST/O
                         net (fo=1, routed)           0.194     0.645    rf_bd/mts_i/bufg_pl_clk/U0/BUFG_I[0]
    BUFGCE_X0Y34         BUFGCE (Prop_BUFCE_BUFGCE_I_O)
                                                      0.017     0.662 r  rf_bd/mts_i/bufg_pl_clk/U0/USE_BUFG.GEN_BUFG[0].BUFG_U/O
                         net (fo=132, routed)         0.864     1.526    rf_bd/mts_i/mmcm_rf/inst/clk_in1
    MMCM_X0Y1            MMCME4_ADV (Prop_MMCM_CLKIN1_CLKOUT1)
                                                     -1.585    -0.059 r  rf_bd/mts_i/mmcm_rf/inst/mmcme4_adv_inst/CLKOUT1
                         net (fo=1, routed)           0.149     0.090    rf_bd/mts_i/mmcm_rf/inst/clk_out2_mts_mmcm_rf_0
    BUFGCE_X0Y39         BUFGCE (Prop_BUFCE_BUFGCE_I_O)
                                                      0.017     0.107 r  rf_bd/mts_i/mmcm_rf/inst/clkout2_buf/O
    X2Y3 (CLOCK_ROOT)    net (fo=248285, routed)      1.403     1.510    rf_bd/mts_i/ctrl_interconnect/m05_couplers/auto_cc/inst/gen_clock_conv.gen_async_conv.asyncfifo_axi/inst_fifo_gen/gaxi_full_lite.gwrite_ch.gwach2.axi_wach/grf.rf/rstblk/ngwrdrst.grst.g7serrst.gnsckt_wrst.gic_rst.rst_rd_reg2_inst/dest_clk
    SLICE_X37Y109        FDPE                                         r  rf_bd/mts_i/ctrl_interconnect/m05_couplers/auto_cc/inst/gen_clock_conv.gen_async_conv.asyncfifo_axi/inst_fifo_gen/gaxi_full_lite.gwrite_ch.gwach2.axi_wach/grf.rf/rstblk/ngwrdrst.grst.g7serrst.gnsckt_wrst.gic_rst.rst_rd_reg2_inst/arststages_ff_reg[1]/C
  -------------------------------------------------------------------    -------------------
    SLICE_X37Y109        FDPE (Prop_EFF2_SLICEM_C_Q)
                                                      0.039     1.549 f  rf_bd/mts_i/ctrl_interconnect/m05_couplers/auto_cc/inst/gen_clock_conv.gen_async_conv.asyncfifo_axi/inst_fifo_gen/gaxi_full_lite.gwrite_ch.gwach2.axi_wach/grf.rf/rstblk/ngwrdrst.grst.g7serrst.gnsckt_wrst.gic_rst.rst_rd_reg2_inst/arststages_ff_reg[1]/Q
                         net (fo=3, routed)           0.097     1.646    rf_bd/mts_i/ctrl_interconnect/m05_couplers/auto_cc/inst/gen_clock_conv.gen_async_conv.asyncfifo_axi/inst_fifo_gen/gaxi_full_lite.gwrite_ch.gwach2.axi_wach/grf.rf/rstblk/ngwrdrst.grst.rst_rd_reg2
    SLICE_X36Y109        FDPE                                         f  rf_bd/mts_i/ctrl_interconnect/m05_couplers/auto_cc/inst/gen_clock_conv.gen_async_conv.asyncfifo_axi/inst_fifo_gen/gaxi_full_lite.gwrite_ch.gwach2.axi_wach/grf.rf/rstblk/ngwrdrst.grst.g7serrst.gnsckt_wrst.gic_rst.sckt_rd_rst_ic_reg/PRE
  -------------------------------------------------------------------    -------------------

                         (clock clk_out2_mts_mmcm_rf_0 rise edge)
                                                      0.000     0.000 r  
    AN11                                              0.000     0.000 r  PL_CLK_clk_p[0] (IN)
                         net (fo=0)                   0.100     0.100    rf_bd/mts_i/ibufds_pl_clk/U0/USE_IBUFDS.GEN_IBUFDS[0].IBUFDS_I/I
    HPIOBDIFFINBUF_X0Y34 DIFFINBUF (Prop_DIFFINBUF_HPIOBDIFFINBUF_DIFF_IN_P_O)
                                                      0.437     0.537 r  rf_bd/mts_i/ibufds_pl_clk/U0/USE_IBUFDS.GEN_IBUFDS[0].IBUFDS_I/DIFFINBUF_INST/O
                         net (fo=1, routed)           0.050     0.587    rf_bd/mts_i/ibufds_pl_clk/U0/USE_IBUFDS.GEN_IBUFDS[0].IBUFDS_I/OUT
    AN11                 IBUFCTRL (Prop_IBUFCTRL_HPIOB_M_I_O)
                                                      0.000     0.587 r  rf_bd/mts_i/ibufds_pl_clk/U0/USE_IBUFDS.GEN_IBUFDS[0].IBUFDS_I/IBUFCTRL_INST/O
                         net (fo=1, routed)           0.235     0.822    rf_bd/mts_i/bufg_pl_clk/U0/BUFG_I[0]
    BUFGCE_X0Y34         BUFGCE (Prop_BUFCE_BUFGCE_I_O)
                                                      0.019     0.841 r  rf_bd/mts_i/bufg_pl_clk/U0/USE_BUFG.GEN_BUFG[0].BUFG_U/O
                         net (fo=132, routed)         0.963     1.804    rf_bd/mts_i/mmcm_rf/inst/clk_in1
    MMCM_X0Y1            MMCME4_ADV (Prop_MMCM_CLKIN1_CLKOUT1)
                                                     -1.907    -0.103 r  rf_bd/mts_i/mmcm_rf/inst/mmcme4_adv_inst/CLKOUT1
                         net (fo=1, routed)           0.170     0.067    rf_bd/mts_i/mmcm_rf/inst/clk_out2_mts_mmcm_rf_0
    BUFGCE_X0Y39         BUFGCE (Prop_BUFCE_BUFGCE_I_O)
                                                      0.019     0.086 r  rf_bd/mts_i/mmcm_rf/inst/clkout2_buf/O
    X2Y3 (CLOCK_ROOT)    net (fo=248285, routed)      1.588     1.673    rf_bd/mts_i/ctrl_interconnect/m05_couplers/auto_cc/inst/gen_clock_conv.gen_async_conv.asyncfifo_axi/inst_fifo_gen/gaxi_full_lite.gwrite_ch.gwach2.axi_wach/grf.rf/rstblk/m_aclk
    SLICE_X36Y109        FDPE                                         r  rf_bd/mts_i/ctrl_interconnect/m05_couplers/auto_cc/inst/gen_clock_conv.gen_async_conv.asyncfifo_axi/inst_fifo_gen/gaxi_full_lite.gwrite_ch.gwach2.axi_wach/grf.rf/rstblk/ngwrdrst.grst.g7serrst.gnsckt_wrst.gic_rst.sckt_rd_rst_ic_reg/C
                         clock pessimism             -0.105     1.568    
    SLICE_X36Y109        FDPE (Remov_DFF2_SLICEL_C_PRE)
                                                     -0.020     1.548    rf_bd/mts_i/ctrl_interconnect/m05_couplers/auto_cc/inst/gen_clock_conv.gen_async_conv.asyncfifo_axi/inst_fifo_gen/gaxi_full_lite.gwrite_ch.gwach2.axi_wach/grf.rf/rstblk/ngwrdrst.grst.g7serrst.gnsckt_wrst.gic_rst.sckt_rd_rst_ic_reg
  -------------------------------------------------------------------
                         required time                         -1.548    
                         arrival time                           1.646    
  -------------------------------------------------------------------
                         slack                                  0.097    





---------------------------------------------------------------------------------------------------
Path Group:  **async_default**
From Clock:  clk_pl_0
  To Clock:  clk_pl_0

Setup :            0  Failing Endpoints,  Worst Slack        7.578ns,  Total Violation        0.000ns
Hold  :            0  Failing Endpoints,  Worst Slack        0.097ns,  Total Violation        0.000ns
---------------------------------------------------------------------------------------------------


Max Delay Paths
--------------------------------------------------------------------------------------
Slack (MET) :             7.578ns  (required time - arrival time)
  Source:                 rf_bd/mts_i/rst_ps/U0/ACTIVE_LOW_PR_OUT_DFF[0].FDRE_PER_N/C
                            (rising edge-triggered cell FDRE clocked by clk_pl_0  {rise@0.000ns fall@5.000ns period=10.000ns})
  Destination:            rf_bd/mts_i/usp_rf_data_converter_0/inst/i_mts_sysref_count_adc/sysref_count_ff_reg[1]/CLR
                            (recovery check against rising-edge clock clk_pl_0  {rise@0.000ns fall@5.000ns period=10.000ns})
  Path Group:             **async_default**
  Path Type:              Recovery (Max at Slow Process Corner)
  Requirement:            10.000ns  (clk_pl_0 rise@10.000ns - clk_pl_0 rise@0.000ns)
  Data Path Delay:        2.339ns  (logic 0.107ns (4.575%)  route 2.232ns (95.425%))
  Logic Levels:           1  (BUFGCE=1)
  Clock Path Skew:        0.113ns (DCD - SCD + CPR)
    Destination Clock Delay (DCD):    2.314ns = ( 12.314 - 10.000 ) 
    Source Clock Delay      (SCD):    2.308ns
    Clock Pessimism Removal (CPR):    0.107ns
  Clock Uncertainty:      0.130ns  ((TSJ^2 + DJ^2)^1/2) / 2 + PE
    Total System Jitter     (TSJ):    0.071ns
    Discrete Jitter          (DJ):    0.250ns
    Phase Error              (PE):    0.000ns
  Clock Net Delay (Source):      2.082ns (routing 0.662ns, distribution 1.420ns)
  Clock Net Delay (Destination): 2.132ns (routing 0.599ns, distribution 1.533ns)

    Location             Delay type                Incr(ns)  Path(ns)    Netlist Resource(s)
  -------------------------------------------------------------------    -------------------
                         (clock clk_pl_0 rise edge)
                                                      0.000     0.000 r  
    PS8_X0Y0             PS8                          0.000     0.000 r  rf_bd/mts_i/zynq_ultra_ps_e_0/inst/PS8_i/PLCLK[0]
                         net (fo=1, routed)           0.198     0.198    rf_bd/mts_i/zynq_ultra_ps_e_0/inst/pl_clk_unbuffered[0]
    BUFG_PS_X0Y48        BUFG_PS (Prop_BUFG_PS_I_O)
                                                      0.028     0.226 r  rf_bd/mts_i/zynq_ultra_ps_e_0/inst/buffer_pl_clk_0.PL_CLK_0_BUFG/O
    X2Y3 (CLOCK_ROOT)    net (fo=32907, routed)       2.082     2.308    rf_bd/mts_i/rst_ps/U0/slowest_sync_clk
    SLICE_X62Y201        FDRE                                         r  rf_bd/mts_i/rst_ps/U0/ACTIVE_LOW_PR_OUT_DFF[0].FDRE_PER_N/C
  -------------------------------------------------------------------    -------------------
    SLICE_X62Y201        FDRE (Prop_AFF_SLICEL_C_Q)
                                                      0.079     2.387 r  rf_bd/mts_i/rst_ps/U0/ACTIVE_LOW_PR_OUT_DFF[0].FDRE_PER_N/Q
                         net (fo=1, routed)           1.061     3.448    rf_bd/mts_i/rst_ps/U0/peripheral_aresetn[0]_bufg_place
    BUFGCE_X0Y76         BUFGCE (Prop_BUFCE_BUFGCE_I_O)
                                                      0.028     3.476 r  rf_bd/mts_i/rst_ps/U0/ACTIVE_LOW_PR_OUT_DFF[0].FDRE_PER_N_bufg_place/O
                         net (fo=3357, routed)        1.171     4.647    rf_bd/mts_i/usp_rf_data_converter_0/inst/i_mts_sysref_count_adc/reset_b
    SLICE_X104Y272       FDCE                                         f  rf_bd/mts_i/usp_rf_data_converter_0/inst/i_mts_sysref_count_adc/sysref_count_ff_reg[1]/CLR  (IS_INVERTED)
  -------------------------------------------------------------------    -------------------

                         (clock clk_pl_0 rise edge)
                                                     10.000    10.000 r  
    PS8_X0Y0             PS8                          0.000    10.000 r  rf_bd/mts_i/zynq_ultra_ps_e_0/inst/PS8_i/PLCLK[0]
                         net (fo=1, routed)           0.157    10.157    rf_bd/mts_i/zynq_ultra_ps_e_0/inst/pl_clk_unbuffered[0]
    BUFG_PS_X0Y48        BUFG_PS (Prop_BUFG_PS_I_O)
                                                      0.025    10.182 r  rf_bd/mts_i/zynq_ultra_ps_e_0/inst/buffer_pl_clk_0.PL_CLK_0_BUFG/O
    X2Y3 (CLOCK_ROOT)    net (fo=32907, routed)       2.132    12.314    rf_bd/mts_i/usp_rf_data_converter_0/inst/i_mts_sysref_count_adc/clk
    SLICE_X104Y272       FDCE                                         r  rf_bd/mts_i/usp_rf_data_converter_0/inst/i_mts_sysref_count_adc/sysref_count_ff_reg[1]/C
                         clock pessimism              0.107    12.421    
                         clock uncertainty           -0.130    12.291    
    SLICE_X104Y272       FDCE (Recov_DFF_SLICEM_C_CLR)
                                                     -0.066    12.225    rf_bd/mts_i/usp_rf_data_converter_0/inst/i_mts_sysref_count_adc/sysref_count_ff_reg[1]
  -------------------------------------------------------------------
                         required time                         12.225    
                         arrival time                          -4.647    
  -------------------------------------------------------------------
                         slack                                  7.578    





Min Delay Paths
--------------------------------------------------------------------------------------
Slack (MET) :             0.097ns  (arrival time - required time)
  Source:                 rf_bd/mts_i/ctrl_interconnect/m02_couplers/auto_cc/inst/gen_clock_conv.gen_async_conv.asyncfifo_axi/inst_fifo_gen/gaxi_full_lite.gread_ch.grach2.axi_rach/grf.rf/rstblk/ngwrdrst.grst.g7serrst.gnsckt_wrst.gic_rst.sckt_wr_rst_ic_reg/C
                            (rising edge-triggered cell FDPE clocked by clk_pl_0  {rise@0.000ns fall@5.000ns period=10.000ns})
  Destination:            rf_bd/mts_i/ctrl_interconnect/m02_couplers/auto_cc/inst/gen_clock_conv.gen_async_conv.asyncfifo_axi/inst_fifo_gen/gaxi_full_lite.gread_ch.grach2.axi_rach/grf.rf/gntv_or_sync_fifo.gl0.wr/wpntr/gic0.gc0.count_d1_reg[0]/PRE
                            (removal check against rising-edge clock clk_pl_0  {rise@0.000ns fall@5.000ns period=10.000ns})
  Path Group:             **async_default**
  Path Type:              Removal (Min at Fast Process Corner)
  Requirement:            0.000ns  (clk_pl_0 rise@0.000ns - clk_pl_0 rise@0.000ns)
  Data Path Delay:        0.141ns  (logic 0.040ns (28.284%)  route 0.101ns (71.716%))
  Logic Levels:           0  
  Clock Path Skew:        0.065ns (DCD - SCD - CPR)
    Destination Clock Delay (DCD):    1.551ns
    Source Clock Delay      (SCD):    1.358ns
    Clock Pessimism Removal (CPR):    0.129ns
  Clock Net Delay (Source):      1.238ns (routing 0.359ns, distribution 0.879ns)
  Clock Net Delay (Destination): 1.404ns (routing 0.405ns, distribution 0.999ns)

    Location             Delay type                Incr(ns)  Path(ns)    Netlist Resource(s)
  -------------------------------------------------------------------    -------------------
                         (clock clk_pl_0 rise edge)
                                                      0.000     0.000 r  
    PS8_X0Y0             PS8                          0.000     0.000 r  rf_bd/mts_i/zynq_ultra_ps_e_0/inst/PS8_i/PLCLK[0]
                         net (fo=1, routed)           0.103     0.103    rf_bd/mts_i/zynq_ultra_ps_e_0/inst/pl_clk_unbuffered[0]
    BUFG_PS_X0Y48        BUFG_PS (Prop_BUFG_PS_I_O)
                                                      0.017     0.120 r  rf_bd/mts_i/zynq_ultra_ps_e_0/inst/buffer_pl_clk_0.PL_CLK_0_BUFG/O
    X2Y3 (CLOCK_ROOT)    net (fo=32907, routed)       1.238     1.358    rf_bd/mts_i/ctrl_interconnect/m02_couplers/auto_cc/inst/gen_clock_conv.gen_async_conv.asyncfifo_axi/inst_fifo_gen/gaxi_full_lite.gread_ch.grach2.axi_rach/grf.rf/rstblk/s_aclk
    SLICE_X0Y184         FDPE                                         r  rf_bd/mts_i/ctrl_interconnect/m02_couplers/auto_cc/inst/gen_clock_conv.gen_async_conv.asyncfifo_axi/inst_fifo_gen/gaxi_full_lite.gread_ch.grach2.axi_rach/grf.rf/rstblk/ngwrdrst.grst.g7serrst.gnsckt_wrst.gic_rst.sckt_wr_rst_ic_reg/C
  -------------------------------------------------------------------    -------------------
    SLICE_X0Y184         FDPE (Prop_CFF2_SLICEL_C_Q)
                                                      0.040     1.398 f  rf_bd/mts_i/ctrl_interconnect/m02_couplers/auto_cc/inst/gen_clock_conv.gen_async_conv.asyncfifo_axi/inst_fifo_gen/gaxi_full_lite.gread_ch.grach2.axi_rach/grf.rf/rstblk/ngwrdrst.grst.g7serrst.gnsckt_wrst.gic_rst.sckt_wr_rst_ic_reg/Q
                         net (fo=15, routed)          0.101     1.499    rf_bd/mts_i/ctrl_interconnect/m02_couplers/auto_cc/inst/gen_clock_conv.gen_async_conv.asyncfifo_axi/inst_fifo_gen/gaxi_full_lite.gread_ch.grach2.axi_rach/grf.rf/gntv_or_sync_fifo.gl0.wr/wpntr/AR[0]
    SLICE_X2Y184         FDPE                                         f  rf_bd/mts_i/ctrl_interconnect/m02_couplers/auto_cc/inst/gen_clock_conv.gen_async_conv.asyncfifo_axi/inst_fifo_gen/gaxi_full_lite.gread_ch.grach2.axi_rach/grf.rf/gntv_or_sync_fifo.gl0.wr/wpntr/gic0.gc0.count_d1_reg[0]/PRE
  -------------------------------------------------------------------    -------------------

                         (clock clk_pl_0 rise edge)
                                                      0.000     0.000 r  
    PS8_X0Y0             PS8                          0.000     0.000 r  rf_bd/mts_i/zynq_ultra_ps_e_0/inst/PS8_i/PLCLK[0]
                         net (fo=1, routed)           0.129     0.129    rf_bd/mts_i/zynq_ultra_ps_e_0/inst/pl_clk_unbuffered[0]
    BUFG_PS_X0Y48        BUFG_PS (Prop_BUFG_PS_I_O)
                                                      0.018     0.147 r  rf_bd/mts_i/zynq_ultra_ps_e_0/inst/buffer_pl_clk_0.PL_CLK_0_BUFG/O
    X2Y3 (CLOCK_ROOT)    net (fo=32907, routed)       1.404     1.551    rf_bd/mts_i/ctrl_interconnect/m02_couplers/auto_cc/inst/gen_clock_conv.gen_async_conv.asyncfifo_axi/inst_fifo_gen/gaxi_full_lite.gread_ch.grach2.axi_rach/grf.rf/gntv_or_sync_fifo.gl0.wr/wpntr/s_aclk
    SLICE_X2Y184         FDPE                                         r  rf_bd/mts_i/ctrl_interconnect/m02_couplers/auto_cc/inst/gen_clock_conv.gen_async_conv.asyncfifo_axi/inst_fifo_gen/gaxi_full_lite.gread_ch.grach2.axi_rach/grf.rf/gntv_or_sync_fifo.gl0.wr/wpntr/gic0.gc0.count_d1_reg[0]/C
                         clock pessimism             -0.129     1.422    
    SLICE_X2Y184         FDPE (Remov_EFF_SLICEL_C_PRE)
                                                     -0.020     1.402    rf_bd/mts_i/ctrl_interconnect/m02_couplers/auto_cc/inst/gen_clock_conv.gen_async_conv.asyncfifo_axi/inst_fifo_gen/gaxi_full_lite.gread_ch.grach2.axi_rach/grf.rf/gntv_or_sync_fifo.gl0.wr/wpntr/gic0.gc0.count_d1_reg[0]
  -------------------------------------------------------------------
                         required time                         -1.402    
                         arrival time                           1.499    
  -------------------------------------------------------------------
                         slack                                  0.097    





---------------------------------------------------------------------------------------------------
Path Group:  **async_default**
From Clock:  dbg_hub/inst/BSCANID.u_xsdbm_id/SWITCH_N_EXT_BSCAN.bscan_inst/SERIES7_BSCAN.bscan_inst/INTERNAL_TCK
  To Clock:  dbg_hub/inst/BSCANID.u_xsdbm_id/SWITCH_N_EXT_BSCAN.bscan_inst/SERIES7_BSCAN.bscan_inst/INTERNAL_TCK

Setup :            0  Failing Endpoints,  Worst Slack       46.179ns,  Total Violation        0.000ns
Hold  :            0  Failing Endpoints,  Worst Slack        0.164ns,  Total Violation        0.000ns
---------------------------------------------------------------------------------------------------


Max Delay Paths
--------------------------------------------------------------------------------------
Slack (MET) :             46.179ns  (required time - arrival time)
  Source:                 dbg_hub/inst/BSCANID.u_xsdbm_id/SWITCH_N_EXT_BSCAN.bscan_switch/portno_reg[5]/C
                            (rising edge-triggered cell FDRE clocked by dbg_hub/inst/BSCANID.u_xsdbm_id/SWITCH_N_EXT_BSCAN.bscan_inst/SERIES7_BSCAN.bscan_inst/INTERNAL_TCK  {rise@0.000ns fall@25.000ns period=50.000ns})
  Destination:            dbg_hub/inst/BSCANID.u_xsdbm_id/CORE_XSDB.U_ICON/U_CMD/iTARGET_reg[11]/CLR
                            (recovery check against rising-edge clock dbg_hub/inst/BSCANID.u_xsdbm_id/SWITCH_N_EXT_BSCAN.bscan_inst/SERIES7_BSCAN.bscan_inst/INTERNAL_TCK  {rise@0.000ns fall@25.000ns period=50.000ns})
  Path Group:             **async_default**
  Path Type:              Recovery (Max at Slow Process Corner)
  Requirement:            50.000ns  (dbg_hub/inst/BSCANID.u_xsdbm_id/SWITCH_N_EXT_BSCAN.bscan_inst/SERIES7_BSCAN.bscan_inst/INTERNAL_TCK rise@50.000ns - dbg_hub/inst/BSCANID.u_xsdbm_id/SWITCH_N_EXT_BSCAN.bscan_inst/SERIES7_BSCAN.bscan_inst/INTERNAL_TCK rise@0.000ns)
  Data Path Delay:        3.473ns  (logic 0.363ns (10.451%)  route 3.110ns (89.549%))
  Logic Levels:           2  (LUT4=1 LUT6=1)
  Clock Path Skew:        -0.246ns (DCD - SCD + CPR)
    Destination Clock Delay (DCD):    3.209ns = ( 53.209 - 50.000 ) 
    Source Clock Delay      (SCD):    7.843ns
    Clock Pessimism Removal (CPR):    4.388ns
  Clock Uncertainty:      0.035ns  ((TSJ^2 + TIJ^2)^1/2 + DJ) / 2 + PE
    Total System Jitter     (TSJ):    0.071ns
    Total Input Jitter      (TIJ):    0.000ns
    Discrete Jitter          (DJ):    0.000ns
    Phase Error              (PE):    0.000ns
  Clock Net Delay (Source):      2.077ns (routing 0.742ns, distribution 1.335ns)
  Clock Net Delay (Destination): 1.761ns (routing 0.672ns, distribution 1.089ns)

    Location             Delay type                Incr(ns)  Path(ns)    Netlist Resource(s)
  -------------------------------------------------------------------    -------------------
                         (clock dbg_hub/inst/BSCANID.u_xsdbm_id/SWITCH_N_EXT_BSCAN.bscan_inst/SERIES7_BSCAN.bscan_inst/INTERNAL_TCK rise edge)
                                                      0.000     0.000 r  
    CONFIG_SITE_X0Y0     BSCANE2                      0.000     0.000 r  dbg_hub/inst/BSCANID.u_xsdbm_id/SWITCH_N_EXT_BSCAN.bscan_inst/SERIES7_BSCAN.bscan_inst/INTERNAL_TCK
    CONFIG_SITE_X0Y0     BSCANE2 (Prop_BSCAN1_CONFIG_SITE_INTERNAL_TCK_TCK)
                                                      4.300     4.300 r  dbg_hub/inst/BSCANID.u_xsdbm_id/SWITCH_N_EXT_BSCAN.bscan_inst/SERIES7_BSCAN.bscan_inst/TCK
                         net (fo=1, routed)           1.438     5.738    dbg_hub/inst/BSCANID.u_xsdbm_id/tck_bs
    BUFGCE_X0Y49         BUFGCE (Prop_BUFCE_BUFGCE_I_O)
                                                      0.028     5.766 r  dbg_hub/inst/BSCANID.u_xsdbm_id/SWITCH_N_EXT_BSCAN.u_bufg_icon_tck/O
    X4Y4 (CLOCK_ROOT)    net (fo=490, routed)         2.077     7.843    dbg_hub/inst/BSCANID.u_xsdbm_id/SWITCH_N_EXT_BSCAN.bscan_switch/s_bscan_tck
    SLICE_X115Y189       FDRE                                         r  dbg_hub/inst/BSCANID.u_xsdbm_id/SWITCH_N_EXT_BSCAN.bscan_switch/portno_reg[5]/C
  -------------------------------------------------------------------    -------------------
    SLICE_X115Y189       FDRE (Prop_CFF2_SLICEM_C_Q)
                                                      0.077     7.920 f  dbg_hub/inst/BSCANID.u_xsdbm_id/SWITCH_N_EXT_BSCAN.bscan_switch/portno_reg[5]/Q
                         net (fo=1, routed)           0.119     8.039    dbg_hub/inst/BSCANID.u_xsdbm_id/SWITCH_N_EXT_BSCAN.bscan_switch/portno[5]
    SLICE_X114Y190       LUT6 (Prop_G6LUT_SLICEL_I5_O)
                                                      0.149     8.188 f  dbg_hub/inst/BSCANID.u_xsdbm_id/SWITCH_N_EXT_BSCAN.bscan_switch/m_bscan_drck[0]_INST_0_i_1/O
                         net (fo=5, routed)           0.408     8.596    dbg_hub/inst/BSCANID.u_xsdbm_id/SWITCH_N_EXT_BSCAN.bscan_switch/m_bscan_drck[0]_INST_0_i_1_n_0
    SLICE_X109Y192       LUT4 (Prop_C5LUT_SLICEM_I3_O)
                                                      0.137     8.733 r  dbg_hub/inst/BSCANID.u_xsdbm_id/SWITCH_N_EXT_BSCAN.bscan_switch/m_bscan_sel[0]_INST_0/O
                         net (fo=11, routed)          2.583    11.316    dbg_hub/inst/BSCANID.u_xsdbm_id/CORE_XSDB.U_ICON/U_CMD/iTARGET_reg[6]_0
    SLICE_X92Y382        FDCE                                         f  dbg_hub/inst/BSCANID.u_xsdbm_id/CORE_XSDB.U_ICON/U_CMD/iTARGET_reg[11]/CLR  (IS_INVERTED)
  -------------------------------------------------------------------    -------------------

                         (clock dbg_hub/inst/BSCANID.u_xsdbm_id/SWITCH_N_EXT_BSCAN.bscan_inst/SERIES7_BSCAN.bscan_inst/INTERNAL_TCK rise edge)
                                                     50.000    50.000 r  
    CONFIG_SITE_X0Y0     BSCANE2                      0.000    50.000 r  dbg_hub/inst/BSCANID.u_xsdbm_id/SWITCH_N_EXT_BSCAN.bscan_inst/SERIES7_BSCAN.bscan_inst/INTERNAL_TCK
    CONFIG_SITE_X0Y0     BSCANE2 (Prop_BSCAN1_CONFIG_SITE_INTERNAL_TCK_TCK)
                                                      0.465    50.465 r  dbg_hub/inst/BSCANID.u_xsdbm_id/SWITCH_N_EXT_BSCAN.bscan_inst/SERIES7_BSCAN.bscan_inst/TCK
                         net (fo=1, routed)           0.959    51.424    dbg_hub/inst/BSCANID.u_xsdbm_id/tck_bs
    BUFGCE_X0Y49         BUFGCE (Prop_BUFCE_BUFGCE_I_O)
                                                      0.024    51.448 r  dbg_hub/inst/BSCANID.u_xsdbm_id/SWITCH_N_EXT_BSCAN.u_bufg_icon_tck/O
    X4Y4 (CLOCK_ROOT)    net (fo=490, routed)         1.761    53.209    dbg_hub/inst/BSCANID.u_xsdbm_id/CORE_XSDB.U_ICON/U_CMD/m_bscan_tck[0]
    SLICE_X92Y382        FDCE                                         r  dbg_hub/inst/BSCANID.u_xsdbm_id/CORE_XSDB.U_ICON/U_CMD/iTARGET_reg[11]/C
                         clock pessimism              4.388    57.597    
                         clock uncertainty           -0.035    57.562    
    SLICE_X92Y382        FDCE (Recov_EFF_SLICEL_C_CLR)
                                                     -0.066    57.496    dbg_hub/inst/BSCANID.u_xsdbm_id/CORE_XSDB.U_ICON/U_CMD/iTARGET_reg[11]
  -------------------------------------------------------------------
                         required time                         57.496    
                         arrival time                         -11.316    
  -------------------------------------------------------------------
                         slack                                 46.179    





Min Delay Paths
--------------------------------------------------------------------------------------
Slack (MET) :             0.164ns  (arrival time - required time)
  Source:                 dbg_hub/inst/BSCANID.u_xsdbm_id/CORE_XSDB.UUT_MASTER/U_ICON_INTERFACE/wrdata_rst_reg/C
                            (rising edge-triggered cell FDRE clocked by dbg_hub/inst/BSCANID.u_xsdbm_id/SWITCH_N_EXT_BSCAN.bscan_inst/SERIES7_BSCAN.bscan_inst/INTERNAL_TCK  {rise@0.000ns fall@25.000ns period=50.000ns})
  Destination:            dbg_hub/inst/BSCANID.u_xsdbm_id/CORE_XSDB.UUT_MASTER/U_ICON_INTERFACE/U_CMD6_WR/U_WR_FIFO/SUBCORE_FIFO.xsdbm_v3_0_0_wrfifo_inst/inst_fifo_gen/gconvfifo.rf/grf.rf/rstblk/ngwrdrst.grst.g7serrst.rst_wr_reg1_reg/PRE
                            (removal check against rising-edge clock dbg_hub/inst/BSCANID.u_xsdbm_id/SWITCH_N_EXT_BSCAN.bscan_inst/SERIES7_BSCAN.bscan_inst/INTERNAL_TCK  {rise@0.000ns fall@25.000ns period=50.000ns})
  Path Group:             **async_default**
  Path Type:              Removal (Min at Fast Process Corner)
  Requirement:            0.000ns  (dbg_hub/inst/BSCANID.u_xsdbm_id/SWITCH_N_EXT_BSCAN.bscan_inst/SERIES7_BSCAN.bscan_inst/INTERNAL_TCK rise@0.000ns - dbg_hub/inst/BSCANID.u_xsdbm_id/SWITCH_N_EXT_BSCAN.bscan_inst/SERIES7_BSCAN.bscan_inst/INTERNAL_TCK rise@0.000ns)
  Data Path Delay:        0.189ns  (logic 0.039ns (20.621%)  route 0.150ns (79.379%))
  Logic Levels:           0  
  Clock Path Skew:        0.045ns (DCD - SCD - CPR)
    Destination Clock Delay (DCD):    6.552ns
    Source Clock Delay      (SCD):    2.332ns
    Clock Pessimism Removal (CPR):    4.175ns
  Clock Net Delay (Source):      1.090ns (routing 0.408ns, distribution 0.682ns)
  Clock Net Delay (Destination): 1.229ns (routing 0.459ns, distribution 0.770ns)

    Location             Delay type                Incr(ns)  Path(ns)    Netlist Resource(s)
  -------------------------------------------------------------------    -------------------
                         (clock dbg_hub/inst/BSCANID.u_xsdbm_id/SWITCH_N_EXT_BSCAN.bscan_inst/SERIES7_BSCAN.bscan_inst/INTERNAL_TCK rise edge)
                                                      0.000     0.000 r  
    CONFIG_SITE_X0Y0     BSCANE2                      0.000     0.000 r  dbg_hub/inst/BSCANID.u_xsdbm_id/SWITCH_N_EXT_BSCAN.bscan_inst/SERIES7_BSCAN.bscan_inst/INTERNAL_TCK
    CONFIG_SITE_X0Y0     BSCANE2 (Prop_BSCAN1_CONFIG_SITE_INTERNAL_TCK_TCK)
                                                      0.465     0.465 r  dbg_hub/inst/BSCANID.u_xsdbm_id/SWITCH_N_EXT_BSCAN.bscan_inst/SERIES7_BSCAN.bscan_inst/TCK
                         net (fo=1, routed)           0.760     1.225    dbg_hub/inst/BSCANID.u_xsdbm_id/tck_bs
    BUFGCE_X0Y49         BUFGCE (Prop_BUFCE_BUFGCE_I_O)
                                                      0.017     1.242 r  dbg_hub/inst/BSCANID.u_xsdbm_id/SWITCH_N_EXT_BSCAN.u_bufg_icon_tck/O
    X4Y4 (CLOCK_ROOT)    net (fo=490, routed)         1.090     2.332    dbg_hub/inst/BSCANID.u_xsdbm_id/CORE_XSDB.UUT_MASTER/U_ICON_INTERFACE/m_bscan_tck[0]
    SLICE_X89Y388        FDRE                                         r  dbg_hub/inst/BSCANID.u_xsdbm_id/CORE_XSDB.UUT_MASTER/U_ICON_INTERFACE/wrdata_rst_reg/C
  -------------------------------------------------------------------    -------------------
    SLICE_X89Y388        FDRE (Prop_DFF_SLICEM_C_Q)
                                                      0.039     2.371 f  dbg_hub/inst/BSCANID.u_xsdbm_id/CORE_XSDB.UUT_MASTER/U_ICON_INTERFACE/wrdata_rst_reg/Q
                         net (fo=20, routed)          0.150     2.521    dbg_hub/inst/BSCANID.u_xsdbm_id/CORE_XSDB.UUT_MASTER/U_ICON_INTERFACE/U_CMD6_WR/U_WR_FIFO/SUBCORE_FIFO.xsdbm_v3_0_0_wrfifo_inst/inst_fifo_gen/gconvfifo.rf/grf.rf/rstblk/rst
    SLICE_X89Y393        FDPE                                         f  dbg_hub/inst/BSCANID.u_xsdbm_id/CORE_XSDB.UUT_MASTER/U_ICON_INTERFACE/U_CMD6_WR/U_WR_FIFO/SUBCORE_FIFO.xsdbm_v3_0_0_wrfifo_inst/inst_fifo_gen/gconvfifo.rf/grf.rf/rstblk/ngwrdrst.grst.g7serrst.rst_wr_reg1_reg/PRE
  -------------------------------------------------------------------    -------------------

                         (clock dbg_hub/inst/BSCANID.u_xsdbm_id/SWITCH_N_EXT_BSCAN.bscan_inst/SERIES7_BSCAN.bscan_inst/INTERNAL_TCK rise edge)
                                                      0.000     0.000 r  
    CONFIG_SITE_X0Y0     BSCANE2                      0.000     0.000 r  dbg_hub/inst/BSCANID.u_xsdbm_id/SWITCH_N_EXT_BSCAN.bscan_inst/SERIES7_BSCAN.bscan_inst/INTERNAL_TCK
    CONFIG_SITE_X0Y0     BSCANE2 (Prop_BSCAN1_CONFIG_SITE_INTERNAL_TCK_TCK)
                                                      4.300     4.300 r  dbg_hub/inst/BSCANID.u_xsdbm_id/SWITCH_N_EXT_BSCAN.bscan_inst/SERIES7_BSCAN.bscan_inst/TCK
                         net (fo=1, routed)           1.004     5.304    dbg_hub/inst/BSCANID.u_xsdbm_id/tck_bs
    BUFGCE_X0Y49         BUFGCE (Prop_BUFCE_BUFGCE_I_O)
                                                      0.019     5.323 r  dbg_hub/inst/BSCANID.u_xsdbm_id/SWITCH_N_EXT_BSCAN.u_bufg_icon_tck/O
    X4Y4 (CLOCK_ROOT)    net (fo=490, routed)         1.229     6.552    dbg_hub/inst/BSCANID.u_xsdbm_id/CORE_XSDB.UUT_MASTER/U_ICON_INTERFACE/U_CMD6_WR/U_WR_FIFO/SUBCORE_FIFO.xsdbm_v3_0_0_wrfifo_inst/inst_fifo_gen/gconvfifo.rf/grf.rf/rstblk/wr_clk
    SLICE_X89Y393        FDPE                                         r  dbg_hub/inst/BSCANID.u_xsdbm_id/CORE_XSDB.UUT_MASTER/U_ICON_INTERFACE/U_CMD6_WR/U_WR_FIFO/SUBCORE_FIFO.xsdbm_v3_0_0_wrfifo_inst/inst_fifo_gen/gconvfifo.rf/grf.rf/rstblk/ngwrdrst.grst.g7serrst.rst_wr_reg1_reg/C
                         clock pessimism             -4.175     2.377    
    SLICE_X89Y393        FDPE (Remov_DFF2_SLICEM_C_PRE)
                                                     -0.020     2.357    dbg_hub/inst/BSCANID.u_xsdbm_id/CORE_XSDB.UUT_MASTER/U_ICON_INTERFACE/U_CMD6_WR/U_WR_FIFO/SUBCORE_FIFO.xsdbm_v3_0_0_wrfifo_inst/inst_fifo_gen/gconvfifo.rf/grf.rf/rstblk/ngwrdrst.grst.g7serrst.rst_wr_reg1_reg
  -------------------------------------------------------------------
                         required time                         -2.357    
                         arrival time                           2.521    
  -------------------------------------------------------------------
                         slack                                  0.164    





---------------------------------------------------------------------------------------------------
Path Group:  **async_default**
From Clock:  mmcm_clkout0
  To Clock:  mmcm_clkout0

Setup :            0  Failing Endpoints,  Worst Slack        0.598ns,  Total Violation        0.000ns
Hold  :            0  Failing Endpoints,  Worst Slack        0.096ns,  Total Violation        0.000ns
---------------------------------------------------------------------------------------------------


Max Delay Paths
--------------------------------------------------------------------------------------
Slack (MET) :             0.598ns  (required time - arrival time)
  Source:                 ddr_ic/inst/axi_interconnect_inst/si_converter_bank/gen_conv_slot[1].clock_conv_inst/gen_async_readwrite.asyncfifo_rw/inst_fifo_gen/gaxi_full_lite.gwrite_ch.gwach2.axi_wach/grf.rf/rstblk/ngwrdrst.grst.g7serrst.gnsckt_wrst.gic_rst.sckt_rd_rst_ic_reg/C
                            (rising edge-triggered cell FDPE clocked by mmcm_clkout0  {rise@0.000ns fall@1.666ns period=3.332ns})
  Destination:            ddr_ic/inst/axi_interconnect_inst/si_converter_bank/gen_conv_slot[1].clock_conv_inst/gen_async_readwrite.asyncfifo_rw/inst_fifo_gen/gaxi_full_lite.gwrite_ch.gwach2.axi_wach/grf.rf/gntv_or_sync_fifo.gl0.rd/gras.rsts/ram_empty_fb_i_reg/PRE
                            (recovery check against rising-edge clock mmcm_clkout0  {rise@0.000ns fall@1.666ns period=3.332ns})
  Path Group:             **async_default**
  Path Type:              Recovery (Max at Slow Process Corner)
  Requirement:            3.332ns  (mmcm_clkout0 rise@3.332ns - mmcm_clkout0 rise@0.000ns)
  Data Path Delay:        2.394ns  (logic 0.080ns (3.342%)  route 2.314ns (96.658%))
  Logic Levels:           0  
  Clock Path Skew:        -0.223ns (DCD - SCD + CPR)
    Destination Clock Delay (DCD):    3.571ns = ( 6.903 - 3.332 ) 
    Source Clock Delay      (SCD):    3.314ns
    Clock Pessimism Removal (CPR):    -0.479ns
  Clock Uncertainty:      0.052ns  ((TSJ^2 + DJ^2)^1/2) / 2 + PE
    Total System Jitter     (TSJ):    0.071ns
    Discrete Jitter          (DJ):    0.077ns
    Phase Error              (PE):    0.000ns
  Clock Net Delay (Source):      2.085ns (routing 0.635ns, distribution 1.450ns)
  Clock Net Delay (Destination): 1.798ns (routing 0.578ns, distribution 1.220ns)

    Location             Delay type                Incr(ns)  Path(ns)    Netlist Resource(s)
  -------------------------------------------------------------------    -------------------
                         (clock mmcm_clkout0 rise edge)
                                                      0.000     0.000 r  
    G13                                               0.000     0.000 r  c0_sys_clk_p (IN)
                         net (fo=0)                   0.100     0.100    ddr_inst/inst/u_ddr4_mem_intfc/u_mig_ddr4_phy/inst/u_ddr4_phy_pll/diff_input_clk.u_ibufg_sys_clk/I
    HPIOBDIFFINBUF_X0Y108
                         DIFFINBUF (Prop_DIFFINBUF_HPIOBDIFFINBUF_DIFF_IN_P_O)
                                                      0.549     0.649 r  ddr_inst/inst/u_ddr4_mem_intfc/u_mig_ddr4_phy/inst/u_ddr4_phy_pll/diff_input_clk.u_ibufg_sys_clk/DIFFINBUF_INST/O
                         net (fo=1, routed)           0.050     0.699    ddr_inst/inst/u_ddr4_mem_intfc/u_mig_ddr4_phy/inst/u_ddr4_phy_pll/diff_input_clk.u_ibufg_sys_clk/OUT
    G13                  IBUFCTRL (Prop_IBUFCTRL_HPIOB_M_I_O)
                                                      0.000     0.699 r  ddr_inst/inst/u_ddr4_mem_intfc/u_mig_ddr4_phy/inst/u_ddr4_phy_pll/diff_input_clk.u_ibufg_sys_clk/IBUFCTRL_INST/O
                         net (fo=2, routed)           0.384     1.083    ddr_inst/inst/u_ddr4_infrastructure/mmcm_clk_in
    MMCM_X0Y4            MMCME4_ADV (Prop_MMCM_CLKIN1_CLKOUT0)
                                                     -0.127     0.956 r  ddr_inst/inst/u_ddr4_infrastructure/gen_mmcme4.u_mmcme_adv_inst/CLKOUT0
                         net (fo=1, routed)           0.245     1.201    ddr_inst/inst/u_ddr4_infrastructure/mmcm_clkout0
    BUFGCE_X0Y118        BUFGCE (Prop_BUFCE_BUFGCE_I_O)
                                                      0.028     1.229 r  ddr_inst/inst/u_ddr4_infrastructure/u_bufg_divClk/O
    X4Y5 (CLOCK_ROOT)    net (fo=50926, routed)       2.085     3.314    ddr_ic/inst/axi_interconnect_inst/si_converter_bank/gen_conv_slot[1].clock_conv_inst/gen_async_readwrite.asyncfifo_rw/inst_fifo_gen/gaxi_full_lite.gwrite_ch.gwach2.axi_wach/grf.rf/rstblk/m_aclk
    SLICE_X70Y426        FDPE                                         r  ddr_ic/inst/axi_interconnect_inst/si_converter_bank/gen_conv_slot[1].clock_conv_inst/gen_async_readwrite.asyncfifo_rw/inst_fifo_gen/gaxi_full_lite.gwrite_ch.gwach2.axi_wach/grf.rf/rstblk/ngwrdrst.grst.g7serrst.gnsckt_wrst.gic_rst.sckt_rd_rst_ic_reg/C
  -------------------------------------------------------------------    -------------------
    SLICE_X70Y426        FDPE (Prop_DFF2_SLICEM_C_Q)
                                                      0.080     3.394 f  ddr_ic/inst/axi_interconnect_inst/si_converter_bank/gen_conv_slot[1].clock_conv_inst/gen_async_readwrite.asyncfifo_rw/inst_fifo_gen/gaxi_full_lite.gwrite_ch.gwach2.axi_wach/grf.rf/rstblk/ngwrdrst.grst.g7serrst.gnsckt_wrst.gic_rst.sckt_rd_rst_ic_reg/Q
                         net (fo=23, routed)          2.314     5.708    ddr_ic/inst/axi_interconnect_inst/si_converter_bank/gen_conv_slot[1].clock_conv_inst/gen_async_readwrite.asyncfifo_rw/inst_fifo_gen/gaxi_full_lite.gwrite_ch.gwach2.axi_wach/grf.rf/gntv_or_sync_fifo.gl0.rd/gras.rsts/ram_empty_fb_i_reg_0
    SLICE_X80Y405        FDPE                                         f  ddr_ic/inst/axi_interconnect_inst/si_converter_bank/gen_conv_slot[1].clock_conv_inst/gen_async_readwrite.asyncfifo_rw/inst_fifo_gen/gaxi_full_lite.gwrite_ch.gwach2.axi_wach/grf.rf/gntv_or_sync_fifo.gl0.rd/gras.rsts/ram_empty_fb_i_reg/PRE
  -------------------------------------------------------------------    -------------------

                         (clock mmcm_clkout0 rise edge)
                                                      3.332     3.332 r  
    G13                                               0.000     3.332 r  c0_sys_clk_p (IN)
                         net (fo=0)                   0.079     3.411    ddr_inst/inst/u_ddr4_mem_intfc/u_mig_ddr4_phy/inst/u_ddr4_phy_pll/diff_input_clk.u_ibufg_sys_clk/I
    HPIOBDIFFINBUF_X0Y108
                         DIFFINBUF (Prop_DIFFINBUF_HPIOBDIFFINBUF_DIFF_IN_P_O)
                                                      0.453     3.864 r  ddr_inst/inst/u_ddr4_mem_intfc/u_mig_ddr4_phy/inst/u_ddr4_phy_pll/diff_input_clk.u_ibufg_sys_clk/DIFFINBUF_INST/O
                         net (fo=1, routed)           0.040     3.904    ddr_inst/inst/u_ddr4_mem_intfc/u_mig_ddr4_phy/inst/u_ddr4_phy_pll/diff_input_clk.u_ibufg_sys_clk/OUT
    G13                  IBUFCTRL (Prop_IBUFCTRL_HPIOB_M_I_O)
                                                      0.000     3.904 r  ddr_inst/inst/u_ddr4_mem_intfc/u_mig_ddr4_phy/inst/u_ddr4_phy_pll/diff_input_clk.u_ibufg_sys_clk/IBUFCTRL_INST/O
                         net (fo=2, routed)           0.333     4.237    ddr_inst/inst/u_ddr4_infrastructure/mmcm_clk_in
    MMCM_X0Y4            MMCME4_ADV (Prop_MMCM_CLKIN1_CLKOUT0)
                                                      0.630     4.867 r  ddr_inst/inst/u_ddr4_infrastructure/gen_mmcme4.u_mmcme_adv_inst/CLKOUT0
                         net (fo=1, routed)           0.215     5.082    ddr_inst/inst/u_ddr4_infrastructure/mmcm_clkout0
    BUFGCE_X0Y118        BUFGCE (Prop_BUFCE_BUFGCE_I_O)
                                                      0.024     5.106 r  ddr_inst/inst/u_ddr4_infrastructure/u_bufg_divClk/O
    X4Y5 (CLOCK_ROOT)    net (fo=50926, routed)       1.798     6.903    ddr_ic/inst/axi_interconnect_inst/si_converter_bank/gen_conv_slot[1].clock_conv_inst/gen_async_readwrite.asyncfifo_rw/inst_fifo_gen/gaxi_full_lite.gwrite_ch.gwach2.axi_wach/grf.rf/gntv_or_sync_fifo.gl0.rd/gras.rsts/m_aclk
    SLICE_X80Y405        FDPE                                         r  ddr_ic/inst/axi_interconnect_inst/si_converter_bank/gen_conv_slot[1].clock_conv_inst/gen_async_readwrite.asyncfifo_rw/inst_fifo_gen/gaxi_full_lite.gwrite_ch.gwach2.axi_wach/grf.rf/gntv_or_sync_fifo.gl0.rd/gras.rsts/ram_empty_fb_i_reg/C
                         clock pessimism             -0.479     6.424    
                         clock uncertainty           -0.052     6.372    
    SLICE_X80Y405        FDPE (Recov_AFF2_SLICEL_C_PRE)
                                                     -0.066     6.306    ddr_ic/inst/axi_interconnect_inst/si_converter_bank/gen_conv_slot[1].clock_conv_inst/gen_async_readwrite.asyncfifo_rw/inst_fifo_gen/gaxi_full_lite.gwrite_ch.gwach2.axi_wach/grf.rf/gntv_or_sync_fifo.gl0.rd/gras.rsts/ram_empty_fb_i_reg
  -------------------------------------------------------------------
                         required time                          6.306    
                         arrival time                          -5.708    
  -------------------------------------------------------------------
                         slack                                  0.598    





Min Delay Paths
--------------------------------------------------------------------------------------
Slack (MET) :             0.096ns  (arrival time - required time)
  Source:                 ddr_ic/inst/axi_interconnect_inst/si_converter_bank/gen_conv_slot[3].clock_conv_inst/gen_async_readwrite.asyncfifo_rw/inst_fifo_gen/gaxi_full_lite.gread_ch.grdch2.axi_rdch/grf.rf/rstblk/grstd1.grst_full.grst_f.rst_d2_reg/C
                            (rising edge-triggered cell FDPE clocked by mmcm_clkout0  {rise@0.000ns fall@1.666ns period=3.332ns})
  Destination:            ddr_ic/inst/axi_interconnect_inst/si_converter_bank/gen_conv_slot[3].clock_conv_inst/gen_async_readwrite.asyncfifo_rw/inst_fifo_gen/gaxi_full_lite.gread_ch.grdch2.axi_rdch/grf.rf/gntv_or_sync_fifo.gl0.wr/gwas.wsts/ram_full_fb_i_reg/PRE
                            (removal check against rising-edge clock mmcm_clkout0  {rise@0.000ns fall@1.666ns period=3.332ns})
  Path Group:             **async_default**
  Path Type:              Removal (Min at Fast Process Corner)
  Requirement:            0.000ns  (mmcm_clkout0 rise@0.000ns - mmcm_clkout0 rise@0.000ns)
  Data Path Delay:        0.124ns  (logic 0.039ns (31.428%)  route 0.085ns (68.572%))
  Logic Levels:           0  
  Clock Path Skew:        0.048ns (DCD - SCD - CPR)
    Destination Clock Delay (DCD):    1.986ns
    Source Clock Delay      (SCD):    2.182ns
    Clock Pessimism Removal (CPR):    -0.244ns
  Clock Net Delay (Source):      1.167ns (routing 0.349ns, distribution 0.818ns)
  Clock Net Delay (Destination): 1.318ns (routing 0.390ns, distribution 0.928ns)

    Location             Delay type                Incr(ns)  Path(ns)    Netlist Resource(s)
  -------------------------------------------------------------------    -------------------
                         (clock mmcm_clkout0 rise edge)
                                                      0.000     0.000 r  
    G13                                               0.000     0.000 r  c0_sys_clk_p (IN)
                         net (fo=0)                   0.079     0.079    ddr_inst/inst/u_ddr4_mem_intfc/u_mig_ddr4_phy/inst/u_ddr4_phy_pll/diff_input_clk.u_ibufg_sys_clk/I
    HPIOBDIFFINBUF_X0Y108
                         DIFFINBUF (Prop_DIFFINBUF_HPIOBDIFFINBUF_DIFF_IN_P_O)
                                                      0.308     0.387 r  ddr_inst/inst/u_ddr4_mem_intfc/u_mig_ddr4_phy/inst/u_ddr4_phy_pll/diff_input_clk.u_ibufg_sys_clk/DIFFINBUF_INST/O
                         net (fo=1, routed)           0.040     0.427    ddr_inst/inst/u_ddr4_mem_intfc/u_mig_ddr4_phy/inst/u_ddr4_phy_pll/diff_input_clk.u_ibufg_sys_clk/OUT
    G13                  IBUFCTRL (Prop_IBUFCTRL_HPIOB_M_I_O)
                                                      0.000     0.427 r  ddr_inst/inst/u_ddr4_mem_intfc/u_mig_ddr4_phy/inst/u_ddr4_phy_pll/diff_input_clk.u_ibufg_sys_clk/IBUFCTRL_INST/O
                         net (fo=2, routed)           0.196     0.623    ddr_inst/inst/u_ddr4_infrastructure/mmcm_clk_in
    MMCM_X0Y4            MMCME4_ADV (Prop_MMCM_CLKIN1_CLKOUT0)
                                                      0.230     0.853 r  ddr_inst/inst/u_ddr4_infrastructure/gen_mmcme4.u_mmcme_adv_inst/CLKOUT0
                         net (fo=1, routed)           0.146     0.999    ddr_inst/inst/u_ddr4_infrastructure/mmcm_clkout0
    BUFGCE_X0Y118        BUFGCE (Prop_BUFCE_BUFGCE_I_O)
                                                      0.017     1.016 r  ddr_inst/inst/u_ddr4_infrastructure/u_bufg_divClk/O
    X4Y5 (CLOCK_ROOT)    net (fo=50926, routed)       1.167     2.182    ddr_ic/inst/axi_interconnect_inst/si_converter_bank/gen_conv_slot[3].clock_conv_inst/gen_async_readwrite.asyncfifo_rw/inst_fifo_gen/gaxi_full_lite.gread_ch.grdch2.axi_rdch/grf.rf/rstblk/m_aclk
    SLICE_X58Y448        FDPE                                         r  ddr_ic/inst/axi_interconnect_inst/si_converter_bank/gen_conv_slot[3].clock_conv_inst/gen_async_readwrite.asyncfifo_rw/inst_fifo_gen/gaxi_full_lite.gread_ch.grdch2.axi_rdch/grf.rf/rstblk/grstd1.grst_full.grst_f.rst_d2_reg/C
  -------------------------------------------------------------------    -------------------
    SLICE_X58Y448        FDPE (Prop_AFF_SLICEL_C_Q)
                                                      0.039     2.221 f  ddr_ic/inst/axi_interconnect_inst/si_converter_bank/gen_conv_slot[3].clock_conv_inst/gen_async_readwrite.asyncfifo_rw/inst_fifo_gen/gaxi_full_lite.gread_ch.grdch2.axi_rdch/grf.rf/rstblk/grstd1.grst_full.grst_f.rst_d2_reg/Q
                         net (fo=3, routed)           0.085     2.306    ddr_ic/inst/axi_interconnect_inst/si_converter_bank/gen_conv_slot[3].clock_conv_inst/gen_async_readwrite.asyncfifo_rw/inst_fifo_gen/gaxi_full_lite.gread_ch.grdch2.axi_rdch/grf.rf/gntv_or_sync_fifo.gl0.wr/gwas.wsts/out
    SLICE_X55Y448        FDPE                                         f  ddr_ic/inst/axi_interconnect_inst/si_converter_bank/gen_conv_slot[3].clock_conv_inst/gen_async_readwrite.asyncfifo_rw/inst_fifo_gen/gaxi_full_lite.gread_ch.grdch2.axi_rdch/grf.rf/gntv_or_sync_fifo.gl0.wr/gwas.wsts/ram_full_fb_i_reg/PRE
  -------------------------------------------------------------------    -------------------

                         (clock mmcm_clkout0 rise edge)
                                                      0.000     0.000 r  
    G13                                               0.000     0.000 r  c0_sys_clk_p (IN)
                         net (fo=0)                   0.100     0.100    ddr_inst/inst/u_ddr4_mem_intfc/u_mig_ddr4_phy/inst/u_ddr4_phy_pll/diff_input_clk.u_ibufg_sys_clk/I
    HPIOBDIFFINBUF_X0Y108
                         DIFFINBUF (Prop_DIFFINBUF_HPIOBDIFFINBUF_DIFF_IN_P_O)
                                                      0.406     0.506 r  ddr_inst/inst/u_ddr4_mem_intfc/u_mig_ddr4_phy/inst/u_ddr4_phy_pll/diff_input_clk.u_ibufg_sys_clk/DIFFINBUF_INST/O
                         net (fo=1, routed)           0.050     0.556    ddr_inst/inst/u_ddr4_mem_intfc/u_mig_ddr4_phy/inst/u_ddr4_phy_pll/diff_input_clk.u_ibufg_sys_clk/OUT
    G13                  IBUFCTRL (Prop_IBUFCTRL_HPIOB_M_I_O)
                                                      0.000     0.556 r  ddr_inst/inst/u_ddr4_mem_intfc/u_mig_ddr4_phy/inst/u_ddr4_phy_pll/diff_input_clk.u_ibufg_sys_clk/IBUFCTRL_INST/O
                         net (fo=2, routed)           0.222     0.778    ddr_inst/inst/u_ddr4_infrastructure/mmcm_clk_in
    MMCM_X0Y4            MMCME4_ADV (Prop_MMCM_CLKIN1_CLKOUT0)
                                                     -0.295     0.483 r  ddr_inst/inst/u_ddr4_infrastructure/gen_mmcme4.u_mmcme_adv_inst/CLKOUT0
                         net (fo=1, routed)           0.166     0.649    ddr_inst/inst/u_ddr4_infrastructure/mmcm_clkout0
    BUFGCE_X0Y118        BUFGCE (Prop_BUFCE_BUFGCE_I_O)
                                                      0.019     0.668 r  ddr_inst/inst/u_ddr4_infrastructure/u_bufg_divClk/O
    X4Y5 (CLOCK_ROOT)    net (fo=50926, routed)       1.318     1.986    ddr_ic/inst/axi_interconnect_inst/si_converter_bank/gen_conv_slot[3].clock_conv_inst/gen_async_readwrite.asyncfifo_rw/inst_fifo_gen/gaxi_full_lite.gread_ch.grdch2.axi_rdch/grf.rf/gntv_or_sync_fifo.gl0.wr/gwas.wsts/m_aclk
    SLICE_X55Y448        FDPE                                         r  ddr_ic/inst/axi_interconnect_inst/si_converter_bank/gen_conv_slot[3].clock_conv_inst/gen_async_readwrite.asyncfifo_rw/inst_fifo_gen/gaxi_full_lite.gread_ch.grdch2.axi_rdch/grf.rf/gntv_or_sync_fifo.gl0.wr/gwas.wsts/ram_full_fb_i_reg/C
                         clock pessimism              0.244     2.230    
    SLICE_X55Y448        FDPE (Remov_AFF_SLICEL_C_PRE)
                                                     -0.020     2.210    ddr_ic/inst/axi_interconnect_inst/si_converter_bank/gen_conv_slot[3].clock_conv_inst/gen_async_readwrite.asyncfifo_rw/inst_fifo_gen/gaxi_full_lite.gread_ch.grdch2.axi_rdch/grf.rf/gntv_or_sync_fifo.gl0.wr/gwas.wsts/ram_full_fb_i_reg
  -------------------------------------------------------------------
                         required time                         -2.210    
                         arrival time                           2.306    
  -------------------------------------------------------------------
                         slack                                  0.096    





---------------------------------------------------------------------------------------------------
Path Group:  **async_default**
From Clock:  mmcm_clkout5
  To Clock:  mmcm_clkout5

Setup :            0  Failing Endpoints,  Worst Slack       11.710ns,  Total Violation        0.000ns
Hold  :            0  Failing Endpoints,  Worst Slack        0.120ns,  Total Violation        0.000ns
---------------------------------------------------------------------------------------------------


Max Delay Paths
--------------------------------------------------------------------------------------
Slack (MET) :             11.710ns  (required time - arrival time)
  Source:                 dbg_hub/inst/BSCANID.u_xsdbm_id/CORE_XSDB.UUT_MASTER/U_ICON_INTERFACE/rddata_rst_reg/C
                            (rising edge-triggered cell FDRE clocked by mmcm_clkout5  {rise@0.000ns fall@6.664ns period=13.328ns})
  Destination:            dbg_hub/inst/BSCANID.u_xsdbm_id/CORE_XSDB.UUT_MASTER/U_ICON_INTERFACE/U_CMD6_RD/U_RD_FIFO/SUBCORE_FIFO.xsdbm_v3_0_0_rdfifo_inst/inst_fifo_gen/gconvfifo.rf/grf.rf/rstblk/ngwrdrst.grst.g7serrst.rst_wr_reg1_reg/PRE
                            (recovery check against rising-edge clock mmcm_clkout5  {rise@0.000ns fall@6.664ns period=13.328ns})
  Path Group:             **async_default**
  Path Type:              Recovery (Max at Slow Process Corner)
  Requirement:            13.328ns  (mmcm_clkout5 rise@13.328ns - mmcm_clkout5 rise@0.000ns)
  Data Path Delay:        1.326ns  (logic 0.079ns (5.958%)  route 1.247ns (94.042%))
  Logic Levels:           0  
  Clock Path Skew:        -0.165ns (DCD - SCD + CPR)
    Destination Clock Delay (DCD):    3.537ns = ( 16.865 - 13.328 ) 
    Source Clock Delay      (SCD):    3.292ns
    Clock Pessimism Removal (CPR):    -0.410ns
  Clock Uncertainty:      0.061ns  ((TSJ^2 + DJ^2)^1/2) / 2 + PE
    Total System Jitter     (TSJ):    0.071ns
    Discrete Jitter          (DJ):    0.100ns
    Phase Error              (PE):    0.000ns
  Clock Net Delay (Source):      2.072ns (routing 0.755ns, distribution 1.317ns)
  Clock Net Delay (Destination): 1.770ns (routing 0.686ns, distribution 1.084ns)

    Location             Delay type                Incr(ns)  Path(ns)    Netlist Resource(s)
  -------------------------------------------------------------------    -------------------
                         (clock mmcm_clkout5 rise edge)
                                                      0.000     0.000 r  
    G13                                               0.000     0.000 r  c0_sys_clk_p (IN)
                         net (fo=0)                   0.100     0.100    ddr_inst/inst/u_ddr4_mem_intfc/u_mig_ddr4_phy/inst/u_ddr4_phy_pll/diff_input_clk.u_ibufg_sys_clk/I
    HPIOBDIFFINBUF_X0Y108
                         DIFFINBUF (Prop_DIFFINBUF_HPIOBDIFFINBUF_DIFF_IN_P_O)
                                                      0.549     0.649 r  ddr_inst/inst/u_ddr4_mem_intfc/u_mig_ddr4_phy/inst/u_ddr4_phy_pll/diff_input_clk.u_ibufg_sys_clk/DIFFINBUF_INST/O
                         net (fo=1, routed)           0.050     0.699    ddr_inst/inst/u_ddr4_mem_intfc/u_mig_ddr4_phy/inst/u_ddr4_phy_pll/diff_input_clk.u_ibufg_sys_clk/OUT
    G13                  IBUFCTRL (Prop_IBUFCTRL_HPIOB_M_I_O)
                                                      0.000     0.699 r  ddr_inst/inst/u_ddr4_mem_intfc/u_mig_ddr4_phy/inst/u_ddr4_phy_pll/diff_input_clk.u_ibufg_sys_clk/IBUFCTRL_INST/O
                         net (fo=2, routed)           0.384     1.083    ddr_inst/inst/u_ddr4_infrastructure/mmcm_clk_in
    MMCM_X0Y4            MMCME4_ADV (Prop_MMCM_CLKIN1_CLKOUT5)
                                                     -0.127     0.956 r  ddr_inst/inst/u_ddr4_infrastructure/gen_mmcme4.u_mmcme_adv_inst/CLKOUT5
                         net (fo=1, routed)           0.236     1.192    ddr_inst/inst/u_ddr4_infrastructure/mmcm_clkout5
    BUFGCE_X0Y107        BUFGCE (Prop_BUFCE_BUFGCE_I_O)
                                                      0.028     1.220 r  ddr_inst/inst/u_ddr4_infrastructure/u_bufg_dbg_clk/O
    X3Y5 (CLOCK_ROOT)    net (fo=3638, routed)        2.072     3.292    dbg_hub/inst/BSCANID.u_xsdbm_id/CORE_XSDB.UUT_MASTER/U_ICON_INTERFACE/clk
    SLICE_X81Y382        FDRE                                         r  dbg_hub/inst/BSCANID.u_xsdbm_id/CORE_XSDB.UUT_MASTER/U_ICON_INTERFACE/rddata_rst_reg/C
  -------------------------------------------------------------------    -------------------
    SLICE_X81Y382        FDRE (Prop_DFF_SLICEL_C_Q)
                                                      0.079     3.371 f  dbg_hub/inst/BSCANID.u_xsdbm_id/CORE_XSDB.UUT_MASTER/U_ICON_INTERFACE/rddata_rst_reg/Q
                         net (fo=20, routed)          1.247     4.618    dbg_hub/inst/BSCANID.u_xsdbm_id/CORE_XSDB.UUT_MASTER/U_ICON_INTERFACE/U_CMD6_RD/U_RD_FIFO/SUBCORE_FIFO.xsdbm_v3_0_0_rdfifo_inst/inst_fifo_gen/gconvfifo.rf/grf.rf/rstblk/rst
    SLICE_X80Y383        FDPE                                         f  dbg_hub/inst/BSCANID.u_xsdbm_id/CORE_XSDB.UUT_MASTER/U_ICON_INTERFACE/U_CMD6_RD/U_RD_FIFO/SUBCORE_FIFO.xsdbm_v3_0_0_rdfifo_inst/inst_fifo_gen/gconvfifo.rf/grf.rf/rstblk/ngwrdrst.grst.g7serrst.rst_wr_reg1_reg/PRE
  -------------------------------------------------------------------    -------------------

                         (clock mmcm_clkout5 rise edge)
                                                     13.328    13.328 r  
    G13                                               0.000    13.328 r  c0_sys_clk_p (IN)
                         net (fo=0)                   0.079    13.407    ddr_inst/inst/u_ddr4_mem_intfc/u_mig_ddr4_phy/inst/u_ddr4_phy_pll/diff_input_clk.u_ibufg_sys_clk/I
    HPIOBDIFFINBUF_X0Y108
                         DIFFINBUF (Prop_DIFFINBUF_HPIOBDIFFINBUF_DIFF_IN_P_O)
                                                      0.453    13.860 r  ddr_inst/inst/u_ddr4_mem_intfc/u_mig_ddr4_phy/inst/u_ddr4_phy_pll/diff_input_clk.u_ibufg_sys_clk/DIFFINBUF_INST/O
                         net (fo=1, routed)           0.040    13.900    ddr_inst/inst/u_ddr4_mem_intfc/u_mig_ddr4_phy/inst/u_ddr4_phy_pll/diff_input_clk.u_ibufg_sys_clk/OUT
    G13                  IBUFCTRL (Prop_IBUFCTRL_HPIOB_M_I_O)
                                                      0.000    13.900 r  ddr_inst/inst/u_ddr4_mem_intfc/u_mig_ddr4_phy/inst/u_ddr4_phy_pll/diff_input_clk.u_ibufg_sys_clk/IBUFCTRL_INST/O
                         net (fo=2, routed)           0.333    14.233    ddr_inst/inst/u_ddr4_infrastructure/mmcm_clk_in
    MMCM_X0Y4            MMCME4_ADV (Prop_MMCM_CLKIN1_CLKOUT5)
                                                      0.630    14.863 r  ddr_inst/inst/u_ddr4_infrastructure/gen_mmcme4.u_mmcme_adv_inst/CLKOUT5
                         net (fo=1, routed)           0.208    15.071    ddr_inst/inst/u_ddr4_infrastructure/mmcm_clkout5
    BUFGCE_X0Y107        BUFGCE (Prop_BUFCE_BUFGCE_I_O)
                                                      0.024    15.095 r  ddr_inst/inst/u_ddr4_infrastructure/u_bufg_dbg_clk/O
    X3Y5 (CLOCK_ROOT)    net (fo=3638, routed)        1.770    16.865    dbg_hub/inst/BSCANID.u_xsdbm_id/CORE_XSDB.UUT_MASTER/U_ICON_INTERFACE/U_CMD6_RD/U_RD_FIFO/SUBCORE_FIFO.xsdbm_v3_0_0_rdfifo_inst/inst_fifo_gen/gconvfifo.rf/grf.rf/rstblk/wr_clk
    SLICE_X80Y383        FDPE                                         r  dbg_hub/inst/BSCANID.u_xsdbm_id/CORE_XSDB.UUT_MASTER/U_ICON_INTERFACE/U_CMD6_RD/U_RD_FIFO/SUBCORE_FIFO.xsdbm_v3_0_0_rdfifo_inst/inst_fifo_gen/gconvfifo.rf/grf.rf/rstblk/ngwrdrst.grst.g7serrst.rst_wr_reg1_reg/C
                         clock pessimism             -0.410    16.455    
                         clock uncertainty           -0.061    16.394    
    SLICE_X80Y383        FDPE (Recov_HFF2_SLICEL_C_PRE)
                                                     -0.066    16.328    dbg_hub/inst/BSCANID.u_xsdbm_id/CORE_XSDB.UUT_MASTER/U_ICON_INTERFACE/U_CMD6_RD/U_RD_FIFO/SUBCORE_FIFO.xsdbm_v3_0_0_rdfifo_inst/inst_fifo_gen/gconvfifo.rf/grf.rf/rstblk/ngwrdrst.grst.g7serrst.rst_wr_reg1_reg
  -------------------------------------------------------------------
                         required time                         16.328    
                         arrival time                          -4.618    
  -------------------------------------------------------------------
                         slack                                 11.710    





Min Delay Paths
--------------------------------------------------------------------------------------
Slack (MET) :             0.120ns  (arrival time - required time)
  Source:                 dbg_hub/inst/BSCANID.u_xsdbm_id/CORE_XSDB.UUT_MASTER/U_ICON_INTERFACE/U_CMD6_RD/U_RD_FIFO/SUBCORE_FIFO.xsdbm_v3_0_0_rdfifo_inst/inst_fifo_gen/gconvfifo.rf/grf.rf/rstblk/ngwrdrst.grst.g7serrst.wr_rst_reg_reg[0]/C
                            (rising edge-triggered cell FDPE clocked by mmcm_clkout5  {rise@0.000ns fall@6.664ns period=13.328ns})
  Destination:            dbg_hub/inst/BSCANID.u_xsdbm_id/CORE_XSDB.UUT_MASTER/U_ICON_INTERFACE/U_CMD6_RD/U_RD_FIFO/SUBCORE_FIFO.xsdbm_v3_0_0_rdfifo_inst/inst_fifo_gen/gconvfifo.rf/grf.rf/gntv_or_sync_fifo.gcx.clkx/gnxpm_cdc.gsync_stage[1].wr_stg_inst/Q_reg_reg[3]/CLR
                            (removal check against rising-edge clock mmcm_clkout5  {rise@0.000ns fall@6.664ns period=13.328ns})
  Path Group:             **async_default**
  Path Type:              Removal (Min at Fast Process Corner)
  Requirement:            0.000ns  (mmcm_clkout5 rise@0.000ns - mmcm_clkout5 rise@0.000ns)
  Data Path Delay:        0.146ns  (logic 0.039ns (26.646%)  route 0.107ns (73.355%))
  Logic Levels:           0  
  Clock Path Skew:        0.046ns (DCD - SCD - CPR)
    Destination Clock Delay (DCD):    1.894ns
    Source Clock Delay      (SCD):    2.109ns
    Clock Pessimism Removal (CPR):    -0.261ns
  Clock Net Delay (Source):      1.099ns (routing 0.414ns, distribution 0.685ns)
  Clock Net Delay (Destination): 1.232ns (routing 0.461ns, distribution 0.771ns)

    Location             Delay type                Incr(ns)  Path(ns)    Netlist Resource(s)
  -------------------------------------------------------------------    -------------------
                         (clock mmcm_clkout5 rise edge)
                                                      0.000     0.000 r  
    G13                                               0.000     0.000 r  c0_sys_clk_p (IN)
                         net (fo=0)                   0.079     0.079    ddr_inst/inst/u_ddr4_mem_intfc/u_mig_ddr4_phy/inst/u_ddr4_phy_pll/diff_input_clk.u_ibufg_sys_clk/I
    HPIOBDIFFINBUF_X0Y108
                         DIFFINBUF (Prop_DIFFINBUF_HPIOBDIFFINBUF_DIFF_IN_P_O)
                                                      0.308     0.387 r  ddr_inst/inst/u_ddr4_mem_intfc/u_mig_ddr4_phy/inst/u_ddr4_phy_pll/diff_input_clk.u_ibufg_sys_clk/DIFFINBUF_INST/O
                         net (fo=1, routed)           0.040     0.427    ddr_inst/inst/u_ddr4_mem_intfc/u_mig_ddr4_phy/inst/u_ddr4_phy_pll/diff_input_clk.u_ibufg_sys_clk/OUT
    G13                  IBUFCTRL (Prop_IBUFCTRL_HPIOB_M_I_O)
                                                      0.000     0.427 r  ddr_inst/inst/u_ddr4_mem_intfc/u_mig_ddr4_phy/inst/u_ddr4_phy_pll/diff_input_clk.u_ibufg_sys_clk/IBUFCTRL_INST/O
                         net (fo=2, routed)           0.196     0.623    ddr_inst/inst/u_ddr4_infrastructure/mmcm_clk_in
    MMCM_X0Y4            MMCME4_ADV (Prop_MMCM_CLKIN1_CLKOUT5)
                                                      0.230     0.853 r  ddr_inst/inst/u_ddr4_infrastructure/gen_mmcme4.u_mmcme_adv_inst/CLKOUT5
                         net (fo=1, routed)           0.140     0.993    ddr_inst/inst/u_ddr4_infrastructure/mmcm_clkout5
    BUFGCE_X0Y107        BUFGCE (Prop_BUFCE_BUFGCE_I_O)
                                                      0.017     1.010 r  ddr_inst/inst/u_ddr4_infrastructure/u_bufg_dbg_clk/O
    X3Y5 (CLOCK_ROOT)    net (fo=3638, routed)        1.099     2.109    dbg_hub/inst/BSCANID.u_xsdbm_id/CORE_XSDB.UUT_MASTER/U_ICON_INTERFACE/U_CMD6_RD/U_RD_FIFO/SUBCORE_FIFO.xsdbm_v3_0_0_rdfifo_inst/inst_fifo_gen/gconvfifo.rf/grf.rf/rstblk/wr_clk
    SLICE_X77Y379        FDPE                                         r  dbg_hub/inst/BSCANID.u_xsdbm_id/CORE_XSDB.UUT_MASTER/U_ICON_INTERFACE/U_CMD6_RD/U_RD_FIFO/SUBCORE_FIFO.xsdbm_v3_0_0_rdfifo_inst/inst_fifo_gen/gconvfifo.rf/grf.rf/rstblk/ngwrdrst.grst.g7serrst.wr_rst_reg_reg[0]/C
  -------------------------------------------------------------------    -------------------
    SLICE_X77Y379        FDPE (Prop_EFF_SLICEL_C_Q)
                                                      0.039     2.148 f  dbg_hub/inst/BSCANID.u_xsdbm_id/CORE_XSDB.UUT_MASTER/U_ICON_INTERFACE/U_CMD6_RD/U_RD_FIFO/SUBCORE_FIFO.xsdbm_v3_0_0_rdfifo_inst/inst_fifo_gen/gconvfifo.rf/grf.rf/rstblk/ngwrdrst.grst.g7serrst.wr_rst_reg_reg[0]/Q
                         net (fo=18, routed)          0.107     2.255    dbg_hub/inst/BSCANID.u_xsdbm_id/CORE_XSDB.UUT_MASTER/U_ICON_INTERFACE/U_CMD6_RD/U_RD_FIFO/SUBCORE_FIFO.xsdbm_v3_0_0_rdfifo_inst/inst_fifo_gen/gconvfifo.rf/grf.rf/gntv_or_sync_fifo.gcx.clkx/gnxpm_cdc.gsync_stage[1].wr_stg_inst/AR[0]
    SLICE_X78Y379        FDCE                                         f  dbg_hub/inst/BSCANID.u_xsdbm_id/CORE_XSDB.UUT_MASTER/U_ICON_INTERFACE/U_CMD6_RD/U_RD_FIFO/SUBCORE_FIFO.xsdbm_v3_0_0_rdfifo_inst/inst_fifo_gen/gconvfifo.rf/grf.rf/gntv_or_sync_fifo.gcx.clkx/gnxpm_cdc.gsync_stage[1].wr_stg_inst/Q_reg_reg[3]/CLR
  -------------------------------------------------------------------    -------------------

                         (clock mmcm_clkout5 rise edge)
                                                      0.000     0.000 r  
    G13                                               0.000     0.000 r  c0_sys_clk_p (IN)
                         net (fo=0)                   0.100     0.100    ddr_inst/inst/u_ddr4_mem_intfc/u_mig_ddr4_phy/inst/u_ddr4_phy_pll/diff_input_clk.u_ibufg_sys_clk/I
    HPIOBDIFFINBUF_X0Y108
                         DIFFINBUF (Prop_DIFFINBUF_HPIOBDIFFINBUF_DIFF_IN_P_O)
                                                      0.406     0.506 r  ddr_inst/inst/u_ddr4_mem_intfc/u_mig_ddr4_phy/inst/u_ddr4_phy_pll/diff_input_clk.u_ibufg_sys_clk/DIFFINBUF_INST/O
                         net (fo=1, routed)           0.050     0.556    ddr_inst/inst/u_ddr4_mem_intfc/u_mig_ddr4_phy/inst/u_ddr4_phy_pll/diff_input_clk.u_ibufg_sys_clk/OUT
    G13                  IBUFCTRL (Prop_IBUFCTRL_HPIOB_M_I_O)
                                                      0.000     0.556 r  ddr_inst/inst/u_ddr4_mem_intfc/u_mig_ddr4_phy/inst/u_ddr4_phy_pll/diff_input_clk.u_ibufg_sys_clk/IBUFCTRL_INST/O
                         net (fo=2, routed)           0.222     0.778    ddr_inst/inst/u_ddr4_infrastructure/mmcm_clk_in
    MMCM_X0Y4            MMCME4_ADV (Prop_MMCM_CLKIN1_CLKOUT5)
                                                     -0.295     0.483 r  ddr_inst/inst/u_ddr4_infrastructure/gen_mmcme4.u_mmcme_adv_inst/CLKOUT5
                         net (fo=1, routed)           0.160     0.643    ddr_inst/inst/u_ddr4_infrastructure/mmcm_clkout5
    BUFGCE_X0Y107        BUFGCE (Prop_BUFCE_BUFGCE_I_O)
                                                      0.019     0.662 r  ddr_inst/inst/u_ddr4_infrastructure/u_bufg_dbg_clk/O
    X3Y5 (CLOCK_ROOT)    net (fo=3638, routed)        1.232     1.894    dbg_hub/inst/BSCANID.u_xsdbm_id/CORE_XSDB.UUT_MASTER/U_ICON_INTERFACE/U_CMD6_RD/U_RD_FIFO/SUBCORE_FIFO.xsdbm_v3_0_0_rdfifo_inst/inst_fifo_gen/gconvfifo.rf/grf.rf/gntv_or_sync_fifo.gcx.clkx/gnxpm_cdc.gsync_stage[1].wr_stg_inst/wr_clk
    SLICE_X78Y379        FDCE                                         r  dbg_hub/inst/BSCANID.u_xsdbm_id/CORE_XSDB.UUT_MASTER/U_ICON_INTERFACE/U_CMD6_RD/U_RD_FIFO/SUBCORE_FIFO.xsdbm_v3_0_0_rdfifo_inst/inst_fifo_gen/gconvfifo.rf/grf.rf/gntv_or_sync_fifo.gcx.clkx/gnxpm_cdc.gsync_stage[1].wr_stg_inst/Q_reg_reg[3]/C
                         clock pessimism              0.261     2.155    
    SLICE_X78Y379        FDCE (Remov_HFF2_SLICEM_C_CLR)
                                                     -0.020     2.135    dbg_hub/inst/BSCANID.u_xsdbm_id/CORE_XSDB.UUT_MASTER/U_ICON_INTERFACE/U_CMD6_RD/U_RD_FIFO/SUBCORE_FIFO.xsdbm_v3_0_0_rdfifo_inst/inst_fifo_gen/gconvfifo.rf/grf.rf/gntv_or_sync_fifo.gcx.clkx/gnxpm_cdc.gsync_stage[1].wr_stg_inst/Q_reg_reg[3]
  -------------------------------------------------------------------
                         required time                         -2.135    
                         arrival time                           2.255    
  -------------------------------------------------------------------
                         slack                                  0.120    





---------------------------------------------------------------------------------------------------
Path Group:  **async_default**
From Clock:  txoutclk_out[0]
  To Clock:  txoutclk_out[0]

Setup :            0  Failing Endpoints,  Worst Slack        1.818ns,  Total Violation        0.000ns
Hold  :            0  Failing Endpoints,  Worst Slack        0.438ns,  Total Violation        0.000ns
---------------------------------------------------------------------------------------------------


Max Delay Paths
--------------------------------------------------------------------------------------
Slack (MET) :             1.818ns  (required time - arrival time)
  Source:                 rst_mac_sync/sync_reg_reg[3]/C
                            (rising edge-triggered cell FDPE clocked by txoutclk_out[0]  {rise@0.000ns fall@1.552ns period=3.103ns})
  Destination:            roce_fifo/m_rst_sync1_reg_reg/PRE
                            (recovery check against rising-edge clock txoutclk_out[0]  {rise@0.000ns fall@1.552ns period=3.103ns})
  Path Group:             **async_default**
  Path Type:              Recovery (Max at Slow Process Corner)
  Requirement:            3.103ns  (txoutclk_out[0] rise@3.103ns - txoutclk_out[0] rise@0.000ns)
  Data Path Delay:        1.073ns  (logic 0.080ns (7.453%)  route 0.993ns (92.547%))
  Logic Levels:           0  
  Clock Path Skew:        -0.099ns (DCD - SCD + CPR)
    Destination Clock Delay (DCD):    2.138ns = ( 5.241 - 3.103 ) 
    Source Clock Delay      (SCD):    2.334ns
    Clock Pessimism Removal (CPR):    0.097ns
  Clock Uncertainty:      0.046ns  ((TSJ^2 + DJ^2)^1/2) / 2 + PE
    Total System Jitter     (TSJ):    0.071ns
    Discrete Jitter          (DJ):    0.060ns
    Phase Error              (PE):    0.000ns
  Clock Net Delay (Source):      2.119ns (routing 0.810ns, distribution 1.309ns)
  Clock Net Delay (Destination): 1.946ns (routing 0.736ns, distribution 1.210ns)

    Location             Delay type                Incr(ns)  Path(ns)    Netlist Resource(s)
  -------------------------------------------------------------------    -------------------
                         (clock txoutclk_out[0] rise edge)
                                                      0.000     0.000 r  
    GTYE4_CHANNEL_X0Y4   GTYE4_CHANNEL                0.000     0.000 r  cmac_inst/inst/cmac_usplus_0_gt_i/inst/gen_gtwizard_gtye4_top.cmac_usplus_0_gt_gtwizard_gtye4_inst/gen_gtwizard_gtye4.gen_channel_container[1].gen_enabled_channel.gtye4_channel_wrapper_inst/channel_inst/gtye4_channel_gen.gen_gtye4_channel_inst[0].GTYE4_CHANNEL_PRIM_INST/TXOUTCLK
                         net (fo=2, routed)           0.085     0.085    cmac_inst/inst/cmac_gtwiz_userclk_tx_inst/txoutclk_out[0]
    BUFG_GT_X0Y103       BUFG_GT (Prop_BUFG_GT_I_O)
                                                      0.130     0.215 r  cmac_inst/inst/cmac_gtwiz_userclk_tx_inst/gen_gtwiz_userclk_tx_main.bufg_gt_usrclk_inst/O
    X1Y3 (CLOCK_ROOT)    net (fo=10054, routed)       2.119     2.334    rst_mac_sync/gt_txusrclk2
    SLICE_X8Y196         FDPE                                         r  rst_mac_sync/sync_reg_reg[3]/C
  -------------------------------------------------------------------    -------------------
    SLICE_X8Y196         FDPE (Prop_DFF2_SLICEM_C_Q)
                                                      0.080     2.414 f  rst_mac_sync/sync_reg_reg[3]/Q
                         net (fo=396, routed)         0.993     3.407    roce_fifo/overflow_reg_reg_0[0]
    SLICE_X1Y244         FDPE                                         f  roce_fifo/m_rst_sync1_reg_reg/PRE
  -------------------------------------------------------------------    -------------------

                         (clock txoutclk_out[0] rise edge)
                                                      3.103     3.103 r  
    GTYE4_CHANNEL_X0Y4   GTYE4_CHANNEL                0.000     3.103 r  cmac_inst/inst/cmac_usplus_0_gt_i/inst/gen_gtwizard_gtye4_top.cmac_usplus_0_gt_gtwizard_gtye4_inst/gen_gtwizard_gtye4.gen_channel_container[1].gen_enabled_channel.gtye4_channel_wrapper_inst/channel_inst/gtye4_channel_gen.gen_gtye4_channel_inst[0].GTYE4_CHANNEL_PRIM_INST/TXOUTCLK
                         net (fo=2, routed)           0.078     3.181    cmac_inst/inst/cmac_gtwiz_userclk_tx_inst/txoutclk_out[0]
    BUFG_GT_X0Y103       BUFG_GT (Prop_BUFG_GT_I_O)
                                                      0.114     3.295 r  cmac_inst/inst/cmac_gtwiz_userclk_tx_inst/gen_gtwiz_userclk_tx_main.bufg_gt_usrclk_inst/O
    X1Y3 (CLOCK_ROOT)    net (fo=10054, routed)       1.946     5.241    roce_fifo/gt_txusrclk2
    SLICE_X1Y244         FDPE                                         r  roce_fifo/m_rst_sync1_reg_reg/C
                         clock pessimism              0.097     5.338    
                         clock uncertainty           -0.046     5.292    
    SLICE_X1Y244         FDPE (Recov_EFF_SLICEM_C_PRE)
                                                     -0.066     5.226    roce_fifo/m_rst_sync1_reg_reg
  -------------------------------------------------------------------
                         required time                          5.226    
                         arrival time                          -3.407    
  -------------------------------------------------------------------
                         slack                                  1.818    





Min Delay Paths
--------------------------------------------------------------------------------------
Slack (MET) :             0.438ns  (arrival time - required time)
  Source:                 rst_mac_sync/sync_reg_reg[3]/C
                            (rising edge-triggered cell FDPE clocked by txoutclk_out[0]  {rise@0.000ns fall@1.552ns period=3.103ns})
  Destination:            roce_fifo/m_rst_sync1_reg_reg/PRE
                            (removal check against rising-edge clock txoutclk_out[0]  {rise@0.000ns fall@1.552ns period=3.103ns})
  Path Group:             **async_default**
  Path Type:              Removal (Min at Fast Process Corner)
  Requirement:            0.000ns  (txoutclk_out[0] rise@0.000ns - txoutclk_out[0] rise@0.000ns)
  Data Path Delay:        0.546ns  (logic 0.041ns (7.513%)  route 0.505ns (92.487%))
  Logic Levels:           0  
  Clock Path Skew:        0.128ns (DCD - SCD - CPR)
    Destination Clock Delay (DCD):    1.482ns
    Source Clock Delay      (SCD):    1.290ns
    Clock Pessimism Removal (CPR):    0.064ns
  Clock Net Delay (Source):      1.165ns (routing 0.443ns, distribution 0.722ns)
  Clock Net Delay (Destination): 1.343ns (routing 0.493ns, distribution 0.850ns)

    Location             Delay type                Incr(ns)  Path(ns)    Netlist Resource(s)
  -------------------------------------------------------------------    -------------------
                         (clock txoutclk_out[0] rise edge)
                                                      0.000     0.000 r  
    GTYE4_CHANNEL_X0Y4   GTYE4_CHANNEL                0.000     0.000 r  cmac_inst/inst/cmac_usplus_0_gt_i/inst/gen_gtwizard_gtye4_top.cmac_usplus_0_gt_gtwizard_gtye4_inst/gen_gtwizard_gtye4.gen_channel_container[1].gen_enabled_channel.gtye4_channel_wrapper_inst/channel_inst/gtye4_channel_gen.gen_gtye4_channel_inst[0].GTYE4_CHANNEL_PRIM_INST/TXOUTCLK
                         net (fo=2, routed)           0.052     0.052    cmac_inst/inst/cmac_gtwiz_userclk_tx_inst/txoutclk_out[0]
    BUFG_GT_X0Y103       BUFG_GT (Prop_BUFG_GT_I_O)
                                                      0.073     0.125 r  cmac_inst/inst/cmac_gtwiz_userclk_tx_inst/gen_gtwiz_userclk_tx_main.bufg_gt_usrclk_inst/O
    X1Y3 (CLOCK_ROOT)    net (fo=10054, routed)       1.165     1.290    rst_mac_sync/gt_txusrclk2
    SLICE_X8Y196         FDPE                                         r  rst_mac_sync/sync_reg_reg[3]/C
  -------------------------------------------------------------------    -------------------
    SLICE_X8Y196         FDPE (Prop_DFF2_SLICEM_C_Q)
                                                      0.041     1.331 f  rst_mac_sync/sync_reg_reg[3]/Q
                         net (fo=396, routed)         0.505     1.836    roce_fifo/overflow_reg_reg_0[0]
    SLICE_X1Y244         FDPE                                         f  roce_fifo/m_rst_sync1_reg_reg/PRE
  -------------------------------------------------------------------    -------------------

                         (clock txoutclk_out[0] rise edge)
                                                      0.000     0.000 r  
    GTYE4_CHANNEL_X0Y4   GTYE4_CHANNEL                0.000     0.000 r  cmac_inst/inst/cmac_usplus_0_gt_i/inst/gen_gtwizard_gtye4_top.cmac_usplus_0_gt_gtwizard_gtye4_inst/gen_gtwizard_gtye4.gen_channel_container[1].gen_enabled_channel.gtye4_channel_wrapper_inst/channel_inst/gtye4_channel_gen.gen_gtye4_channel_inst[0].GTYE4_CHANNEL_PRIM_INST/TXOUTCLK
                         net (fo=2, routed)           0.057     0.057    cmac_inst/inst/cmac_gtwiz_userclk_tx_inst/txoutclk_out[0]
    BUFG_GT_X0Y103       BUFG_GT (Prop_BUFG_GT_I_O)
                                                      0.082     0.139 r  cmac_inst/inst/cmac_gtwiz_userclk_tx_inst/gen_gtwiz_userclk_tx_main.bufg_gt_usrclk_inst/O
    X1Y3 (CLOCK_ROOT)    net (fo=10054, routed)       1.343     1.482    roce_fifo/gt_txusrclk2
    SLICE_X1Y244         FDPE                                         r  roce_fifo/m_rst_sync1_reg_reg/C
                         clock pessimism             -0.064     1.418    
    SLICE_X1Y244         FDPE (Remov_EFF_SLICEM_C_PRE)
                                                     -0.020     1.398    roce_fifo/m_rst_sync1_reg_reg
  -------------------------------------------------------------------
                         required time                         -1.398    
                         arrival time                           1.836    
  -------------------------------------------------------------------
                         slack                                  0.438    





