Copyright 1986-2022 Xilinx, Inc. All Rights Reserved. Copyright 2022-2023 Advanced Micro Devices, Inc. All Rights Reserved.
---------------------------------------------------------------------------------------------------------------------------------------------
| Tool Version : Vivado v.2023.2 (lin64) Build 4029153 Fri Oct 13 20:13:54 MDT 2023
| Date         : Wed Sep 30 20:55:29 2026
| Host         : yijie running 64-bit Ubuntu 24.04.5 LTS
| Command      : report_utilization -hierarchical -hierarchical_depth 4 -file docs/results/rdma_ofdm_utilization_hierarchical.rpt
| Design       : rdma_ofdm_top
| Device       : xczu48dr-ffvg1517-2-e
| Speed File   : -2
| Design State : Physopt postRoute
---------------------------------------------------------------------------------------------------------------------------------------------

Utilization Design Information

Table of Contents
-----------------
1. Utilization by Hierarchy

1. Utilization by Hierarchy
---------------------------

+---------------------------------------------------------------------+-----------------------------------------------------------------------------+------------+------------+---------+-------+--------+--------+--------+------+------------+
|                               Instance                              |                                    Module                                   | Total LUTs | Logic LUTs | LUTRAMs |  SRLs |   FFs  | RAMB36 | RAMB18 | URAM | DSP Blocks |
+---------------------------------------------------------------------+-----------------------------------------------------------------------------+------------+------------+---------+-------+--------+--------+--------+------+------------+
| rdma_ofdm_top                                                       |                                                                       (top) |     181986 |     126788 |   41173 | 14025 | 241860 |    704 |    173 |   68 |        842 |
|   (rdma_ofdm_top)                                                   |                                                                       (top) |        247 |        247 |       0 |     0 |    188 |      0 |      0 |    0 |          0 |
|   arp_inst                                                          |                                                               arp_responder |        139 |        139 |       0 |     0 |     83 |      0 |      0 |    0 |          0 |
|   cmac_inst                                                         |                                                               cmac_usplus_0 |       1472 |       1152 |     320 |     0 |   2778 |      0 |      0 |    0 |          0 |
|     inst                                                            |                                                       cmac_usplus_0_wrapper |       1472 |       1152 |     320 |     0 |   2778 |      0 |      0 |    0 |          0 |
|       (inst)                                                        |                                                       cmac_usplus_0_wrapper |        347 |         27 |     320 |     0 |     29 |      0 |      0 |    0 |          0 |
|       cmac_gtwiz_userclk_rx_inst                                    |                                         cmac_usplus_0_ultrascale_rx_userclk |          1 |          1 |       0 |     0 |      2 |      0 |      0 |    0 |          0 |
|       cmac_gtwiz_userclk_tx_inst                                    |                                         cmac_usplus_0_ultrascale_tx_userclk |          2 |          2 |       0 |     0 |      2 |      0 |      0 |    0 |          0 |
|       cmac_usplus_0_gt_i                                            |                                                            cmac_usplus_0_gt |        100 |        100 |       0 |     0 |    288 |      0 |      0 |    0 |          0 |
|         inst                                                        |                                               cmac_usplus_0_gt_gtwizard_top |        100 |        100 |       0 |     0 |    288 |      0 |      0 |    0 |          0 |
|       i_cmac_usplus_0_axis2lbus                                     |                                       cmac_usplus_0_axis2lbus_segmented_top |         73 |         73 |       0 |     0 |    539 |      0 |      0 |    0 |          0 |
|         i_cmac_usplus_0_axis2lbus_segmented_corelogic               |                                 cmac_usplus_0_axis2lbus_segmented_corelogic |         73 |         73 |       0 |     0 |    539 |      0 |      0 |    0 |          0 |
|       i_cmac_usplus_0_cmac_cdc_sync_core_drp_reset_rx_clk           |                                                      cmac_usplus_0_cdc_sync |          1 |          1 |       0 |     0 |      3 |      0 |      0 |    0 |          0 |
|       i_cmac_usplus_0_cmac_cdc_sync_core_drp_reset_tx_clk           |                                                    cmac_usplus_0_cdc_sync_0 |          1 |          1 |       0 |     0 |      3 |      0 |      0 |    0 |          0 |
|       i_cmac_usplus_0_cmac_cdc_sync_core_rx_reset                   |                                                    cmac_usplus_0_cdc_sync_1 |          0 |          0 |       0 |     0 |      3 |      0 |      0 |    0 |          0 |
|       i_cmac_usplus_0_cmac_cdc_sync_core_tx_reset                   |                                                    cmac_usplus_0_cdc_sync_2 |          0 |          0 |       0 |     0 |      3 |      0 |      0 |    0 |          0 |
|       i_cmac_usplus_0_cmac_cdc_sync_gt_rxresetdone_int              |                                                    cmac_usplus_0_cdc_sync_3 |          1 |          1 |       0 |     0 |      3 |      0 |      0 |    0 |          0 |
|       i_cmac_usplus_0_cmac_cdc_sync_gt_rxresetdone_reg_rxusrclk2    |                                                    cmac_usplus_0_cdc_sync_4 |          1 |          1 |       0 |     0 |      3 |      0 |      0 |    0 |          0 |
|       i_cmac_usplus_0_cmac_cdc_sync_gt_txresetdone_int              |                                                    cmac_usplus_0_cdc_sync_5 |          0 |          0 |       0 |     0 |      3 |      0 |      0 |    0 |          0 |
|       i_cmac_usplus_0_cmac_cdc_sync_gt_txresetdone_int3             |                                                    cmac_usplus_0_cdc_sync_6 |          0 |          0 |       0 |     0 |      3 |      0 |      0 |    0 |          0 |
|       i_cmac_usplus_0_cmac_cdc_sync_rx_reset_done_init_clk          |                                                    cmac_usplus_0_cdc_sync_7 |          0 |          0 |       0 |     0 |      3 |      0 |      0 |    0 |          0 |
|       i_cmac_usplus_0_cmac_cdc_sync_stat_rx_aligned                 |                                                    cmac_usplus_0_cdc_sync_8 |          0 |          0 |       0 |     0 |      3 |      0 |      0 |    0 |          0 |
|       i_cmac_usplus_0_cmac_cdc_sync_tx_reset_done_init_clk          |                                                    cmac_usplus_0_cdc_sync_9 |          7 |          7 |       0 |     0 |      3 |      0 |      0 |    0 |          0 |
|       i_cmac_usplus_0_lbus2axis                                     |                                       cmac_usplus_0_lbus2axis_segmented_top |        938 |        938 |       0 |     0 |    605 |      0 |      0 |    0 |          0 |
|         (i_cmac_usplus_0_lbus2axis)                                 |                                       cmac_usplus_0_lbus2axis_segmented_top |          0 |          0 |       0 |     0 |      2 |      0 |      0 |    0 |          0 |
|         SEG_LOOP3[0].fifo_sync_inst                                 |                                                          cmac_usplus_0_fifo |         21 |         21 |       0 |     0 |      6 |      0 |      0 |    0 |          0 |
|         SEG_LOOP3[1].fifo_sync_inst                                 |                                                       cmac_usplus_0_fifo_16 |         19 |         19 |       0 |     0 |      6 |      0 |      0 |    0 |          0 |
|         SEG_LOOP3[2].fifo_sync_inst                                 |                                                       cmac_usplus_0_fifo_17 |         15 |         15 |       0 |     0 |      6 |      0 |      0 |    0 |          0 |
|         SEG_LOOP3[3].fifo_sync_inst                                 |                                                       cmac_usplus_0_fifo_18 |         13 |         13 |       0 |     0 |      6 |      0 |      0 |    0 |          0 |
|         i_cmac_usplus_0_lbus2axis_segmented_corelogic               |                                 cmac_usplus_0_lbus2axis_segmented_corelogic |        871 |        871 |       0 |     0 |    579 |      0 |      0 |    0 |          0 |
|       i_cmac_usplus_0_rx_16bit_sync_alt_data0                       |                                                 cmac_usplus_0_rx_16bit_sync |          0 |          0 |       0 |     0 |     32 |      0 |      0 |    0 |          0 |
|       i_cmac_usplus_0_rx_16bit_sync_alt_data1                       |                                              cmac_usplus_0_rx_16bit_sync_10 |          0 |          0 |       0 |     0 |     32 |      0 |      0 |    0 |          0 |
|       i_cmac_usplus_0_rx_16bit_sync_alt_data2                       |                                              cmac_usplus_0_rx_16bit_sync_11 |          0 |          0 |       0 |     0 |     32 |      0 |      0 |    0 |          0 |
|       i_cmac_usplus_0_rx_16bit_sync_alt_data3                       |                                              cmac_usplus_0_rx_16bit_sync_12 |          0 |          0 |       0 |     0 |     32 |      0 |      0 |    0 |          0 |
|       i_cmac_usplus_0_rx_64bit_sync_serdes_data0                    |                                                 cmac_usplus_0_rx_64bit_sync |          0 |          0 |       0 |     0 |    128 |      0 |      0 |    0 |          0 |
|       i_cmac_usplus_0_rx_64bit_sync_serdes_data1                    |                                              cmac_usplus_0_rx_64bit_sync_13 |          0 |          0 |       0 |     0 |    128 |      0 |      0 |    0 |          0 |
|       i_cmac_usplus_0_rx_64bit_sync_serdes_data2                    |                                              cmac_usplus_0_rx_64bit_sync_14 |          0 |          0 |       0 |     0 |    128 |      0 |      0 |    0 |          0 |
|       i_cmac_usplus_0_rx_64bit_sync_serdes_data3                    |                                              cmac_usplus_0_rx_64bit_sync_15 |          0 |          0 |       0 |     0 |    128 |      0 |      0 |    0 |          0 |
|       i_cmac_usplus_0_top                                           |                                       cmac_usplus_0_cmac_usplus_v3_1_14_top |          0 |          0 |       0 |     0 |      0 |      0 |      0 |    0 |          0 |
|       i_cmac_usplus_0_tx_sync                                       |                                                       cmac_usplus_0_tx_sync |          0 |          0 |       0 |     0 |    640 |      0 |      0 |    0 |          0 |
|   dbg_hub                                                           |                                                                     dbg_hub |        462 |        442 |      20 |     0 |    776 |      0 |      0 |    0 |          0 |
|     (dbg_hub)                                                       |                                                                     dbg_hub |          0 |          0 |       0 |     0 |      0 |      0 |      0 |    0 |          0 |
|     inst                                                            |                                                          xsdbm_v3_0_0_xsdbm |        462 |        442 |      20 |     0 |    776 |      0 |      0 |    0 |          0 |
|       BSCANID.u_xsdbm_id                                            |                                                       xsdbm_v3_0_0_xsdbm_id |        462 |        442 |      20 |     0 |    776 |      0 |      0 |    0 |          0 |
|         (BSCANID.u_xsdbm_id)                                        |                                                       xsdbm_v3_0_0_xsdbm_id |         33 |         33 |       0 |     0 |     34 |      0 |      0 |    0 |          0 |
|         CORE_XSDB.UUT_MASTER                                        |                                                      xsdbm_v3_0_0_icon2xsdb |        291 |        271 |      20 |     0 |    589 |      0 |      0 |    0 |          0 |
|         CORE_XSDB.U_ICON                                            |                                                           xsdbm_v3_0_0_icon |         16 |         16 |       0 |     0 |     28 |      0 |      0 |    0 |          0 |
|         SWITCH_N_EXT_BSCAN.bscan_inst                               |                                                          ltlib_v1_0_1_bscan |          0 |          0 |       0 |     0 |      0 |      0 |      0 |    0 |          0 |
|         SWITCH_N_EXT_BSCAN.bscan_switch                             |                                                   xsdbm_v3_0_0_bscan_switch |        122 |        122 |       0 |     0 |    125 |      0 |      0 |    0 |          0 |
|   ddr_ic                                                            |                                                                    axi_ic_0 |      12184 |       5941 |    6154 |    89 |  29447 |      0 |      0 |    0 |          0 |
|     inst                                                            |                                       axi_ic_0_axi_interconnect_v1_7_22_top |      12184 |       5941 |    6154 |    89 |  29447 |      0 |      0 |    0 |          0 |
|       axi_interconnect_inst                                         |                          axi_ic_0_axi_interconnect_v1_7_22_axi_interconnect |      12184 |       5941 |    6154 |    89 |  29447 |      0 |      0 |    0 |          0 |
|         crossbar_samd                                               |                              axi_ic_0_axi_interconnect_v1_7_22_axi_crossbar |       2502 |       2499 |       0 |     3 |   1435 |      0 |      0 |    0 |          0 |
|         mi_data_fifo_bank                                           |            axi_ic_0_axi_interconnect_v1_7_22_data_fifo_bank__parameterized0 |        698 |         68 |     630 |     0 |   2291 |      0 |      0 |    0 |          0 |
|         si_converter_bank                                           |                            axi_ic_0_axi_interconnect_v1_7_22_converter_bank |       6385 |       2979 |    3320 |    86 |  17581 |      0 |      0 |    0 |          0 |
|         si_data_fifo_bank                                           |                            axi_ic_0_axi_interconnect_v1_7_22_data_fifo_bank |       2608 |        404 |    2204 |     0 |   8140 |      0 |      0 |    0 |          0 |
|   ddr_inst                                                          |                                                                      ddr4_0 |      15482 |      14011 |     816 |   655 |  21337 |     25 |      1 |    0 |          3 |
|     inst                                                            |                                                                 ddr4_0_ddr4 |      15482 |      14011 |     816 |   655 |  21337 |     25 |      1 |    0 |          3 |
|       (inst)                                                        |                                                                 ddr4_0_ddr4 |          0 |          0 |       0 |     0 |      1 |      0 |      0 |    0 |          0 |
|       u_ddr4_infrastructure                                         |                                          ddr4_0_ddr4_v2_2_20_infrastructure |         41 |         41 |       0 |     0 |     65 |      0 |      0 |    0 |          0 |
|       u_ddr4_mem_intfc                                              |                                                       ddr4_0_ddr4_mem_intfc |      12339 |      11472 |     816 |    51 |  16252 |     25 |      1 |    0 |          3 |
|         (u_ddr4_mem_intfc)                                          |                                                       ddr4_0_ddr4_mem_intfc |          0 |          0 |       0 |     0 |      2 |      0 |      0 |    0 |          0 |
|         u_ddr_cal_riu                                               |                                                         ddr4_0_ddr4_cal_riu |       1334 |       1223 |      64 |    47 |   1045 |     24 |      0 |    0 |          3 |
|         u_ddr_cal_top                                               |                                                 ddr4_0_ddr4_v2_2_20_cal_top |       5914 |       5911 |       0 |     3 |   9532 |      1 |      1 |    0 |          0 |
|         u_ddr_mc                                                    |                                                      ddr4_0_ddr4_v2_2_20_mc |       2463 |       2462 |       0 |     1 |   2479 |      0 |      0 |    0 |          0 |
|         u_ddr_ui                                                    |                                                      ddr4_0_ddr4_v2_2_20_ui |       1697 |        945 |     752 |     0 |   2461 |      0 |      0 |    0 |          0 |
|         u_en_vtc_sync                                               |                                ddr4_0_ddr4_v2_2_20_cal_sync__parameterized4 |          0 |          0 |       0 |     0 |      2 |      0 |      0 |    0 |          0 |
|         u_fab_rst_sync                                              |                              ddr4_0_ddr4_v2_2_20_cal_sync__parameterized4_2 |          0 |          0 |       0 |     0 |      2 |      0 |      0 |    0 |          0 |
|         u_io_addr_strobe_lvl_sync                                   |                                ddr4_0_ddr4_v2_2_20_cal_sync__parameterized9 |          0 |          0 |       0 |     0 |      2 |      0 |      0 |    0 |          0 |
|         u_io_addr_sync                                              |                                ddr4_0_ddr4_v2_2_20_cal_sync__parameterized8 |        586 |        586 |       0 |     0 |     64 |      0 |      0 |    0 |          0 |
|         u_io_read_data_sync                                         |                                ddr4_0_ddr4_v2_2_20_cal_sync__parameterized5 |          0 |          0 |       0 |     0 |     64 |      0 |      0 |    0 |          0 |
|         u_io_ready_lvl_sync                                         |                                ddr4_0_ddr4_v2_2_20_cal_sync__parameterized6 |          0 |          0 |       0 |     0 |      2 |      0 |      0 |    0 |          0 |
|         u_io_write_data_sync                                        |                              ddr4_0_ddr4_v2_2_20_cal_sync__parameterized8_3 |         75 |         75 |       0 |     0 |     64 |      0 |      0 |    0 |          0 |
|         u_io_write_strobe_sync                                      |                              ddr4_0_ddr4_v2_2_20_cal_sync__parameterized9_4 |          1 |          1 |       0 |     0 |      2 |      0 |      0 |    0 |          0 |
|         u_mig_ddr4_phy                                              |                                                                  ddr4_0_phy |        299 |        299 |       0 |     0 |    327 |      0 |      0 |    0 |          0 |
|         u_phy2clb_bisc_complete_sync                                |                              ddr4_0_ddr4_v2_2_20_cal_sync__parameterized4_5 |          0 |          0 |       0 |     0 |      2 |      0 |      0 |    0 |          0 |
|         u_phy2clb_fixdly_rdy_low                                    |                                ddr4_0_ddr4_v2_2_20_cal_sync__parameterized7 |          0 |          0 |       0 |     0 |     40 |      0 |      0 |    0 |          0 |
|         u_phy2clb_fixdly_rdy_upp                                    |                              ddr4_0_ddr4_v2_2_20_cal_sync__parameterized7_6 |          0 |          0 |       0 |     0 |     40 |      0 |      0 |    0 |          0 |
|         u_phy2clb_phy_rdy_low                                       |                              ddr4_0_ddr4_v2_2_20_cal_sync__parameterized7_7 |          0 |          0 |       0 |     0 |     40 |      0 |      0 |    0 |          0 |
|         u_phy2clb_phy_rdy_upp                                       |                              ddr4_0_ddr4_v2_2_20_cal_sync__parameterized7_8 |          0 |          0 |       0 |     0 |     40 |      0 |      0 |    0 |          0 |
|         u_phy2clb_phy_ready_sync                                    |                              ddr4_0_ddr4_v2_2_20_cal_sync__parameterized4_9 |          0 |          0 |       0 |     0 |      2 |      0 |      0 |    0 |          0 |
|         u_riu2clb_valid_sync                                        |                             ddr4_0_ddr4_v2_2_20_cal_sync__parameterized7_10 |          0 |          0 |       0 |     0 |     40 |      0 |      0 |    0 |          0 |
|       u_ddr_axi                                                     |                                                     ddr4_0_ddr4_v2_2_20_axi |       3107 |       2503 |       0 |   604 |   5019 |      0 |      0 |    0 |          0 |
|         (u_ddr_axi)                                                 |                                                     ddr4_0_ddr4_v2_2_20_axi |          0 |          0 |       0 |     0 |      1 |      0 |      0 |    0 |          0 |
|         USE_UPSIZER.upsizer_d2                                      |                                             ddr4_0_ddr4_v2_2_20_axi_upsizer |       1755 |       1672 |       0 |    83 |   3596 |      0 |      0 |    0 |          0 |
|         axi_ar_channel_0                                            |                                          ddr4_0_ddr4_v2_2_20_axi_ar_channel |         85 |         85 |       0 |     0 |     91 |      0 |      0 |    0 |          0 |
|         axi_aw_channel_0                                            |                                          ddr4_0_ddr4_v2_2_20_axi_aw_channel |         86 |         86 |       0 |     0 |     89 |      0 |      0 |    0 |          0 |
|         axi_b_channel_0                                             |                                           ddr4_0_ddr4_v2_2_20_axi_b_channel |         13 |          9 |       0 |     4 |      4 |      0 |      0 |    0 |          0 |
|         axi_cmd_arbiter_0                                           |                                         ddr4_0_ddr4_v2_2_20_axi_cmd_arbiter |         32 |         32 |       0 |     0 |     31 |      0 |      0 |    0 |          0 |
|         axi_r_channel_0                                             |                                           ddr4_0_ddr4_v2_2_20_axi_r_channel |        560 |         43 |       0 |   517 |     44 |      0 |      0 |    0 |          0 |
|         axi_w_channel_0                                             |                                           ddr4_0_ddr4_v2_2_20_axi_w_channel |        577 |        577 |       0 |     0 |   1163 |      0 |      0 |    0 |          0 |
|   ernic_inst                                                        |                                                                     ernic_0 |      39798 |      37491 |    1983 |   324 |  38633 |    107 |     27 |   20 |          2 |
|     (ernic_inst)                                                    |                                                                     ernic_0 |          0 |          0 |       0 |     0 |      0 |      0 |      0 |    0 |          0 |
|     inst                                                            |                                                        ernic_0_ernic_v4_0_2 |      39798 |      37491 |    1983 |   324 |  38633 |    107 |     27 |   20 |          2 |
|       (inst)                                                        |                                                        ernic_0_ernic_v4_0_2 |          6 |          6 |       0 |     0 |     43 |      0 |      0 |    0 |          0 |
|       arbitrationloss                                               |                                                  ernic_0_ernic_v4_0_2_arbit |         47 |         47 |       0 |     0 |     50 |      0 |      0 |    0 |          0 |
|         (arbitrationloss)                                           |                                                  ernic_0_ernic_v4_0_2_arbit |         11 |         11 |       0 |     0 |      8 |      0 |      0 |    0 |          0 |
|         ARBGEN1.arb1                                                |                                                 ernic_0_ernic_v4_0_2_arbchk |          6 |          6 |       0 |     0 |      7 |      0 |      0 |    0 |          0 |
|         ARBGEN1.arb2                                                |                                             ernic_0_ernic_v4_0_2_arbchk_254 |          6 |          6 |       0 |     0 |      7 |      0 |      0 |    0 |          0 |
|         ARBGEN1.arb3                                                |                                             ernic_0_ernic_v4_0_2_arbchk_255 |          6 |          6 |       0 |     0 |      7 |      0 |      0 |    0 |          0 |
|         ARBGEN1.arb4                                                |                                             ernic_0_ernic_v4_0_2_arbchk_256 |          6 |          6 |       0 |     0 |      7 |      0 |      0 |    0 |          0 |
|         ARBGEN1.arb5                                                |                                             ernic_0_ernic_v4_0_2_arbchk_257 |          6 |          6 |       0 |     0 |      7 |      0 |      0 |    0 |          0 |
|         ARBGEN1.arb6                                                |                                             ernic_0_ernic_v4_0_2_arbchk_258 |          6 |          6 |       0 |     0 |      7 |      0 |      0 |    0 |          0 |
|       inst_flow_ctrl_mgr                                            |                                          ernic_0_ernic_v4_0_2_flow_ctrl_mgr |       1566 |       1566 |       0 |     0 |   3944 |     27 |      0 |    0 |          0 |
|         (inst_flow_ctrl_mgr)                                        |                                          ernic_0_ernic_v4_0_2_flow_ctrl_mgr |         11 |         11 |       0 |     0 |      9 |      0 |      0 |    0 |          0 |
|         cmac_xpm_fifo_axis_inst                                     |                                       ernic_0_xpm_fifo_axis__parameterized0 |        138 |        138 |       0 |     0 |    103 |      9 |      0 |    0 |          0 |
|         dma_xpm_fifo_axis_inst                                      |                                            ernic_0_xpm_fifo_axis__xdcDup__1 |         97 |         97 |       0 |     0 |    131 |      9 |      0 |    0 |          0 |
|         ernic_xpm_fifo_axis_inst                                    |                                                       ernic_0_xpm_fifo_axis |         93 |         93 |       0 |     0 |    131 |      9 |      0 |    0 |          0 |
|         reg_slice_dma_in_inst                                       |                                          ernic_0_ernic_v4_0_2_reg_slice_222 |        300 |        300 |       0 |     0 |   1170 |      0 |      0 |    0 |          0 |
|         reg_slice_dma_inst                                          |                                          ernic_0_ernic_v4_0_2_reg_slice_223 |        603 |        603 |       0 |     0 |   1170 |      0 |      0 |    0 |          0 |
|         reg_slice_ernic_in_inst                                     |                                          ernic_0_ernic_v4_0_2_reg_slice_224 |          5 |          5 |       0 |     0 |      5 |      0 |      0 |    0 |          0 |
|         reg_slice_ernic_inst                                        |                                          ernic_0_ernic_v4_0_2_reg_slice_225 |        321 |        321 |       0 |     0 |   1170 |      0 |      0 |    0 |          0 |
|         xpm_cdc_array_single_inst                                   |                                ernic_0_xpm_cdc_array_single__parameterized0 |          0 |          0 |       0 |     0 |     55 |      0 |      0 |    0 |          0 |
|       inst_qp_mgr                                                   |                                             ernic_0_ernic_v4_0_2_qp_mgr_top |       4683 |       3458 |    1225 |     0 |   6406 |     19 |     11 |    0 |          0 |
|         (inst_qp_mgr)                                               |                                             ernic_0_ernic_v4_0_2_qp_mgr_top |        161 |        161 |       0 |     0 |    862 |      0 |      0 |    0 |          0 |
|         inst_axi_master                                             |                                      ernic_0_ernic_v4_0_2_qp_mgr_axi_master |        175 |        175 |       0 |     0 |    160 |      0 |      0 |    0 |          0 |
|         inst_osq_manager                                            |                         ernic_0_ernic_v4_0_2_q_mgr_init_top__parameterized1 |        117 |        117 |       0 |     0 |    116 |      1 |      0 |    0 |          0 |
|         inst_q                                                      |                                            ernic_0_ernic_v4_0_2_q_mgr_queue |         16 |         16 |       0 |     0 |     12 |      0 |      0 |    0 |          0 |
|         inst_qp_mgr_cache                                           |                                           ernic_0_ernic_v4_0_2_qp_mgr_cache |        109 |        107 |       2 |     0 |    125 |      0 |      0 |    0 |          0 |
|         inst_retrans_check_done                                     |                                  ernic_0_xpm_memory_sdpram__parameterized16 |          2 |          0 |       2 |     0 |      1 |      0 |      0 |    0 |          0 |
|         inst_retransmit                                             |                                      ernic_0_ernic_v4_0_2_qp_mgr_retransmit |        286 |        286 |       0 |     0 |    602 |      0 |      0 |    0 |          0 |
|         inst_retransmit_wqe_bram                                    |                                  ernic_0_xpm_memory_tdpram__parameterized21 |         51 |          1 |      50 |     0 |     50 |      0 |      0 |    0 |          0 |
|         inst_rnic_config                                            |                                        ernic_0_ernic_v4_0_2_rnic_config_reg |       3218 |       2471 |     747 |     0 |   3945 |     18 |     11 |    0 |          0 |
|         inst_rr_arbiter                                             |                                          ernic_0_ernic_v4_0_2_qp_mgr_rr_arb |         40 |         40 |       0 |     0 |     15 |      0 |      0 |    0 |          0 |
|         inst_wqe_fifo                                               |                                  ernic_0_xpm_memory_tdpram__parameterized20 |        412 |          0 |     412 |     0 |    412 |      0 |      0 |    0 |          0 |
|         u_fifo_arbiter                                              |                                            ernic_0_ernic_v4_0_2_arbiter_188 |         21 |         21 |       0 |     0 |      7 |      0 |      0 |    0 |          0 |
|         u_i_osq_pop                                                 |                                    ernic_0_xpm_fifo_sync__parameterized9__6 |         26 |         22 |       4 |     0 |     33 |      0 |      0 |    0 |          0 |
|         u_i_wqe_dropped                                             |                                    ernic_0_xpm_fifo_sync__parameterized9__7 |         26 |         22 |       4 |     0 |     33 |      0 |      0 |    0 |          0 |
|         u_retransmit_wqe_droppped                                   |                                       ernic_0_xpm_fifo_sync__parameterized9 |         26 |         22 |       4 |     0 |     33 |      0 |      0 |    0 |          0 |
|       inst_resp_handler                                             |                                       ernic_0_ernic_v4_0_2_resp_handler_top |       4006 |       3577 |     428 |     1 |   4046 |      3 |      3 |    4 |          2 |
|         (inst_resp_handler)                                         |                                       ernic_0_ernic_v4_0_2_resp_handler_top |        228 |        227 |       0 |     1 |    696 |      0 |      0 |    0 |          0 |
|         ackanacked_psn_move_to_mem.inst_acknack_psn_for_phase       |                 ernic_0_ernic_v4_0_2_dual_wr_sdp_lut_ram_wrapper__xdcDup__3 |         17 |          9 |       8 |     0 |      0 |      0 |      0 |    0 |          0 |
|         ackanacked_psn_move_to_mem.inst_all_resp_received           |                 ernic_0_ernic_v4_0_2_dual_wr_sdp_lut_ram_wrapper__xdcDup__2 |         12 |          4 |       8 |     0 |      0 |      0 |      0 |    0 |          0 |
|         ackanacked_psn_move_to_mem.inst_phase_bit_acknack_psn_2ff_0 |         ernic_0_ernic_v4_0_2_sdp_lut_ram_wrapper__parameterized3__xdcDup__1 |          6 |          4 |       2 |     0 |      0 |      0 |      0 |    0 |          0 |
|         ackanacked_psn_move_to_mem.inst_phase_bit_acknack_psn_2ff_1 |         ernic_0_ernic_v4_0_2_sdp_lut_ram_wrapper__parameterized3__xdcDup__2 |          5 |          3 |       2 |     0 |      0 |      0 |      0 |    0 |          0 |
|         ackanacked_psn_move_to_mem.inst_phase_bit_acknack_psn_ff    |         ernic_0_ernic_v4_0_2_sdp_lut_ram_wrapper__parameterized3__xdcDup__3 |          5 |          3 |       2 |     0 |      0 |      0 |      0 |    0 |          0 |
|         ackanacked_psn_move_to_mem.u_acknacked_msn                  |                       ernic_0_ernic_v4_0_2_resp_handler_psn__parameterized0 |        124 |         76 |      48 |     0 |    212 |      0 |      0 |    0 |          0 |
|         ackanacked_psn_move_to_mem.u_acknacked_psn                  |                                       ernic_0_ernic_v4_0_2_resp_handler_psn |        218 |        150 |      68 |     0 |    357 |      0 |      0 |    0 |          0 |
|         inst_ack_nack_resp_Arbiter                                  |                           ernic_0_ernic_v4_0_2_FIFO_QPID_Arbiter__xdcDup__1 |         84 |         60 |      24 |     0 |     42 |      0 |      1 |    0 |          0 |
|         inst_axi_master                                             |                                             ernic_0_ernic_v4_0_2_axi_master |        337 |        337 |       0 |     0 |    675 |      0 |      0 |    0 |          0 |
|         inst_duplicate_push_protection_0                            |                 ernic_0_ernic_v4_0_2_dual_wr_sdp_lut_ram_wrapper__xdcDup__8 |         10 |          2 |       8 |     0 |      0 |      0 |      0 |    0 |          0 |
|         inst_fatal_timedout_qpid                                    |                                   ernic_0_xpm_memory_tdpram__parameterized1 |          2 |          2 |       0 |     0 |      0 |      0 |      1 |    0 |          0 |
|         inst_first_outgoing_pkt_ff                                  |         ernic_0_ernic_v4_0_2_sdp_lut_ram_wrapper__parameterized2__xdcDup__3 |          8 |          6 |       2 |     0 |      0 |      0 |      0 |    0 |          0 |
|         inst_first_outstanding_pkt_ff                               | ernic_0_ernic_v4_0_2_dual_wr_sdp_lut_ram_wrapper__parameterized0__xdcDup__1 |         20 |         12 |       8 |     0 |      0 |      0 |      0 |    0 |          0 |
|         inst_i_osq_wqe_nack_resp_0                                  |                 ernic_0_ernic_v4_0_2_dual_wr_sdp_lut_ram_wrapper__xdcDup__4 |         10 |          2 |       8 |     0 |      0 |      0 |      0 |    0 |          0 |
|         inst_i_osq_wqe_nack_resp_1                                  |                 ernic_0_ernic_v4_0_2_dual_wr_sdp_lut_ram_wrapper__xdcDup__5 |         10 |          2 |       8 |     0 |      0 |      0 |      0 |    0 |          0 |
|         inst_mpsnbuf_manager                                        |                         ernic_0_ernic_v4_0_2_q_mgr_init_top__parameterized0 |        155 |        147 |       8 |     0 |    150 |      1 |      0 |    0 |          0 |
|         inst_osq_empty_0                                            |         ernic_0_ernic_v4_0_2_sdp_lut_ram_wrapper__parameterized2__xdcDup__4 |          2 |          0 |       2 |     0 |      0 |      0 |      0 |    0 |          0 |
|         inst_osq_empty_1                                            |         ernic_0_ernic_v4_0_2_sdp_lut_ram_wrapper__parameterized2__xdcDup__5 |          2 |          0 |       2 |     0 |      0 |      0 |      0 |    0 |          0 |
|         inst_osq_empty_2                                            |         ernic_0_ernic_v4_0_2_sdp_lut_ram_wrapper__parameterized2__xdcDup__6 |          2 |          0 |       2 |     0 |      0 |      0 |      0 |    0 |          0 |
|         inst_osq_empty_3                                            |         ernic_0_ernic_v4_0_2_sdp_lut_ram_wrapper__parameterized2__xdcDup__7 |         10 |          8 |       2 |     0 |      0 |      0 |      0 |    0 |          0 |
|         inst_osq_empty_4                                            |         ernic_0_ernic_v4_0_2_sdp_lut_ram_wrapper__parameterized4__xdcDup__1 |          3 |          1 |       2 |     0 |      0 |      0 |      0 |    0 |          0 |
|         inst_osq_manager                                            |                                         ernic_0_ernic_v4_0_2_q_mgr_init_top |        150 |        142 |       8 |     0 |    152 |      1 |      0 |    0 |          0 |
|         inst_osq_nacked_ff_0                                        |         ernic_0_ernic_v4_0_2_sdp_lut_ram_wrapper__parameterized3__xdcDup__4 |          3 |          1 |       2 |     0 |      0 |      0 |      0 |    0 |          0 |
|         inst_osq_nacked_ff_1                                        |         ernic_0_ernic_v4_0_2_sdp_lut_ram_wrapper__parameterized3__xdcDup__5 |          3 |          1 |       2 |     0 |      0 |      0 |      0 |    0 |          0 |
|         inst_osq_nacked_ff_3                                        |         ernic_0_ernic_v4_0_2_sdp_lut_ram_wrapper__parameterized3__xdcDup__7 |          4 |          2 |       2 |     0 |      0 |      0 |      0 |    0 |          0 |
|         inst_osq_nacked_ff_comp                                     |        ernic_0_ernic_v4_0_2_sdp_lut_ram_wrapper__parameterized3__xdcDup__11 |          3 |          1 |       2 |     0 |      0 |      0 |      0 |    0 |          0 |
|         inst_osq_rnr_nacked_ff_0                                    |        ernic_0_ernic_v4_0_2_sdp_lut_ram_wrapper__parameterized3__xdcDup__23 |          3 |          1 |       2 |     0 |      0 |      0 |      0 |    0 |          0 |
|         inst_osq_rnr_nacked_ff_1                                    |        ernic_0_ernic_v4_0_2_sdp_lut_ram_wrapper__parameterized3__xdcDup__24 |          3 |          1 |       2 |     0 |      0 |      0 |      0 |    0 |          0 |
|         inst_osq_rnr_nacked_ff_2                                    |        ernic_0_ernic_v4_0_2_sdp_lut_ram_wrapper__parameterized3__xdcDup__25 |          2 |          0 |       2 |     0 |      0 |      0 |      0 |    0 |          0 |
|         inst_osq_rnr_nacked_ff_comp                                 |        ernic_0_ernic_v4_0_2_sdp_lut_ram_wrapper__parameterized3__xdcDup__10 |          2 |          0 |       2 |     0 |      0 |      0 |      0 |    0 |          0 |
|         inst_osq_timed_out_0                                        |                 ernic_0_ernic_v4_0_2_dual_wr_sdp_lut_ram_wrapper__xdcDup__6 |         13 |          5 |       8 |     0 |      0 |      0 |      0 |    0 |          0 |
|         inst_osq_timed_out_1                                        |                 ernic_0_ernic_v4_0_2_dual_wr_sdp_lut_ram_wrapper__xdcDup__7 |         11 |          3 |       8 |     0 |      0 |      0 |      0 |    0 |          0 |
|         inst_resp_handler_fsm                                       |                                       ernic_0_ernic_v4_0_2_resp_handler_fsm |       2052 |       1940 |     112 |     0 |   1201 |      0 |      0 |    0 |          2 |
|         inst_timer                                                  |                                     ernic_0_ernic_v4_0_2_resp_handler_timer |        477 |        435 |      42 |     0 |    287 |      1 |      1 |    0 |          0 |
|         inst_xpm_max_psn_q                                          |                                   ernic_0_xpm_memory_sdpram__parameterized9 |          0 |          0 |       0 |     0 |     72 |      0 |      0 |    2 |          0 |
|         inst_xpm_osq                                                |                                  ernic_0_xpm_memory_sdpram__parameterized11 |          0 |          0 |       0 |     0 |     79 |      0 |      0 |    2 |          0 |
|         send_cq_db_axis_fifo                                        |                                              ernic_0_ernic_v4_0_2_axis_fifo |         57 |         25 |      32 |     0 |    123 |      0 |      0 |    0 |          0 |
|       reg_slice_inst                                                |                                              ernic_0_ernic_v4_0_2_reg_slice |        297 |        297 |       0 |     0 |   1163 |      0 |      0 |    0 |          0 |
|       u_rx_pkt_handler                                              |                                         ernic_0_ernic_v4_0_2_rx_pkt_handler |      17201 |      17104 |      96 |     1 |  13406 |     43 |      8 |    0 |          0 |
|         (u_rx_pkt_handler)                                          |                                         ernic_0_ernic_v4_0_2_rx_pkt_handler |        225 |        224 |       0 |     1 |    236 |      0 |      0 |    0 |          0 |
|         cnp_tmr_fifo                                                |                                                  ernic_0_xpm_fifo_sync_wrap |         30 |         26 |       4 |     0 |     35 |      0 |      0 |    0 |          0 |
|         inst_cnp_pkt_rcvd_lutram                                    |                                    ernic_0_ernic_v4_0_2_sdp_lut_ram_wrapper |          6 |          4 |       2 |     0 |      0 |      0 |      0 |    0 |          0 |
|         u_ack_coalsc_filt                                           |                                        ernic_0_ernic_v4_0_2_ack_coalsc_filt |        382 |        382 |       0 |     0 |   1162 |      0 |      0 |    0 |          0 |
|         u_cmac_rx_intf                                              |                                           ernic_0_ernic_v4_0_2_cmac_rx_intf |       3908 |       3908 |       0 |     0 |   2629 |      0 |      2 |    0 |          0 |
|         u_reg_pipe_1                                                |                                               ernic_0_ernic_v4_0_2_reg_pipe |        240 |        240 |       0 |     0 |    121 |      0 |      0 |    0 |          0 |
|         u_reg_pipe_2                                                |                               ernic_0_ernic_v4_0_2_reg_pipe__parameterized1 |        150 |        150 |       0 |     0 |     84 |      0 |      0 |    0 |          0 |
|         u_reg_pipe_err_data                                         |                               ernic_0_ernic_v4_0_2_reg_pipe__parameterized0 |         27 |         27 |       0 |     0 |     26 |      0 |      0 |    0 |          0 |
|         u_rx_pkt_intr_ctrl                                          |                                       ernic_0_ernic_v4_0_2_rx_pkt_intr_ctrl |         46 |         46 |       0 |     0 |     54 |      0 |      0 |    0 |          0 |
|         u_rx_req_axi_mstr                                           |                                        ernic_0_ernic_v4_0_2_rx_req_axi_mstr |       5072 |       5072 |       0 |     0 |   2593 |      3 |      1 |    0 |          0 |
|         u_rx_req_hdr_val                                            |                                      ernic_0_ernic_v4_0_2_rx_req_hdr_val_sv |       2480 |       2442 |      38 |     0 |   3208 |      0 |      0 |    0 |          0 |
|         u_rx_rsp_axi_mstr                                           |                                        ernic_0_ernic_v4_0_2_rx_rsp_axi_mstr |       2985 |       2985 |       0 |     0 |   1947 |      2 |      1 |    0 |          0 |
|         u_rx_rsp_hdr_val                                            |                                         ernic_0_ernic_v4_0_2_rx_rsp_hdr_val |       1550 |       1498 |      52 |     0 |   1311 |      0 |      0 |    0 |          0 |
|         xpm_req_hdr_buf                                             |                                ernic_0_xpm_memory_sdpram__parameterized1__1 |          0 |          0 |       0 |     0 |      0 |      7 |      1 |    0 |          0 |
|         xpm_req_hdr_buf_qpid                                        |                                ernic_0_xpm_memory_sdpram__parameterized2__1 |          0 |          0 |       0 |     0 |      0 |      0 |      1 |    0 |          0 |
|         xpm_req_pkt_buf                                             |                                   ernic_0_xpm_memory_sdpram__parameterized0 |        120 |        120 |       0 |     0 |      0 |      8 |      0 |    0 |          0 |
|         xpm_rsp_hdr_buf                                             |                                   ernic_0_xpm_memory_sdpram__parameterized1 |          0 |          0 |       0 |     0 |      0 |      7 |      1 |    0 |          0 |
|         xpm_rsp_hdr_buf_qpid                                        |                                   ernic_0_xpm_memory_sdpram__parameterized2 |          0 |          0 |       0 |     0 |      0 |      0 |      1 |    0 |          0 |
|         xpm_rsp_pkt_buf                                             |                                   ernic_0_xpm_memory_sdpram__parameterized3 |          0 |          0 |       0 |     0 |      0 |     16 |      0 |    0 |          0 |
|       u_xpm_fifo_axil_wrap                                          |                                                  ernic_0_xpm_fifo_axil_wrap |        363 |        285 |      78 |     0 |    567 |      0 |      0 |    0 |          0 |
|         (u_xpm_fifo_axil_wrap)                                      |                                                  ernic_0_xpm_fifo_axil_wrap |         35 |         35 |       0 |     0 |      0 |      0 |      0 |    0 |          0 |
|         xpm_fifo_axil_inst                                          |                                                       ernic_0_xpm_fifo_axil |        328 |        250 |      78 |     0 |    567 |      0 |      0 |    0 |          0 |
|       wqe_proc_top_inst                                             |                                           ernic_0_ernic_v4_0_2_wqe_proc_top |      11701 |      11219 |     160 |   322 |   8972 |     15 |      5 |   16 |          0 |
|         (wqe_proc_top_inst)                                         |                                           ernic_0_ernic_v4_0_2_wqe_proc_top |         26 |         26 |       0 |     0 |      0 |      0 |      0 |    0 |          0 |
|         ack_buf_inst                                                |                                       ernic_0_ernic_v4_0_2_wqe_proc_ack_buf |        566 |        472 |      94 |     0 |   1103 |      0 |      3 |    7 |          0 |
|         buf_mgr_inst                                                |                                       ernic_0_ernic_v4_0_2_wqe_proc_buf_mgr |        346 |        346 |       0 |     0 |    673 |     15 |      2 |    0 |          0 |
|         crc_wrap_inst                                               |                                      ernic_0_ernic_v4_0_2_wqe_proc_crc_wrap |       5136 |       4814 |       0 |   322 |   3142 |      0 |      0 |    0 |          0 |
|         dma_inst                                                    |                                           ernic_0_ernic_v4_0_2_wqe_proc_dma |       1232 |       1184 |      48 |     0 |    323 |      0 |      0 |    9 |          0 |
|         dre_inst                                                    |                                           ernic_0_ernic_v4_0_2_wqe_proc_dre |       2712 |       2712 |       0 |     0 |   1134 |      0 |      0 |    0 |          0 |
|         hdr_gen_inst                                                |                                       ernic_0_ernic_v4_0_2_wqe_proc_hdr_gen |       1685 |       1667 |      18 |     0 |   2597 |      0 |      0 |    0 |          0 |
|       xpm_cdc_array_single_inst                                     |                                                ernic_0_xpm_cdc_array_single |          0 |          0 |       0 |     0 |     36 |      0 |      0 |    0 |          0 |
|   jtag_lite                                                         |                                                               jtag_axi_lite |        606 |        444 |     160 |     2 |   1537 |      2 |      1 |    0 |          0 |
|     inst                                                            |                                     jtag_axi_lite_jtag_axi_v1_2_18_jtag_axi |        606 |        444 |     160 |     2 |   1537 |      2 |      1 |    0 |          0 |
|       (inst)                                                        |                                     jtag_axi_lite_jtag_axi_v1_2_18_jtag_axi |          0 |          0 |       0 |     0 |      0 |      0 |      0 |    0 |          0 |
|       axi_bridge_u                                                  |                                   jtag_axi_lite_jtag_axi_v1_2_18_axi_bridge |         33 |         33 |       0 |     0 |    138 |      0 |      0 |    0 |          0 |
|         read_axi_lite_u                                             |                                 jtag_axi_lite_jtag_axi_v1_2_18_read_axilite |         12 |         12 |       0 |     0 |     67 |      0 |      0 |    0 |          0 |
|         write_axi_lite_u                                            |                                jtag_axi_lite_jtag_axi_v1_2_18_write_axilite |         21 |         21 |       0 |     0 |     71 |      0 |      0 |    0 |          0 |
|       jtag_axi_engine_u                                             |                              jtag_axi_lite_jtag_axi_v1_2_18_jtag_axi_engine |        574 |        412 |     160 |     2 |   1399 |      2 |      1 |    0 |          0 |
|         (jtag_axi_engine_u)                                         |                              jtag_axi_lite_jtag_axi_v1_2_18_jtag_axi_engine |         23 |         23 |       0 |     0 |    230 |      0 |      0 |    0 |          0 |
|         U_XSDB_SLAVE                                                |                                            jtag_axi_lite_xsdbs_v1_0_3_xsdbs |         76 |         76 |       0 |     0 |    161 |      0 |      0 |    0 |          0 |
|         cmd_decode_rd_channel                                       |                                   jtag_axi_lite_jtag_axi_v1_2_18_cmd_decode |          4 |          4 |       0 |     0 |      5 |      0 |      0 |    0 |          0 |
|         cmd_decode_wr_channel                                       |                                 jtag_axi_lite_jtag_axi_v1_2_18_cmd_decode_0 |          6 |          6 |       0 |     0 |      5 |      0 |      0 |    0 |          0 |
|         rd_cmd_fifo_i                                               |                        jtag_axi_lite_fifo_generator_v13_2_9__parameterized1 |         31 |         31 |       0 |     0 |     93 |      1 |      0 |    0 |          0 |
|         rx_fifo_i                                                   |                        jtag_axi_lite_fifo_generator_v13_2_9__parameterized0 |         60 |         59 |       0 |     1 |    151 |      0 |      1 |    0 |          0 |
|         tx_fifo_i                                                   |                                        jtag_axi_lite_fifo_generator_v13_2_9 |        251 |         91 |     160 |     0 |    180 |      0 |      0 |    0 |          0 |
|         u_xsdb_fifo_interface                                       |                          jtag_axi_lite_jtag_axi_v1_2_18_xsdb_fifo_interface |         91 |         91 |       0 |     0 |    474 |      0 |      0 |    0 |          0 |
|         wr_cmd_fifo_i                                               |             jtag_axi_lite_fifo_generator_v13_2_9__parameterized1__xdcDup__1 |         37 |         36 |       0 |     1 |    100 |      1 |      0 |    0 |          0 |
|   jtag_mem                                                          |                                                                jtag_axi_mem |        647 |        485 |     160 |     2 |   1670 |      2 |      1 |    0 |          0 |
|     inst                                                            |                                      jtag_axi_mem_jtag_axi_v1_2_18_jtag_axi |        647 |        485 |     160 |     2 |   1670 |      2 |      1 |    0 |          0 |
|       (inst)                                                        |                                      jtag_axi_mem_jtag_axi_v1_2_18_jtag_axi |          0 |          0 |       0 |     0 |      0 |      0 |      0 |    0 |          0 |
|       axi_bridge_u                                                  |                                    jtag_axi_mem_jtag_axi_v1_2_18_axi_bridge |         59 |         59 |       0 |     0 |    171 |      0 |      0 |    0 |          0 |
|         read_axi_full_u                                             |                                      jtag_axi_mem_jtag_axi_v1_2_18_read_axi |         13 |         13 |       0 |     0 |     92 |      0 |      0 |    0 |          0 |
|         write_axi_full_u                                            |                                     jtag_axi_mem_jtag_axi_v1_2_18_write_axi |         46 |         46 |       0 |     0 |     79 |      0 |      0 |    0 |          0 |
|       jtag_axi_engine_u                                             |                               jtag_axi_mem_jtag_axi_v1_2_18_jtag_axi_engine |        590 |        428 |     160 |     2 |   1499 |      2 |      1 |    0 |          0 |
|         (jtag_axi_engine_u)                                         |                               jtag_axi_mem_jtag_axi_v1_2_18_jtag_axi_engine |         39 |         39 |       0 |     0 |    280 |      0 |      0 |    0 |          0 |
|         U_XSDB_SLAVE                                                |                                             jtag_axi_mem_xsdbs_v1_0_3_xsdbs |         76 |         76 |       0 |     0 |    161 |      0 |      0 |    0 |          0 |
|         cmd_decode_rd_channel                                       |                                    jtag_axi_mem_jtag_axi_v1_2_18_cmd_decode |          3 |          3 |       0 |     0 |      5 |      0 |      0 |    0 |          0 |
|         cmd_decode_wr_channel                                       |                                  jtag_axi_mem_jtag_axi_v1_2_18_cmd_decode_0 |          6 |          6 |       0 |     0 |      5 |      0 |      0 |    0 |          0 |
|         rd_cmd_fifo_i                                               |                         jtag_axi_mem_fifo_generator_v13_2_9__parameterized1 |         33 |         33 |       0 |     0 |    118 |      1 |      0 |    0 |          0 |
|         rx_fifo_i                                                   |                         jtag_axi_mem_fifo_generator_v13_2_9__parameterized0 |         60 |         60 |       0 |     0 |    150 |      0 |      1 |    0 |          0 |
|         tx_fifo_i                                                   |                                         jtag_axi_mem_fifo_generator_v13_2_9 |        252 |         92 |     160 |     0 |    180 |      0 |      0 |    0 |          0 |
|         u_xsdb_fifo_interface                                       |                           jtag_axi_mem_jtag_axi_v1_2_18_xsdb_fifo_interface |         91 |         91 |       0 |     0 |    474 |      0 |      0 |    0 |          0 |
|         wr_cmd_fifo_i                                               |              jtag_axi_mem_fifo_generator_v13_2_9__parameterized1__xdcDup__1 |         36 |         34 |       0 |     2 |    126 |      1 |      0 |    0 |          0 |
|   r0                                                                |                                                             rate_counter__1 |         19 |         19 |       0 |     0 |     93 |      0 |      0 |    0 |          0 |
|   r1                                                                |                                                             rate_counter__2 |         19 |         19 |       0 |     0 |     93 |      0 |      0 |    0 |          0 |
|   r2                                                                |                                                             rate_counter__3 |         19 |         19 |       0 |     0 |     93 |      0 |      0 |    0 |          0 |
|   r3                                                                |                                                             rate_counter__4 |         19 |         19 |       0 |     0 |     93 |      0 |      0 |    0 |          0 |
|   r4                                                                |                                                             rate_counter__5 |         19 |         19 |       0 |     0 |     93 |      0 |      0 |    0 |          0 |
|   r5                                                                |                                             rate_counter__parameterized0__1 |         31 |         31 |       0 |     0 |    109 |      0 |      0 |    0 |          0 |
|   r6                                                                |                                                rate_counter__parameterized0 |         31 |         31 |       0 |     0 |    109 |      0 |      0 |    0 |          0 |
|   r7                                                                |                                                                rate_counter |         19 |         19 |       0 |     0 |     93 |      0 |      0 |    0 |          0 |
|   rf_bd                                                             |                                                                 mts_wrapper |      45429 |      31716 |   13464 |   249 |  54298 |      0 |      0 |   24 |          0 |
|     (rf_bd)                                                         |                                                                 mts_wrapper |          2 |          2 |       0 |     0 |      0 |      0 |      0 |    0 |          0 |
|     mts_i                                                           |                                                                         mts |      45427 |      31714 |   13464 |   249 |  54298 |      0 |      0 |   24 |          0 |
|       (mts_i)                                                       |                                                                         mts |          0 |          0 |       0 |     0 |      0 |      0 |      0 |    0 |          0 |
|       adc_b_tap                                                     |                                                             mts_adc_b_tap_0 |          0 |          0 |       0 |     0 |      0 |      0 |      0 |    0 |          0 |
|       adc_d_tap                                                     |                                                             mts_adc_d_tap_0 |          0 |          0 |       0 |     0 |      0 |      0 |      0 |    0 |          0 |
|       bufg_pl_clk                                                   |                                                           mts_bufg_pl_clk_0 |          0 |          0 |       0 |     0 |      0 |      0 |      0 |    0 |          0 |
|         U0                                                          |                                               mts_bufg_pl_clk_0_util_ds_buf |          0 |          0 |       0 |     0 |      0 |      0 |      0 |    0 |          0 |
|       cap0_cc                                                       |                                                               mts_cap0_cc_0 |        207 |         59 |     148 |     0 |    604 |      0 |      0 |    0 |          0 |
|         inst                                                        |             mts_cap0_cc_0_axis_clock_converter_v1_1_30_axis_clock_converter |        207 |         59 |     148 |     0 |    604 |      0 |      0 |    0 |          0 |
|       cap0_ctrl                                                     |                                                             mts_cap0_ctrl_0 |       2405 |        925 |    1480 |     0 |    518 |      0 |      0 |    0 |          0 |
|         U0                                                          |                                               mts_cap0_ctrl_0_axi_bram_ctrl |       2405 |        925 |    1480 |     0 |    518 |      0 |      0 |    0 |          0 |
|       cap0_dw                                                       |                                                               mts_cap0_dw_0 |          7 |          7 |       0 |     0 |    390 |      0 |      0 |    0 |          0 |
|         inst                                                        |           mts_cap0_dw_0_axis_dwidth_converter_v1_1_28_axis_dwidth_converter |          7 |          7 |       0 |     0 |    390 |      0 |      0 |    0 |          0 |
|       cap0_gate                                                     |                                                             mts_cap0_gate_0 |         19 |         19 |       0 |     0 |    143 |      0 |      0 |    0 |          0 |
|         inst                                                        |                                                    mts_cap0_gate_0_cap_gate |         19 |         19 |       0 |     0 |    143 |      0 |      0 |    0 |          0 |
|       cap0_mem                                                      |                                                              mts_cap0_mem_0 |          9 |          9 |       0 |     0 |    256 |      0 |      0 |    4 |          0 |
|         U0                                                          |                                           mts_cap0_mem_0_blk_mem_gen_v8_4_7 |          9 |          9 |       0 |     0 |    256 |      0 |      0 |    4 |          0 |
|       cap0_writer                                                   |                                                           mts_cap0_writer_0 |          8 |          8 |       0 |     0 |    286 |      0 |      0 |    0 |          0 |
|         inst                                                        |                                             mts_cap0_writer_0_ADCRAMcapture |          8 |          8 |       0 |     0 |    286 |      0 |      0 |    0 |          0 |
|       cap1_cc                                                       |                                                               mts_cap1_cc_0 |        207 |         59 |     148 |     0 |    604 |      0 |      0 |    0 |          0 |
|         inst                                                        |             mts_cap1_cc_0_axis_clock_converter_v1_1_30_axis_clock_converter |        207 |         59 |     148 |     0 |    604 |      0 |      0 |    0 |          0 |
|       cap1_ctrl                                                     |                                                             mts_cap1_ctrl_0 |       2402 |        922 |    1480 |     0 |    518 |      0 |      0 |    0 |          0 |
|         U0                                                          |                                               mts_cap1_ctrl_0_axi_bram_ctrl |       2402 |        922 |    1480 |     0 |    518 |      0 |      0 |    0 |          0 |
|       cap1_dw                                                       |                                                               mts_cap1_dw_0 |          7 |          7 |       0 |     0 |    390 |      0 |      0 |    0 |          0 |
|         inst                                                        |           mts_cap1_dw_0_axis_dwidth_converter_v1_1_28_axis_dwidth_converter |          7 |          7 |       0 |     0 |    390 |      0 |      0 |    0 |          0 |
|       cap1_gate                                                     |                                                             mts_cap1_gate_0 |         19 |         19 |       0 |     0 |    143 |      0 |      0 |    0 |          0 |
|         inst                                                        |                                                    mts_cap1_gate_0_cap_gate |         19 |         19 |       0 |     0 |    143 |      0 |      0 |    0 |          0 |
|       cap1_mem                                                      |                                                              mts_cap1_mem_0 |          9 |          9 |       0 |     0 |    256 |      0 |      0 |    4 |          0 |
|         U0                                                          |                                           mts_cap1_mem_0_blk_mem_gen_v8_4_7 |          9 |          9 |       0 |     0 |    256 |      0 |      0 |    4 |          0 |
|       cap1_writer                                                   |                                                           mts_cap1_writer_0 |          8 |          8 |       0 |     0 |    286 |      0 |      0 |    0 |          0 |
|         inst                                                        |                                             mts_cap1_writer_0_ADCRAMcapture |          8 |          8 |       0 |     0 |    286 |      0 |      0 |    0 |          0 |
|       cap2_cc                                                       |                                                               mts_cap2_cc_0 |        207 |         59 |     148 |     0 |    604 |      0 |      0 |    0 |          0 |
|         inst                                                        |             mts_cap2_cc_0_axis_clock_converter_v1_1_30_axis_clock_converter |        207 |         59 |     148 |     0 |    604 |      0 |      0 |    0 |          0 |
|       cap2_ctrl                                                     |                                                             mts_cap2_ctrl_0 |       2404 |        924 |    1480 |     0 |    518 |      0 |      0 |    0 |          0 |
|         U0                                                          |                                               mts_cap2_ctrl_0_axi_bram_ctrl |       2404 |        924 |    1480 |     0 |    518 |      0 |      0 |    0 |          0 |
|       cap2_dw                                                       |                                                               mts_cap2_dw_0 |          7 |          7 |       0 |     0 |    390 |      0 |      0 |    0 |          0 |
|         inst                                                        |           mts_cap2_dw_0_axis_dwidth_converter_v1_1_28_axis_dwidth_converter |          7 |          7 |       0 |     0 |    390 |      0 |      0 |    0 |          0 |
|       cap2_gate                                                     |                                                             mts_cap2_gate_0 |         19 |         19 |       0 |     0 |    143 |      0 |      0 |    0 |          0 |
|         inst                                                        |                                                    mts_cap2_gate_0_cap_gate |         19 |         19 |       0 |     0 |    143 |      0 |      0 |    0 |          0 |
|       cap2_mem                                                      |                                                              mts_cap2_mem_0 |          9 |          9 |       0 |     0 |    256 |      0 |      0 |    4 |          0 |
|         U0                                                          |                                           mts_cap2_mem_0_blk_mem_gen_v8_4_7 |          9 |          9 |       0 |     0 |    256 |      0 |      0 |    4 |          0 |
|       cap2_writer                                                   |                                                           mts_cap2_writer_0 |          8 |          8 |       0 |     0 |    286 |      0 |      0 |    0 |          0 |
|         inst                                                        |                                             mts_cap2_writer_0_ADCRAMcapture |          8 |          8 |       0 |     0 |    286 |      0 |      0 |    0 |          0 |
|       cap3_cc                                                       |                                                               mts_cap3_cc_0 |        208 |         60 |     148 |     0 |    604 |      0 |      0 |    0 |          0 |
|         inst                                                        |             mts_cap3_cc_0_axis_clock_converter_v1_1_30_axis_clock_converter |        208 |         60 |     148 |     0 |    604 |      0 |      0 |    0 |          0 |
|       cap3_ctrl                                                     |                                                             mts_cap3_ctrl_0 |       2399 |        919 |    1480 |     0 |    518 |      0 |      0 |    0 |          0 |
|         U0                                                          |                                               mts_cap3_ctrl_0_axi_bram_ctrl |       2399 |        919 |    1480 |     0 |    518 |      0 |      0 |    0 |          0 |
|       cap3_dw                                                       |                                                               mts_cap3_dw_0 |          7 |          7 |       0 |     0 |    390 |      0 |      0 |    0 |          0 |
|         inst                                                        |           mts_cap3_dw_0_axis_dwidth_converter_v1_1_28_axis_dwidth_converter |          7 |          7 |       0 |     0 |    390 |      0 |      0 |    0 |          0 |
|       cap3_gate                                                     |                                                             mts_cap3_gate_0 |         19 |         19 |       0 |     0 |    143 |      0 |      0 |    0 |          0 |
|         inst                                                        |                                                    mts_cap3_gate_0_cap_gate |         19 |         19 |       0 |     0 |    143 |      0 |      0 |    0 |          0 |
|       cap3_mem                                                      |                                                              mts_cap3_mem_0 |          9 |          9 |       0 |     0 |    256 |      0 |      0 |    4 |          0 |
|         U0                                                          |                                           mts_cap3_mem_0_blk_mem_gen_v8_4_7 |          9 |          9 |       0 |     0 |    256 |      0 |      0 |    4 |          0 |
|       cap3_writer                                                   |                                                           mts_cap3_writer_0 |          8 |          8 |       0 |     0 |    286 |      0 |      0 |    0 |          0 |
|         inst                                                        |                                             mts_cap3_writer_0_ADCRAMcapture |          8 |          8 |       0 |     0 |    286 |      0 |      0 |    0 |          0 |
|       clk_meter_0                                                   |                                                           mts_clk_meter_0_0 |         35 |         35 |       0 |     0 |    129 |      0 |      0 |    0 |          0 |
|         inst                                                        |                                                 mts_clk_meter_0_0_clk_meter |         35 |         35 |       0 |     0 |    129 |      0 |      0 |    0 |          0 |
|       ctrl_interconnect                                             |                                                     mts_ctrl_interconnect_0 |      20427 |      16456 |    3726 |   245 |  34002 |      0 |      0 |    0 |          0 |
|         m00_couplers                                                |                                                     m00_couplers_imp_L0IA2U |       1666 |       1569 |      56 |    41 |   1473 |      0 |      0 |    0 |          0 |
|         m01_couplers                                                |                                                    m01_couplers_imp_15NZ1MR |       1430 |       1333 |      56 |    41 |   1363 |      0 |      0 |    0 |          0 |
|         m02_couplers                                                |                                                     m02_couplers_imp_C6A959 |        871 |        201 |     670 |     0 |   2802 |      0 |      0 |    0 |          0 |
|         m03_couplers                                                |                                                    m03_couplers_imp_1WDU0JS |       2087 |       1365 |     722 |     0 |   3858 |      0 |      0 |    0 |          0 |
|         m04_couplers                                                |                                                    m04_couplers_imp_12KMQS0 |       2080 |       1358 |     722 |     0 |   3858 |      0 |      0 |    0 |          0 |
|         m05_couplers                                                |                                                     m05_couplers_imp_O0SN85 |       2081 |       1359 |     722 |     0 |   3858 |      0 |      0 |    0 |          0 |
|         m06_couplers                                                |                                                    m06_couplers_imp_1TAUIQJ |       2083 |       1361 |     722 |     0 |   3858 |      0 |      0 |    0 |          0 |
|         m07_couplers                                                |                                                     m07_couplers_imp_F7HGPQ |       1554 |       1457 |      56 |    41 |   1363 |      0 |      0 |    0 |          0 |
|         s00_couplers                                                |                                                    s00_couplers_imp_1QW8KAK |       2017 |       1899 |       0 |   118 |   3051 |      0 |      0 |    0 |          0 |
|         xbar                                                        |                                                                  mts_xbar_0 |       4611 |       4607 |       0 |     4 |   8518 |      0 |      0 |    0 |          0 |
|       dac_bcast                                                     |                                                             mts_dac_bcast_0 |          0 |          0 |       0 |     0 |      0 |      0 |      0 |    0 |          0 |
|         inst                                                        |                                         mts_dac_bcast_0_top_mts_dac_bcast_0 |          0 |          0 |       0 |     0 |      0 |      0 |      0 |    0 |          0 |
|       dac_cc                                                        |                                                                mts_dac_cc_0 |        356 |         60 |     296 |     0 |   1116 |      0 |      0 |    0 |          0 |
|         inst                                                        |              mts_dac_cc_0_axis_clock_converter_v1_1_30_axis_clock_converter |        356 |         60 |     296 |     0 |   1116 |      0 |      0 |    0 |          0 |
|       dac_dw                                                        |                                                                mts_dac_dw_0 |        132 |        132 |       0 |     0 |    772 |      0 |      0 |    0 |          0 |
|         inst                                                        |            mts_dac_dw_0_axis_dwidth_converter_v1_1_28_axis_dwidth_converter |        132 |        132 |       0 |     0 |    772 |      0 |      0 |    0 |          0 |
|       dac_mux                                                       |                                                               mts_dac_mux_0 |        128 |        128 |       0 |     0 |    256 |      0 |      0 |    0 |          0 |
|         inst                                                        |                                                   mts_dac_mux_0_dac_src_mux |        128 |        128 |       0 |     0 |    256 |      0 |      0 |    0 |          0 |
|       dac_play_ctrl                                                 |                                                         mts_dac_play_ctrl_0 |       4438 |       1508 |    2930 |     0 |    875 |      0 |      0 |    0 |          0 |
|         (dac_play_ctrl)                                             |                                                         mts_dac_play_ctrl_0 |          0 |          0 |       0 |     0 |      0 |      0 |      0 |    0 |          0 |
|         U0                                                          |                                           mts_dac_play_ctrl_0_axi_bram_ctrl |       4438 |       1508 |    2930 |     0 |    875 |      0 |      0 |    0 |          0 |
|       dac_play_mem                                                  |                                                          mts_dac_play_mem_0 |         27 |         27 |       0 |     0 |   1024 |      0 |      0 |    8 |          0 |
|         U0                                                          |                                       mts_dac_play_mem_0_blk_mem_gen_v8_4_7 |         27 |         27 |       0 |     0 |   1024 |      0 |      0 |    8 |          0 |
|       dac_streamer                                                  |                                                          mts_dac_streamer_0 |          3 |          3 |       0 |     0 |    529 |      0 |      0 |    0 |          0 |
|         (dac_streamer)                                              |                                                          mts_dac_streamer_0 |          0 |          0 |       0 |     0 |      0 |      0 |      0 |    0 |          0 |
|         inst                                                        |                                           mts_dac_streamer_0_DACRAMstreamer |          3 |          3 |       0 |     0 |    529 |      0 |      0 |    0 |          0 |
|       gpio_cap_arm                                                  |                                                          mts_gpio_cap_arm_0 |          0 |          0 |       0 |     0 |      0 |      0 |      0 |    0 |          0 |
|       gpio_cap_req                                                  |                                                          mts_gpio_cap_req_0 |          0 |          0 |       0 |     0 |      0 |      0 |      0 |    0 |          0 |
|       gpio_ctrl                                                     |                                                             mts_gpio_ctrl_0 |         40 |         40 |       0 |     0 |     62 |      0 |      0 |    0 |          0 |
|         U0                                                          |                                                    mts_gpio_ctrl_0_axi_gpio |         40 |         40 |       0 |     0 |     62 |      0 |      0 |    0 |          0 |
|       gpio_meter                                                    |                                                            mts_gpio_meter_0 |        126 |        126 |       0 |     0 |    542 |      0 |      0 |    0 |          0 |
|         U0                                                          |                                                   mts_gpio_meter_0_axi_gpio |        126 |        126 |       0 |     0 |    542 |      0 |      0 |    0 |          0 |
|       gpio_mmcm_rst                                                 |                                                         mts_gpio_mmcm_rst_0 |          0 |          0 |       0 |     0 |      0 |      0 |      0 |    0 |          0 |
|       gpio_play                                                     |                                                             mts_gpio_play_0 |          0 |          0 |       0 |     0 |      0 |      0 |      0 |    0 |          0 |
|       gpio_status                                                   |                                                           mts_gpio_status_0 |          0 |          0 |       0 |     0 |      0 |      0 |      0 |    0 |          0 |
|       ibufds_pl_clk                                                 |                                                         mts_ibufds_pl_clk_0 |          0 |          0 |       0 |     0 |      0 |      0 |      0 |    0 |          0 |
|         U0                                                          |                                             mts_ibufds_pl_clk_0_util_ds_buf |          0 |          0 |       0 |     0 |      0 |      0 |      0 |    0 |          0 |
|       mmcm_rf                                                       |                                                               mts_mmcm_rf_0 |          0 |          0 |       0 |     0 |      0 |      0 |      0 |    0 |          0 |
|         inst                                                        |                                                       mts_mmcm_rf_0_clk_wiz |          0 |          0 |       0 |     0 |      0 |      0 |      0 |    0 |          0 |
|       mts_sync_0                                                    |                                                            mts_mts_sync_0_0 |          2 |          2 |       0 |     0 |     10 |      0 |      0 |    0 |          0 |
|         inst                                                        |                                                   mts_mts_sync_0_0_mts_sync |          2 |          2 |       0 |     0 |     10 |      0 |      0 |    0 |          0 |
|       rst_cap                                                       |                                                               mts_rst_cap_0 |         14 |         13 |       0 |     1 |     57 |      0 |      0 |    0 |          0 |
|         U0                                                          |                                                mts_rst_cap_0_proc_sys_reset |         14 |         13 |       0 |     1 |     57 |      0 |      0 |    0 |          0 |
|       rst_ps                                                        |                                                                mts_rst_ps_0 |         17 |         16 |       0 |     1 |     38 |      0 |      0 |    0 |          0 |
|         U0                                                          |                                                 mts_rst_ps_0_proc_sys_reset |         17 |         16 |       0 |     1 |     38 |      0 |      0 |    0 |          0 |
|       rst_rf                                                        |                                                                mts_rst_rf_0 |         16 |         15 |       0 |     1 |     33 |      0 |      0 |    0 |          0 |
|         U0                                                          |                                                 mts_rst_rf_0_proc_sys_reset |         16 |         15 |       0 |     1 |     33 |      0 |      0 |    0 |          0 |
|       usp_rf_data_converter_0                                       |                                               mts_usp_rf_data_converter_0_0 |       9073 |       9072 |       0 |     1 |   6065 |      0 |      0 |    0 |          0 |
|         inst                                                        |                                         mts_usp_rf_data_converter_0_0_block |       9073 |       9072 |       0 |     1 |   6065 |      0 |      0 |    0 |          0 |
|       zynq_ultra_ps_e_0                                             |                                                     mts_zynq_ultra_ps_e_0_0 |          0 |          0 |       0 |     0 |      0 |      0 |      0 |    0 |          0 |
|         inst                                                        |              mts_zynq_ultra_ps_e_0_0_zynq_ultra_ps_e_v3_5_1_zynq_ultra_ps_e |          0 |          0 |       0 |     0 |      0 |      0 |      0 |    0 |          0 |
|   roce_fifo                                                         |                                                             axis_async_fifo |         91 |         91 |       0 |     0 |    711 |     16 |      1 |    0 |          0 |
|   rst_100_sync                                                      |                                                                  sync_reset |          1 |          1 |       0 |     0 |      4 |      0 |      0 |    0 |          0 |
|   rst_125_sync                                                      |                                                                sync_reset_0 |          0 |          0 |       0 |     0 |      4 |      0 |      0 |    0 |          0 |
|   rst_200_sync                                                      |                                                                sync_reset_1 |          2 |          2 |       0 |     0 |      4 |      0 |      0 |    0 |          0 |
|   rst_mac_sync                                                      |                                                                sync_reset_2 |          2 |          2 |       0 |     0 |      4 |      0 |      0 |    0 |          0 |
|   rx_filter                                                         |                                                              roce_rx_filter |         18 |         18 |       0 |     0 |    583 |      0 |      0 |    0 |          0 |
|   rxd_split                                                         |                                                                  axi_split2 |         21 |         21 |       0 |     0 |     15 |      0 |      0 |    0 |          0 |
|   stream_inst                                                       |                                                                   rf_stream |      64355 |      33555 |   18096 | 12704 |  86190 |    544 |    141 |   24 |        837 |
|     (stream_inst)                                                   |                                                                   rf_stream |       1764 |       1468 |     296 |     0 |   4491 |    512 |      0 |    0 |          0 |
|     cdc_clr                                                         |                                                               xpm_cdc_pulse |          2 |          2 |       0 |     0 |      6 |      0 |      0 |    0 |          0 |
|       (cdc_clr)                                                     |                                                               xpm_cdc_pulse |          2 |          2 |       0 |     0 |      3 |      0 |      0 |    0 |          0 |
|       xpm_cdc_single_inst                                           |                                                              xpm_cdc_single |          0 |          0 |       0 |     0 |      3 |      0 |      0 |    0 |          0 |
|     cdc_der                                                         |                                                            xpm_cdc_gray__11 |         54 |         54 |       0 |     0 |    128 |      0 |      0 |    0 |          0 |
|     cdc_dfr                                                         |                                                            xpm_cdc_gray__12 |         54 |         54 |       0 |     0 |    128 |      0 |      0 |    0 |          0 |
|     cdc_hs                                                          |                                                           xpm_cdc_handshake |          2 |          2 |       0 |     0 |    235 |      0 |      0 |    0 |          0 |
|       (cdc_hs)                                                      |                                                           xpm_cdc_handshake |          2 |          2 |       0 |     0 |    229 |      0 |      0 |    0 |          0 |
|       xpm_cdc_single_dest2src_inst                                  |                                                           xpm_cdc_single__4 |          0 |          0 |       0 |     0 |      3 |      0 |      0 |    0 |          0 |
|       xpm_cdc_single_src2dest_inst                                  |                                                           xpm_cdc_single__3 |          0 |          0 |       0 |     0 |      3 |      0 |      0 |    0 |          0 |
|     cdc_modq                                                        |                                                             xpm_cdc_gray__8 |         46 |         46 |       0 |     0 |    119 |      0 |      0 |    0 |          0 |
|     cdc_modu                                                        |                                                             xpm_cdc_gray__7 |         49 |         49 |       0 |     0 |    128 |      0 |      0 |    0 |          0 |
|     cdc_over                                                        |                                                             xpm_cdc_gray__9 |         54 |         54 |       0 |     0 |    128 |      0 |      0 |    0 |          0 |
|     cdc_txrd                                                        |                                                                xpm_cdc_gray |         48 |         48 |       0 |     0 |    128 |      0 |      0 |    0 |          0 |
|     cdc_under                                                       |                                                            xpm_cdc_gray__10 |         48 |         48 |       0 |     0 |    128 |      0 |      0 |    0 |          0 |
|     demodulator                                                     |                                                                     ofdm_rx |      31691 |      18433 |    6848 |  6410 |  41139 |     32 |     73 |    0 |        516 |
|       (demodulator)                                                 |                                                                     ofdm_rx |      15533 |       8741 |    6600 |   192 |   5705 |      0 |      9 |    0 |        192 |
|       g_lane[0].coef                                                |                                        xpm_memory_sdpram__parameterized0__1 |          0 |          0 |       0 |     0 |      0 |      2 |      0 |    0 |          0 |
|         xpm_memory_base_inst                                        |                                          xpm_memory_base__parameterized3__1 |          0 |          0 |       0 |     0 |      0 |      2 |      0 |    0 |          0 |
|       g_lane[0].g_yb[0].ybuf                                        |                                        xpm_memory_tdpram__parameterized0__1 |          0 |          0 |       0 |     0 |      0 |      1 |      0 |    0 |          0 |
|         xpm_memory_base_inst                                        |                                          xpm_memory_base__parameterized2__1 |          0 |          0 |       0 |     0 |      0 |      1 |      0 |    0 |          0 |
|       g_lane[0].g_yb[1].ybuf                                        |                                        xpm_memory_tdpram__parameterized0__2 |          0 |          0 |       0 |     0 |      0 |      1 |      0 |    0 |          0 |
|         xpm_memory_base_inst                                        |                                          xpm_memory_base__parameterized2__2 |          0 |          0 |       0 |     0 |      0 |      1 |      0 |    0 |          0 |
|       g_lane[0].u_fft                                               |                                                                    ifft1024 |       1721 |        925 |      31 |   765 |   4033 |      0 |      8 |    0 |         40 |
|         U0                                                          |                                                       ifft1024_xfft_v9_1_10 |       1721 |        925 |      31 |   765 |   4033 |      0 |      8 |    0 |         40 |
|       g_lane[1].coef                                                |                                        xpm_memory_sdpram__parameterized0__2 |          0 |          0 |       0 |     0 |      0 |      2 |      0 |    0 |          0 |
|         xpm_memory_base_inst                                        |                                          xpm_memory_base__parameterized3__2 |          0 |          0 |       0 |     0 |      0 |      2 |      0 |    0 |          0 |
|       g_lane[1].g_yb[0].ybuf                                        |                                        xpm_memory_tdpram__parameterized0__3 |          0 |          0 |       0 |     0 |      0 |      1 |      0 |    0 |          0 |
|         xpm_memory_base_inst                                        |                                          xpm_memory_base__parameterized2__3 |          0 |          0 |       0 |     0 |      0 |      1 |      0 |    0 |          0 |
|       g_lane[1].g_yb[1].ybuf                                        |                                        xpm_memory_tdpram__parameterized0__4 |          0 |          0 |       0 |     0 |      0 |      1 |      0 |    0 |          0 |
|         xpm_memory_base_inst                                        |                                          xpm_memory_base__parameterized2__4 |          0 |          0 |       0 |     0 |      0 |      1 |      0 |    0 |          0 |
|       g_lane[1].u_fft                                               |                                                               ifft1024_HD16 |       1720 |        924 |      31 |   765 |   4033 |      0 |      8 |    0 |         40 |
|         U0                                                          |                                                  ifft1024_xfft_v9_1_10_HD17 |       1720 |        924 |      31 |   765 |   4033 |      0 |      8 |    0 |         40 |
|       g_lane[2].coef                                                |                                           xpm_memory_sdpram__parameterized0 |          0 |          0 |       0 |     0 |      0 |      2 |      0 |    0 |          0 |
|         xpm_memory_base_inst                                        |                                             xpm_memory_base__parameterized3 |          0 |          0 |       0 |     0 |      0 |      2 |      0 |    0 |          0 |
|       g_lane[2].g_yb[0].ybuf                                        |                                           xpm_memory_tdpram__parameterized0 |          0 |          0 |       0 |     0 |      0 |      1 |      0 |    0 |          0 |
|         xpm_memory_base_inst                                        |                                             xpm_memory_base__parameterized2 |          0 |          0 |       0 |     0 |      0 |      1 |      0 |    0 |          0 |
|       g_lane[2].g_yb[1].ybuf                                        |                                       xpm_memory_tdpram__parameterized0__15 |          0 |          0 |       0 |     0 |      0 |      1 |      0 |    0 |          0 |
|         xpm_memory_base_inst                                        |                                         xpm_memory_base__parameterized2__15 |          0 |          0 |       0 |     0 |      0 |      1 |      0 |    0 |          0 |
|       g_lane[2].u_fft                                               |                                                              ifft1024_HD633 |       1720 |        924 |      31 |   765 |   4033 |      0 |      8 |    0 |         40 |
|         U0                                                          |                                                 ifft1024_xfft_v9_1_10_HD634 |       1720 |        924 |      31 |   765 |   4033 |      0 |      8 |    0 |         40 |
|       g_lane[3].coef                                                |                                        xpm_memory_sdpram__parameterized0__3 |          0 |          0 |       0 |     0 |      0 |      2 |      0 |    0 |          0 |
|         xpm_memory_base_inst                                        |                                          xpm_memory_base__parameterized3__3 |          0 |          0 |       0 |     0 |      0 |      2 |      0 |    0 |          0 |
|       g_lane[3].g_yb[0].ybuf                                        |                                        xpm_memory_tdpram__parameterized0__5 |          0 |          0 |       0 |     0 |      0 |      1 |      0 |    0 |          0 |
|         xpm_memory_base_inst                                        |                                          xpm_memory_base__parameterized2__5 |          0 |          0 |       0 |     0 |      0 |      1 |      0 |    0 |          0 |
|       g_lane[3].g_yb[1].ybuf                                        |                                        xpm_memory_tdpram__parameterized0__6 |          0 |          0 |       0 |     0 |      0 |      1 |      0 |    0 |          0 |
|         xpm_memory_base_inst                                        |                                          xpm_memory_base__parameterized2__6 |          0 |          0 |       0 |     0 |      0 |      1 |      0 |    0 |          0 |
|       g_lane[3].u_fft                                               |                                                             ifft1024_HD1250 |       1721 |        925 |      31 |   765 |   4033 |      0 |      8 |    0 |         40 |
|         U0                                                          |                                                ifft1024_xfft_v9_1_10_HD1251 |       1721 |        925 |      31 |   765 |   4033 |      0 |      8 |    0 |         40 |
|       g_lane[4].coef                                                |                                        xpm_memory_sdpram__parameterized0__4 |          0 |          0 |       0 |     0 |      0 |      2 |      0 |    0 |          0 |
|         xpm_memory_base_inst                                        |                                          xpm_memory_base__parameterized3__4 |          0 |          0 |       0 |     0 |      0 |      2 |      0 |    0 |          0 |
|       g_lane[4].g_yb[0].ybuf                                        |                                        xpm_memory_tdpram__parameterized0__7 |          0 |          0 |       0 |     0 |      0 |      1 |      0 |    0 |          0 |
|         xpm_memory_base_inst                                        |                                          xpm_memory_base__parameterized2__7 |          0 |          0 |       0 |     0 |      0 |      1 |      0 |    0 |          0 |
|       g_lane[4].g_yb[1].ybuf                                        |                                        xpm_memory_tdpram__parameterized0__8 |          0 |          0 |       0 |     0 |      0 |      1 |      0 |    0 |          0 |
|         xpm_memory_base_inst                                        |                                          xpm_memory_base__parameterized2__8 |          0 |          0 |       0 |     0 |      0 |      1 |      0 |    0 |          0 |
|       g_lane[4].u_fft                                               |                                                             ifft1024_HD1867 |       1720 |        924 |      31 |   765 |   4033 |      0 |      8 |    0 |         40 |
|         U0                                                          |                                                ifft1024_xfft_v9_1_10_HD1868 |       1720 |        924 |      31 |   765 |   4033 |      0 |      8 |    0 |         40 |
|       g_lane[5].coef                                                |                                        xpm_memory_sdpram__parameterized0__7 |          0 |          0 |       0 |     0 |      0 |      2 |      0 |    0 |          0 |
|         xpm_memory_base_inst                                        |                                          xpm_memory_base__parameterized3__7 |          0 |          0 |       0 |     0 |      0 |      2 |      0 |    0 |          0 |
|       g_lane[5].g_yb[0].ybuf                                        |                                       xpm_memory_tdpram__parameterized0__14 |          0 |          0 |       0 |     0 |      0 |      1 |      0 |    0 |          0 |
|         xpm_memory_base_inst                                        |                                         xpm_memory_base__parameterized2__14 |          0 |          0 |       0 |     0 |      0 |      1 |      0 |    0 |          0 |
|       g_lane[5].g_yb[1].ybuf                                        |                                       xpm_memory_tdpram__parameterized0__13 |          0 |          0 |       0 |     0 |      0 |      1 |      0 |    0 |          0 |
|         xpm_memory_base_inst                                        |                                         xpm_memory_base__parameterized2__13 |          0 |          0 |       0 |     0 |      0 |      1 |      0 |    0 |          0 |
|       g_lane[5].u_fft                                               |                                                             ifft1024_HD2484 |       1720 |        924 |      31 |   765 |   4033 |      0 |      8 |    0 |         40 |
|         U0                                                          |                                                ifft1024_xfft_v9_1_10_HD2485 |       1720 |        924 |      31 |   765 |   4033 |      0 |      8 |    0 |         40 |
|       g_lane[6].coef                                                |                                        xpm_memory_sdpram__parameterized0__5 |          0 |          0 |       0 |     0 |      0 |      2 |      0 |    0 |          0 |
|         xpm_memory_base_inst                                        |                                          xpm_memory_base__parameterized3__5 |          0 |          0 |       0 |     0 |      0 |      2 |      0 |    0 |          0 |
|       g_lane[6].g_yb[0].ybuf                                        |                                        xpm_memory_tdpram__parameterized0__9 |          0 |          0 |       0 |     0 |      0 |      1 |      0 |    0 |          0 |
|         xpm_memory_base_inst                                        |                                          xpm_memory_base__parameterized2__9 |          0 |          0 |       0 |     0 |      0 |      1 |      0 |    0 |          0 |
|       g_lane[6].g_yb[1].ybuf                                        |                                       xpm_memory_tdpram__parameterized0__10 |          0 |          0 |       0 |     0 |      0 |      1 |      0 |    0 |          0 |
|         xpm_memory_base_inst                                        |                                         xpm_memory_base__parameterized2__10 |          0 |          0 |       0 |     0 |      0 |      1 |      0 |    0 |          0 |
|       g_lane[6].u_fft                                               |                                                             ifft1024_HD3101 |       1720 |        924 |      31 |   765 |   4033 |      0 |      8 |    0 |         40 |
|         U0                                                          |                                                ifft1024_xfft_v9_1_10_HD3102 |       1720 |        924 |      31 |   765 |   4033 |      0 |      8 |    0 |         40 |
|       g_lane[7].coef                                                |                                        xpm_memory_sdpram__parameterized0__6 |          0 |          0 |       0 |     0 |      0 |      2 |      0 |    0 |          0 |
|         xpm_memory_base_inst                                        |                                          xpm_memory_base__parameterized3__6 |          0 |          0 |       0 |     0 |      0 |      2 |      0 |    0 |          0 |
|       g_lane[7].g_yb[0].ybuf                                        |                                       xpm_memory_tdpram__parameterized0__12 |          0 |          0 |       0 |     0 |      0 |      1 |      0 |    0 |          0 |
|         xpm_memory_base_inst                                        |                                         xpm_memory_base__parameterized2__12 |          0 |          0 |       0 |     0 |      0 |      1 |      0 |    0 |          0 |
|       g_lane[7].g_yb[1].ybuf                                        |                                       xpm_memory_tdpram__parameterized0__11 |          0 |          0 |       0 |     0 |      0 |      1 |      0 |    0 |          0 |
|         xpm_memory_base_inst                                        |                                         xpm_memory_base__parameterized2__11 |          0 |          0 |       0 |     0 |      0 |      1 |      0 |    0 |          0 |
|       g_lane[7].u_fft                                               |                                                             ifft1024_HD3718 |       1720 |        924 |      31 |   765 |   4033 |      0 |      8 |    0 |         40 |
|         U0                                                          |                                                ifft1024_xfft_v9_1_10_HD3719 |       1720 |        924 |      31 |   765 |   4033 |      0 |      8 |    0 |         40 |
|       u_rot                                                         |                                                                 ofdm_rx_rot |       2396 |       2298 |       0 |    98 |   3170 |      0 |      0 |    0 |          4 |
|         (u_rot)                                                     |                                                                 ofdm_rx_rot |        907 |        907 |       0 |     0 |    562 |      0 |      0 |    0 |          0 |
|         u_add                                                       |                                                                      fp_add |        173 |        160 |       0 |    13 |    309 |      0 |      0 |    0 |          2 |
|         u_div                                                       |                                                                      fp_div |        773 |        737 |       0 |    36 |   1347 |      0 |      0 |    0 |          0 |
|         u_mul                                                       |                                                                      fp_mul |        101 |         85 |       0 |    16 |    166 |      0 |      0 |    0 |          2 |
|         u_sqrt                                                      |                                                                     fp_sqrt |        442 |        409 |       0 |    33 |    786 |      0 |      0 |    0 |          0 |
|     modulator                                                       |                                                                     ofdm_tx |      30195 |      13252 |   10648 |  6295 |  37785 |      0 |     68 |    8 |        321 |
|       (modulator)                                                   |                                                                     ofdm_tx |      16437 |       5862 |   10400 |   175 |   5585 |      0 |      4 |    0 |          1 |
|       g_half[0].g_rep[0].ram                                        |                                                        xpm_memory_tdpram__1 |          0 |          0 |       0 |     0 |      0 |      0 |      0 |    1 |          0 |
|         xpm_memory_base_inst                                        |                                                          xpm_memory_base__1 |          0 |          0 |       0 |     0 |      0 |      0 |      0 |    1 |          0 |
|       g_half[0].g_rep[1].ram                                        |                                                        xpm_memory_tdpram__2 |          0 |          0 |       0 |     0 |      0 |      0 |      0 |    1 |          0 |
|         xpm_memory_base_inst                                        |                                                          xpm_memory_base__2 |          0 |          0 |       0 |     0 |      0 |      0 |      0 |    1 |          0 |
|       g_half[0].g_rep[2].ram                                        |                                                        xpm_memory_tdpram__3 |          0 |          0 |       0 |     0 |      0 |      0 |      0 |    1 |          0 |
|         xpm_memory_base_inst                                        |                                                          xpm_memory_base__3 |          0 |          0 |       0 |     0 |      0 |      0 |      0 |    1 |          0 |
|       g_half[0].g_rep[3].ram                                        |                                                        xpm_memory_tdpram__4 |          0 |          0 |       0 |     0 |      0 |      0 |      0 |    1 |          0 |
|         xpm_memory_base_inst                                        |                                                          xpm_memory_base__4 |          0 |          0 |       0 |     0 |      0 |      0 |      0 |    1 |          0 |
|       g_half[1].g_rep[0].ram                                        |                                                        xpm_memory_tdpram__5 |          0 |          0 |       0 |     0 |      0 |      0 |      0 |    1 |          0 |
|         xpm_memory_base_inst                                        |                                                          xpm_memory_base__5 |          0 |          0 |       0 |     0 |      0 |      0 |      0 |    1 |          0 |
|       g_half[1].g_rep[1].ram                                        |                                                        xpm_memory_tdpram__6 |          0 |          0 |       0 |     0 |      0 |      0 |      0 |    1 |          0 |
|         xpm_memory_base_inst                                        |                                                          xpm_memory_base__6 |          0 |          0 |       0 |     0 |      0 |      0 |      0 |    1 |          0 |
|       g_half[1].g_rep[2].ram                                        |                                                        xpm_memory_tdpram__7 |          0 |          0 |       0 |     0 |      0 |      0 |      0 |    1 |          0 |
|         xpm_memory_base_inst                                        |                                                          xpm_memory_base__7 |          0 |          0 |       0 |     0 |      0 |      0 |      0 |    1 |          0 |
|       g_half[1].g_rep[3].ram                                        |                                                           xpm_memory_tdpram |          0 |          0 |       0 |     0 |      0 |      0 |      0 |    1 |          0 |
|         xpm_memory_base_inst                                        |                                                             xpm_memory_base |          0 |          0 |       0 |     0 |      0 |      0 |      0 |    1 |          0 |
|       g_lane[0].u_ifft                                              |                                                             ifft1024_HD4335 |       1720 |        924 |      31 |   765 |   4025 |      0 |      8 |    0 |         40 |
|         U0                                                          |                                                ifft1024_xfft_v9_1_10_HD4336 |       1720 |        924 |      31 |   765 |   4025 |      0 |      8 |    0 |         40 |
|       g_lane[1].u_ifft                                              |                                                             ifft1024_HD4952 |       1720 |        924 |      31 |   765 |   4025 |      0 |      8 |    0 |         40 |
|         U0                                                          |                                                ifft1024_xfft_v9_1_10_HD4953 |       1720 |        924 |      31 |   765 |   4025 |      0 |      8 |    0 |         40 |
|       g_lane[2].u_ifft                                              |                                                             ifft1024_HD5569 |       1720 |        924 |      31 |   765 |   4025 |      0 |      8 |    0 |         40 |
|         U0                                                          |                                                ifft1024_xfft_v9_1_10_HD5570 |       1720 |        924 |      31 |   765 |   4025 |      0 |      8 |    0 |         40 |
|       g_lane[3].u_ifft                                              |                                                             ifft1024_HD6186 |       1721 |        925 |      31 |   765 |   4025 |      0 |      8 |    0 |         40 |
|         U0                                                          |                                                ifft1024_xfft_v9_1_10_HD6187 |       1721 |        925 |      31 |   765 |   4025 |      0 |      8 |    0 |         40 |
|       g_lane[4].u_ifft                                              |                                                             ifft1024_HD6803 |       1719 |        923 |      31 |   765 |   4025 |      0 |      8 |    0 |         40 |
|         U0                                                          |                                                ifft1024_xfft_v9_1_10_HD6804 |       1719 |        923 |      31 |   765 |   4025 |      0 |      8 |    0 |         40 |
|       g_lane[5].u_ifft                                              |                                                             ifft1024_HD7420 |       1720 |        924 |      31 |   765 |   4025 |      0 |      8 |    0 |         40 |
|         U0                                                          |                                                ifft1024_xfft_v9_1_10_HD7421 |       1720 |        924 |      31 |   765 |   4025 |      0 |      8 |    0 |         40 |
|       g_lane[6].u_ifft                                              |                                                             ifft1024_HD8037 |       1719 |        923 |      31 |   765 |   4025 |      0 |      8 |    0 |         40 |
|         U0                                                          |                                                ifft1024_xfft_v9_1_10_HD8038 |       1719 |        923 |      31 |   765 |   4025 |      0 |      8 |    0 |         40 |
|       g_lane[7].u_ifft                                              |                                                             ifft1024_HD8654 |       1720 |        924 |      31 |   765 |   4025 |      0 |      8 |    0 |         40 |
|         U0                                                          |                                                ifft1024_xfft_v9_1_10_HD8655 |       1720 |        924 |      31 |   765 |   4025 |      0 |      8 |    0 |         40 |
|     rx_cdc_fifo                                                     |                                                              xpm_fifo_async |        351 |         47 |     304 |     0 |   1135 |      0 |      0 |    0 |          0 |
|       gnuram_async_fifo.xpm_fifo_base_inst                          |                                                               xpm_fifo_base |        351 |         47 |     304 |     0 |   1135 |      0 |      0 |    0 |          0 |
|         (gnuram_async_fifo.xpm_fifo_base_inst)                      |                                                               xpm_fifo_base |          2 |          2 |       0 |     0 |      5 |      0 |      0 |    0 |          0 |
|         gen_cdc_pntr.rd_pntr_cdc_inst                               |                                                xpm_cdc_gray__parameterized0 |          5 |          5 |       0 |     0 |     16 |      0 |      0 |    0 |          0 |
|         gen_cdc_pntr.rpw_gray_reg                                   |                                                            xpm_fifo_reg_vec |          3 |          3 |       0 |     0 |      4 |      0 |      0 |    0 |          0 |
|         gen_cdc_pntr.wpr_gray_reg                                   |                                                          xpm_fifo_reg_vec_4 |          3 |          3 |       0 |     0 |      4 |      0 |      0 |    0 |          0 |
|         gen_cdc_pntr.wr_pntr_cdc_inst                               |                                             xpm_cdc_gray__parameterized0__2 |          5 |          5 |       0 |     0 |     16 |      0 |      0 |    0 |          0 |
|         gen_sdpram.xpm_memory_base_inst                             |                                             xpm_memory_base__parameterized0 |        304 |          0 |     304 |     0 |   1050 |      0 |      0 |    0 |          0 |
|         rdp_inst                                                    |                                            xpm_counter_updn__parameterized0 |          3 |          3 |       0 |     0 |      4 |      0 |      0 |    0 |          0 |
|         rdpp1_inst                                                  |                                            xpm_counter_updn__parameterized1 |          3 |          3 |       0 |     0 |      4 |      0 |      0 |    0 |          0 |
|         rst_d1_inst                                                 |                                                            xpm_fifo_reg_bit |          0 |          0 |       0 |     0 |      1 |      0 |      0 |    0 |          0 |
|         wrp_inst                                                    |                                          xpm_counter_updn__parameterized0_5 |          2 |          2 |       0 |     0 |      4 |      0 |      0 |    0 |          0 |
|         wrpp1_inst                                                  |                                          xpm_counter_updn__parameterized1_6 |          3 |          3 |       0 |     0 |      4 |      0 |      0 |    0 |          0 |
|         wrpp2_inst                                                  |                                            xpm_counter_updn__parameterized2 |          3 |          3 |       0 |     0 |      4 |      0 |      0 |    0 |          0 |
|         xpm_fifo_rst_inst                                           |                                                                xpm_fifo_rst |         15 |         15 |       0 |     0 |     19 |      0 |      0 |    0 |          0 |
|     rx_ring                                                         |                                                           xpm_memory_sdpram |          0 |          0 |       0 |     0 |    512 |      0 |      0 |   16 |          0 |
|       xpm_memory_base_inst                                          |                                             xpm_memory_base__parameterized1 |          0 |          0 |       0 |     0 |    512 |      0 |      0 |   16 |          0 |
|   tx_fifo                                                           |                                                                   axis_fifo |         42 |         42 |       0 |     0 |    542 |      8 |      1 |    0 |          0 |
|   tx_mux                                                            |                                                                axis_arb_mux |        597 |        597 |       0 |     0 |   1168 |      0 |      0 |    0 |          0 |
|     (tx_mux)                                                        |                                                                axis_arb_mux |          5 |          5 |       0 |     0 |   1157 |      0 |      0 |    0 |          0 |
|     arb_inst                                                        |                                                                     arbiter |        592 |        592 |       0 |     0 |     11 |      0 |      0 |    0 |          0 |
|   vio_inst                                                          |                                                                       vio_0 |        201 |        201 |       0 |     0 |   1099 |      0 |      0 |    0 |          0 |
|     (vio_inst)                                                      |                                                                       vio_0 |          0 |          0 |       0 |     0 |      0 |      0 |      0 |    0 |          0 |
|     inst                                                            |                                                       vio_0_vio_v3_0_24_vio |        201 |        201 |       0 |     0 |   1099 |      0 |      0 |    0 |          0 |
|       (inst)                                                        |                                                       vio_0_vio_v3_0_24_vio |          0 |          0 |       0 |     0 |     16 |      0 |      0 |    0 |          0 |
|       DECODER_INST                                                  |                                                   vio_0_vio_v3_0_24_decoder |         29 |         29 |       0 |     0 |     50 |      0 |      0 |    0 |          0 |
|       PROBE_IN_INST                                                 |                                              vio_0_vio_v3_0_24_probe_in_one |         90 |         90 |       0 |     0 |    863 |      0 |      0 |    0 |          0 |
|       PROBE_IN_WIDTH_INST                                           |                                               vio_0_vio_v3_0_24_probe_width |          6 |          6 |       0 |     0 |      9 |      0 |      0 |    0 |          0 |
|       U_XSDB_SLAVE                                                  |                                                    vio_0_xsdbs_v1_0_3_xsdbs |         77 |         77 |       0 |     0 |    161 |      0 |      0 |    0 |          0 |
|   wqe_split                                                         |                                                                axi_split2_3 |         35 |         35 |       0 |     0 |     13 |      0 |      0 |    0 |          0 |
+---------------------------------------------------------------------+-----------------------------------------------------------------------------+------------+------------+---------+-------+--------+--------+--------+------+------------+
* Note: The sum of lower-level cells may be larger than their parent cells total, due to cross-hierarchy LUT combining


